1,-29.9979,27.4387,6.69534
2,-29.9963,135.19,6.56345
3,-29.9952,143.314,9.70333
4,-29.9941,55.5596,8.53149
5,-29.9925,-54.366,9.7098
6,-29.9704,60.6156,8.65868
7,-29.97,85.5879,9.7877
8,-29.9678,-0.128,6.91339
9,-29.9672,-107.308,8.16634
10,-29.9671,104.105,8.58976
11,-29.9637,-162.727,6.74933
12,-29.963,-162.092,7.14693
13,-29.9546,-3.86,7.84261
14,-29.949,104.714,7.61405
15,-29.9432,60.9226,6.58105
16,-29.9377,66.2821,7.55223
17,-29.937,38.4184,8.89804
18,-29.9355,15.3236,9.70391
19,-29.9341,105.178,6.73364
20,-29.9286,-97.827,9.94681
21,-29.927,88.6431,6.03355
22,-29.9227,118.099,6.89276
23,-29.9159,44.1173,7.96786
24,-29.9099,176.253,8.49365
25,-29.9067,177.66,7.84005
26,-29.9006,152.07,6.7031
27,-29.8992,40.3092,8.10926
28,-29.897,64.9848,8.48656
29,-29.8926,-136.599,7.1208
30,-29.8888,131.607,8.50144
31,-29.8876,34.0795,9.90208
32,-29.8841,4.4741,7.62056
33,-29.8653,-82.266,6.68759
34,-29.8608,112.182,6.44904
35,-29.8605,-136.317,9.70311
36,-29.8596,-176.595,7.78884
37,-29.8577,132.403,6.88834
38,-29.8528,47.4311,8.30816
39,-29.8459,130.351,8.45345
40,-29.8433,95.4795,6.79124
41,-29.8388,42.3485,7.17857
42,-29.8319,139.119,6.08129
43,-29.8315,-138.892,6.6298
44,-29.8302,45.7124,6.36268
45,-29.8302,61.6583,8.27877
46,-29.8284,-163.8,6.1731
47,-29.828,-1.873,9.51466
48,-29.828,125.193,6.80215
49,-29.8265,26.496,7.41061
50,-29.8233,-45.71,6.84873
51,-29.8228,148.498,6.1457
52,-29.8187,-118.729,6.56719
53,-29.8157,64.4025,6.37002
54,-29.8108,-161.823,8.63264
55,-29.8076,-54.522,6.82709
56,-29.8008,-161.157,6.30324
57,-29.8008,58.7057,8.86163
58,-29.7992,-174.669,6.0839
59,-29.7984,-15.771,6.25883
60,-29.7964,46.901,6.37922
61,-29.7895,26.6482,9.29247
62,-29.7877,-43.601,6.3903
63,-29.7827,15.6615,6.1081
64,-29.7813,178.213,8.08421
65,-29.7791,176.444,9.67224
66,-29.776,-3.283,6.52609
67,-29.7636,-155.788,7.06796
68,-29.7625,54.8324,6.7022
69,-29.7622,-164.37,6.40783
70,-29.7602,136.867,9.17463
71,-29.76,92.405,9.37717
72,-29.7576,134.313,6.45212
73,-29.755,-134.134,6.79267
74,-29.7524,-125.796,8.12735
75,-29.7511,115.386,6.14803
76,-29.7499,125.951,9.85046
77,-29.7333,130.219,8.32104
78,-29.7314,128.609,6.20268
79,-29.7297,17.1588,7.88122
80,-29.7261,61.0044,8.56055
81,-29.7172,-143.156,6.23817
82,-29.7145,123.643,6.24625
83,-29.7126,-173.34,9.51186
84,-29.7079,164.845,9.1254
85,-29.707,114.497,7.77753
86,-29.6914,30.0422,7.27882
87,-29.6888,50.6882,6.58841
88,-29.6866,127.277,6.86887
89,-29.6825,0.421761,6.19479
90,-29.6808,100.944,8.09416
91,-29.6769,-144.083,6.24593
92,-29.6733,128.22,7.01509
93,-29.6695,-163.655,8.86736
94,-29.6664,54.5894,8.43575
95,-29.6631,-133.116,7.17109
96,-29.6588,114.709,8.05634
97,-29.6572,15.7464,8.11765
98,-29.6562,90.7951,6.68716
99,-29.65,116.754,6.3621
100,-29.6435,128.497,6.31289
101,-29.6412,61.5032,7.45846
102,-29.6394,133.332,7.96554
103,-29.6393,-117.621,6.96248
104,-29.6386,-105.96,7.24344
105,-29.6385,-168.738,7.29397
106,-29.6366,49.7703,9.39064
107,-29.6332,72.3774,7.0014
108,-29.6265,-64.016,6.62584
109,-29.6181,-94.528,6.02846
110,-29.6167,176.222,6.27918
111,-29.6095,114.942,6.11837
112,-29.6084,-137.446,7.63051
113,-29.6007,17.7343,6.29969
114,-29.5982,73.6661,6.18861
115,-29.5966,-146.625,9.46673
116,-29.5924,114.266,6.84253
117,-29.5916,-64.21,6.11154
118,-29.5905,28.6773,6.15624
119,-29.5887,-10.38,9.34391
120,-29.5873,135.052,7.00927
121,-29.5869,39.0129,6.72404
122,-29.5845,136.155,6.8973
123,-29.5834,135.576,7.83046
124,-29.5819,38.2593,9.02023
125,-29.5765,-164.163,7.00943
126,-29.5725,95.2664,6.39688
127,-29.5709,29.2217,6.68118
128,-29.5703,131.325,6.99391
129,-29.5695,139.127,8.79657
130,-29.5691,126.742,6.09306
131,-29.5674,18.9264,7.51955
132,-29.566,178.717,6.93745
133,-29.565,-135.535,7.56115
134,-29.564,68.9183,7.29787
135,-29.5572,62.9101,6.43546
136,-29.5564,134.13,8.50951
137,-29.5555,-163.254,8.18087
138,-29.5458,38.9189,7.11615
139,-29.5399,-151.489,8.48601
140,-29.5359,175.936,6.62745
141,-29.5351,-32.339,6.41537
142,-29.535,36.875,8.59397
143,-29.5235,-4.225,6.20383
144,-29.5227,102.892,6.98389
145,-29.517,-173.752,7.28822
146,-29.512,135.711,7.03373
147,-29.5105,50.2059,6.60606
148,-29.5104,127.281,6.64561
149,-29.5068,103.345,7.97953
150,-29.5057,-143.616,6.97152
151,-29.5052,61.3818,7.25936
152,-29.503,-167.025,7.28717
153,-29.5017,137.871,6.61496
154,-29.5008,-148.77,6.37224
155,-29.5005,-118.744,7.31081
156,-29.495,64.519,8.44218
157,-29.4919,120.544,6.57123
158,-29.4905,-9.405,6.08582
159,-29.4892,49.6037,7.35807
160,-29.4874,-121.177,6.54194
161,-29.4864,-60.429,7.71807
162,-29.4862,-1.551,6.73863
163,-29.4807,105.227,6.23682
164,-29.475,14.5951,8.03723
165,-29.4706,57.1153,6.48533
166,-29.4701,74.2659,9.02922
167,-29.4662,95.5429,9.73276
168,-29.4548,27.5911,7.50944
169,-29.4547,138.146,9.65006
170,-29.4539,-129.833,6.54802
171,-29.4518,124.415,7.22825
172,-29.4503,35.7583,7.51235
173,-29.4496,-129.69,7.77597
174,-29.4417,114.506,8.3028
175,-29.4396,-129.574,8.99162
176,-29.4395,-130.049,7.42956
177,-29.4385,18.9193,6.76549
178,-29.4312,-1.922,7.89734
179,-29.4303,114.784,7.68332
180,-29.4279,85.4991,8.81543
181,-29.4268,67.5281,7.76023
182,-29.4251,-32.566,6.7045
183,-29.4232,65.224,8.29897
184,-29.4184,-2.221,7.49713
185,-29.4087,177.298,9.36779
186,-29.4068,-63.702,6.69607
187,-29.406,118.506,6.81649
188,-29.4048,17.6713,6.27329
189,-29.4048,139.959,6.24277
190,-29.3973,-5.801,7.4503
191,-29.3966,-64.503,7.93989
192,-29.3948,-142.669,8.90127
193,-29.3948,25.726,6.96775
194,-29.3926,-129.468,6.82469
195,-29.3868,139.065,6.30307
196,-29.3857,127.057,6.74792
197,-29.3852,128.834,6.23196
198,-29.3837,98.2189,7.26602
199,-29.3767,115.588,6.19661
200,-29.3764,155.271,6.96293
201,-29.3747,-142.363,8.37894
202,-29.3741,-57.11,6.29483
203,-29.3708,128.502,9.25619
204,-29.3645,127.71,6.98996
205,-29.3603,127.285,6.0445
206,-29.3602,8.86968,6.27797
207,-29.3581,-136.47,6.66115
208,-29.3577,-24.941,9.51014
209,-29.3559,63.4166,6.1905
210,-29.3539,-166.089,6.33332
211,-29.3428,98.6588,6.17993
212,-29.3421,139.195,7.8203
213,-29.3418,-67.359,9.76875
214,-29.3395,67.08,6.56075
215,-29.3356,63.0293,6.42737
216,-29.3335,-176.654,7.50378
217,-29.3325,-25.365,6.73742
218,-29.3255,134.299,8.24617
219,-29.3247,-136.272,8.46527
220,-29.3174,65.4708,6.21556
221,-29.3133,-167.496,6.0252
222,-29.3117,25.6084,6.98102
223,-29.3098,26.0724,6.08275
224,-29.3088,131.174,6.92046
225,-29.3061,133.233,7.19787
226,-29.3049,-34.674,6.05371
227,-29.3003,175.424,8.17467
228,-29.2964,115.003,9.75199
229,-29.293,119.633,7.87298
230,-29.2914,1.70128,7.7569
231,-29.2907,134.088,8.33113
232,-29.2842,-11.61,6.24817
233,-29.2797,94.6481,6.35
234,-29.2615,42.0224,7.69241
235,-29.2523,35.696,7.72366
236,-29.2498,16.5246,7.29169
237,-29.2479,60.7364,8.03865
238,-29.2461,121.044,8.86772
239,-29.2317,40.8324,7.42013
240,-29.2289,138.363,8.5422
241,-29.2234,-155.872,7.09933
242,-29.2221,-26.801,7.86797
243,-29.2217,-133.707,6.63593
244,-29.2206,-65.222,9.22729
245,-29.2147,61.0806,9.08852
246,-29.2132,74.6031,9.42914
247,-29.2096,-131.483,6.41476
248,-29.2051,-10.231,9.35555
249,-29.1992,-0.763,7.40315
250,-29.1987,46.3532,6.1852
251,-29.1976,-60.482,6.71704
252,-29.1933,131.424,7.58939
253,-29.192,177.365,9.26923
254,-29.1902,-35.814,7.03246
255,-29.1881,-159.414,6.40054
256,-29.1835,-161.275,6.46132
257,-29.1793,-140.853,9.57171
258,-29.1789,-154.871,7.68321
259,-29.1765,75.7984,7.81473
260,-29.1752,94.4889,6.18702
261,-29.1692,89.5261,6.13542
262,-29.1584,106.294,6.20987
263,-29.1581,-25.204,8.00304
264,-29.1484,-176.425,8.55057
265,-29.1484,-85.107,7.60021
266,-29.143,104.345,7.37218
267,-29.1409,-27.047,7.61095
268,-29.1381,-137.396,8.1068
269,-29.137,-174.565,9.04951
270,-29.1362,154.994,8.37684
271,-29.1341,38.1906,8.92713
272,-29.1336,-174.927,9.59244
273,-29.1327,17.5497,6.94199
274,-29.1208,140.412,6.44116
275,-29.1093,-44.267,6.1127
276,-29.1046,130.269,8.49872
277,-29.1036,-122.147,6.22599
278,-29.1028,-146.388,8.32566
279,-29.1013,-102.509,9.78356
280,-29.0992,-136.507,7.01361
281,-29.0989,-153.81,9.69582
282,-29.0975,-152.859,8.55528
283,-29.0955,20.5317,9.88024
284,-29.0848,-179.158,8.53423
285,-29.0827,66.1272,7.85917
286,-29.0758,-42.825,9.56396
287,-29.073,-106.491,7.21843
288,-29.0722,15.5773,6.31451
289,-29.0709,-62.226,6.12272
290,-29.0681,12.6443,9.6198
291,-29.0678,-75.853,6.49977
292,-29.0632,-3.748,8.93835
293,-29.0613,114.432,8.85867
294,-29.0608,-54.008,7.43694
295,-29.0586,103.515,9.16161
296,-29.0538,66.7538,8.67897
297,-29.0513,-147.537,9.06457
298,-29.0505,-137.107,6.03159
299,-29.0493,-137.005,8.68265
300,-29.0468,-61.836,6.05664
301,-29.0463,-15.79,7.82349
302,-29.0443,159.674,6.29777
303,-29.0425,97.9392,9.43792
304,-29.0393,-175.165,7.92554
305,-29.0381,-152.043,6.48292
306,-29.0346,8.91234,9.00275
307,-29.0313,25.9896,7.47623
308,-29.0312,51.4232,9.24579
309,-29.0298,103.934,6.3371
310,-29.0297,88.4832,6.76162
311,-29.0266,164.082,7.30341
312,-29.0249,64.6334,8.80791
313,-29.022,129.694,6.74444
314,-29.0211,144.187,8.0305
315,-29.0196,128.466,9.62687
316,-29.0148,98.6086,6.01755
317,-29.0139,138.772,8.78105
318,-29.012,-161.393,6.90328
319,-29.0073,50.4139,7.94559
320,-29.0069,120.565,9.60848
321,-29.006,72.1505,7.14809
322,-29.0025,16.322,8.17666
323,-28.9788,98.8526,8.47957
324,-28.9773,-172.058,7.97064
325,-28.972,22.7289,9.5513
326,-28.9718,20.1213,6.0151
327,-28.9716,48.8323,6.22706
328,-28.9704,137.145,6.79426
329,-28.9673,156.852,8.80814
330,-28.9665,-135.827,7.00572
331,-28.9642,133.253,6.43803
332,-28.9621,127.837,9.32768
333,-28.9521,-143.767,6.54417
334,-28.9513,42.9105,8.0228
335,-28.9511,-120.814,7.20312
336,-28.9263,135.267,6.795
337,-28.9182,-120.048,6.22719
338,-28.9151,-142.35,6.24058
339,-28.9143,61.2644,7.43092
340,-28.9056,125.158,9.58415
341,-28.9044,-147.372,6.37398
342,-28.903,-46.214,9.73569
343,-28.8953,-151.535,6.00245
344,-28.89,136.311,6.96195
345,-28.8882,-42.803,6.41265
346,-28.8872,-55.798,6.64088
347,-28.885,-133.693,7.9688
348,-28.8762,-15.897,6.27245
349,-28.8741,-145.829,8.34733
350,-28.8718,93.8357,8.99222
351,-28.8619,-124.21,6.54721
352,-28.8601,-67.657,6.88476
353,-28.8574,8.18651,8.91782
354,-28.8569,177.233,8.04494
355,-28.851,-125.907,6.68671
356,-28.8468,133.423,7.81811
357,-28.8467,54.3262,7.42865
358,-28.8392,144.687,9.4516
359,-28.8366,98.1225,6.64396
360,-28.834,-142.898,8.00029
361,-28.834,-44.012,8.75132
362,-28.8329,-161.754,7.67325
363,-28.8314,-137.262,9.83987
364,-28.8285,26.5308,6.25107
365,-28.8275,133.786,7.38236
366,-28.825,-41.958,6.20366
367,-28.8202,-177.483,7.50898
368,-28.8159,125.443,6.68722
369,-28.8142,137.226,6.46698
370,-28.809,104.051,7.08183
371,-28.8078,-11.856,7.19733
372,-28.8026,133.202,7.68997
373,-28.798,59.0157,6.38143
374,-28.7919,127.471,6.24448
375,-28.7853,127.32,7.54376
376,-28.7808,-21.929,9.34813
377,-28.7805,71.4791,6.70894
378,-28.7779,134.224,7.90046
379,-28.7765,-5.242,7.10938
380,-28.776,-46.47,9.07408
381,-28.7744,99.686,7.69182
382,-28.7736,-153.212,6.09509
383,-28.773,144.234,7.91414
384,-28.7672,-22.837,6.34774
385,-28.7666,-147.957,6.88022
386,-28.7641,-165.486,8.99044
387,-28.7634,98.9595,7.51019
388,-28.7607,-156.548,8.59237
389,-28.7591,1.2926,8.06742
390,-28.7588,103.658,9.1121
391,-28.7525,10.4753,9.96566
392,-28.7508,113.457,6.31286
393,-28.7429,135.123,7.76036
394,-28.7412,159.596,7.45585
395,-28.7391,-137.118,7.6833
396,-28.7383,158.359,7.49036
397,-28.736,149.637,6.98096
398,-28.7334,-4.299,8.99525
399,-28.7329,-42.126,9.61404
400,-28.73,179.753,7.52874
401,-28.7295,-174.091,6.29117
402,-28.7251,-175.532,6.1691
403,-28.7217,-69.311,8.1366
404,-28.72,51.4599,8.37534
405,-28.7147,-26.123,8.14375
406,-28.7139,98.5098,6.41012
407,-28.7101,132.53,8.88366
408,-28.7088,14.7216,7.52204
409,-28.708,18.321,6.1088
410,-28.7051,132.894,7.23086
411,-28.7033,137.956,7.40718
412,-28.7027,129.786,6.98358
413,-28.7003,155.435,8.73365
414,-28.6932,96.5817,9.03795
415,-28.692,-58.648,7.70936
416,-28.6895,125.324,6.56931
417,-28.685,27.9602,6.40444
418,-28.6791,74.8354,6.98751
419,-28.6774,118.155,6.56943
420,-28.6731,177.093,8.3856
421,-28.6722,-45.234,6.17609
422,-28.6718,166.951,7.07629
423,-28.6716,76.9283,8.27651
424,-28.6636,59.5691,8.06415
425,-28.6578,38.5099,6.23999
426,-28.6571,50.7039,6.75639
427,-28.654,-31.367,8.73042
428,-28.652,102.152,8.43609
429,-28.6422,59.9113,6.17825
430,-28.6419,-141.13,7.99531
431,-28.6363,-163.341,8.21302
432,-28.6337,17.9617,8.17955
433,-28.6324,16.2264,7.33628
434,-28.6248,-55.553,8.60415
435,-28.6235,147.809,7.25195
436,-28.623,-136.597,6.84362
437,-28.6226,-140.864,6.77345
438,-28.6051,71.7013,6.90948
439,-28.6005,-58.445,8.85061
440,-28.5991,151.075,7.23594
441,-28.5977,94.6409,7.99853
442,-28.5935,-168.539,7.50468
443,-28.5891,128.632,6.91617
444,-28.5873,68.1847,6.68125
445,-28.5856,29.2963,8.51416
446,-28.5769,-156.219,6.80399
447,-28.5757,140.353,8.13345
448,-28.5731,133.116,8.18751
449,-28.5678,-54.65,6.94762
450,-28.564,-159.407,6.67806
451,-28.5637,45.3143,7.33154
452,-28.5593,89.4044,6.04318
453,-28.5572,53.2393,7.66054
454,-28.5569,143.527,6.0826
455,-28.5475,29.0834,7.93435
456,-28.5466,-88.126,6.13425
457,-28.5441,158.597,8.47357
458,-28.5359,76.5388,8.23976
459,-28.5339,106.961,7.6777
460,-28.5187,135.179,7.08464
461,-28.5155,130.31,8.56112
462,-28.5154,-157.75,6.35349
463,-28.5041,-137.104,9.77627
464,-28.4974,29.9258,6.57545
465,-28.4953,-81.149,6.4768
466,-28.4882,119.521,6.67146
467,-28.4835,-136.223,7.53893
468,-28.4826,-136.904,8.66997
469,-28.4824,123.695,6.51646
470,-28.4823,-80.222,9.4038
471,-28.478,102.938,9.1902
472,-28.4686,-17.344,8.4796
473,-28.4662,133.975,6.93699
474,-28.4593,127.791,8.62811
475,-28.4541,77.0865,6.06641
476,-28.4501,-3.271,6.6386
477,-28.4499,43.4669,8.25366
478,-28.4497,59.2526,9.80815
479,-28.4483,16.1083,6.97592
480,-28.4432,126.299,6.43401
481,-28.4417,-126.711,9.55722
482,-28.4379,-134.802,6.68635
483,-28.436,-55.194,7.11149
484,-28.4252,76.4951,7.84737
485,-28.4218,156.721,6.89041
486,-28.4208,-172.37,7.88135
487,-28.4204,-60.931,6.07392
488,-28.4193,-148.844,9.43127
489,-28.4162,119.258,7.31866
490,-28.4039,86.9265,6.29909
491,-28.4021,154.25,7.86811
492,-28.4015,-161.037,6.20889
493,-28.3818,140.329,6.11925
494,-28.3795,177.208,6.4163
495,-28.3794,42.3777,7.97823
496,-28.3778,19.4294,8.6135
497,-28.3731,73.0984,6.0564
498,-28.3428,-62.036,7.08727
499,-28.3378,-39.677,8.04652
500,-28.3281,-127.222,9.79638
501,-28.3196,-29.182,9.33761
502,-28.3183,27.6798,6.22661
503,-28.317,16.0061,6.35126
504,-28.3159,127.363,6.9828
505,-28.314,74.3999,7.74427
506,-28.3127,17.385,6.58822
507,-28.3076,-32.512,6.11913
508,-28.3055,-165.913,8.18646
509,-28.3022,71.8538,6.44834
510,-28.2987,-164.6,8.05222
511,-28.2919,-126.892,6.00328
512,-28.2906,103.215,8.67951
513,-28.2864,28.785,7.31503
514,-28.2856,133.515,9.08857
515,-28.2821,14.6042,8.97288
516,-28.2804,-13.352,7.13461
517,-28.2758,130.158,6.71667
518,-28.2734,-6.251,6.07312
519,-28.2719,119.994,6.5245
520,-28.2699,-142.24,6.21358
521,-28.2657,74.0743,6.65457
522,-28.2587,-49.484,6.10068
523,-28.2584,88.6707,6.07973
524,-28.2557,40.0938,9.6217
525,-28.255,-171.14,8.56701
526,-28.2541,-162.856,7.78114
527,-28.2478,23.5578,7.12894
528,-28.2429,175.894,6.83563
529,-28.2416,77.1249,7.2892
530,-28.2347,66.1703,7.46325
531,-28.2259,95.5037,6.03971
532,-28.2165,16.3199,9.78832
533,-28.2161,176.551,8.65005
534,-28.2124,-136.603,6.42071
535,-28.2086,-126.386,8.12374
536,-28.2049,-165.257,7.9685
537,-28.2005,-63.017,6.10798
538,-28.2004,99.8035,9.56426
539,-28.1995,15.6043,6.04604
540,-28.1962,55.7889,6.19712
541,-28.1958,-135.946,6.88772
542,-28.1948,64.3941,6.71266
543,-28.1843,75.8357,6.15563
544,-28.181,105.646,6.50241
545,-28.1804,-82.243,6.38753
546,-28.1775,71.6049,9.52636
547,-28.1638,-136.464,8.58316
548,-28.1583,133.87,6.30727
549,-28.1516,43.0849,8.117
550,-28.1512,92.0737,9.94055
551,-28.1489,-32.756,6.54963
552,-28.1434,8.65274,6.60441
553,-28.1414,-162.005,6.02316
554,-28.1355,76.1272,6.08621
555,-28.1315,30.6679,6.48445
556,-28.1307,-163.497,6.27583
557,-28.1245,130.139,7.98274
558,-28.1227,152.687,8.15573
559,-28.1187,65.9885,8.40683
560,-28.1159,91.7065,6.42742
561,-28.1087,28.4898,6.00603
562,-28.0957,-2.097,8.95144
563,-28.0933,-60.754,7.65361
564,-28.0916,115.718,6.50301
565,-28.0873,-120.375,8.49693
566,-28.0853,95.3159,7.95386
567,-28.0782,96.5641,7.28734
568,-28.0763,9.09232,6.7391
569,-28.0758,-141.985,8.05313
570,-28.0687,-3.288,8.2008
571,-28.0681,151.882,8.80136
572,-28.0636,-91.403,6.32434
573,-28.0592,144.251,7.10253
574,-28.0584,-165.049,9.50028
575,-28.0577,14.3351,7.12926
576,-28.0568,179.724,6.42893
577,-28.053,135.499,7.16923
578,-28.0474,50.7126,6.52472
579,-28.0463,-45.989,6.43669
580,-28.0449,-135.668,6.01958
581,-28.0436,67.9326,6.17107
582,-28.0399,137.846,6.21701
583,-28.0278,65.3798,6.15275
584,-28.0228,-150.2,7.83559
585,-28.0221,-142.953,6.48641
586,-28.017,-158.993,6.55646
587,-28.0109,176.537,6.49046
588,-28.0081,171.199,7.94358
589,-28.0077,-165.606,8.77815
590,-27.9996,140.716,7.52092
591,-27.996,-40.53,7.30918
592,-27.9904,-176.383,6.92169
593,-27.9843,12.8872,7.02638
594,-27.9794,-12.126,8.4575
595,-27.9745,101.555,6.17631
596,-27.968,9.71373,7.36399
597,-27.9676,132.945,7.36406
598,-27.9635,-88.849,6.7812
599,-27.9581,71.0566,6.28074
600,-27.9531,64.5633,6.39071
601,-27.9509,27.6901,8.55053
602,-27.9462,179.446,8.28029
603,-27.9445,159.715,6.70179
604,-27.9437,-132.724,6.30556
605,-27.9424,148.919,6.08732
606,-27.9406,135.713,6.81998
607,-27.937,126.221,6.70544
608,-27.9303,-135.741,6.04374
609,-27.9283,-33.215,6.35207
610,-27.9258,53.2733,6.22606
611,-27.912,-141.755,9.24348
612,-27.9096,-140.248,8.18595
613,-27.9033,39.9139,8.18936
614,-27.9012,-16.067,6.50202
615,-27.9006,177.717,9.04489
616,-27.8986,43.0607,7.03458
617,-27.8979,18.9964,6.18673
618,-27.8872,-145.162,9.51137
619,-27.8852,11.8289,7.64141
620,-27.8788,-140.463,7.26179
621,-27.8787,-144.62,6.74245
622,-27.8755,101.866,6.42253
623,-27.87,-160.351,6.13777
624,-27.868,-137.33,7.14596
625,-27.8659,-158.012,6.328
626,-27.8628,132.25,7.73471
627,-27.8597,64.0347,6.89108
628,-27.8494,141.026,6.09972
629,-27.8492,120.954,6.01342
630,-27.8467,-132.996,8.02286
631,-27.8437,-54.293,7.43401
632,-27.8433,148.128,6.08143
633,-27.8421,134.269,6.30921
634,-27.8417,-178.299,6.57744
635,-27.8381,-141.956,6.18958
636,-27.8361,65.4828,7.20432
637,-27.8233,96.9451,8.52549
638,-27.8232,63.5508,9.99982
639,-27.8227,68.3459,6.98437
640,-27.8181,154.177,6.42769
641,-27.8137,-53.19,6.9309
642,-27.8131,-145.596,7.68807
643,-27.8093,133.232,6.55294
644,-27.8046,34.1474,7.16252
645,-27.8029,-135.877,7.14761
646,-27.7969,149.814,6.18329
647,-27.7907,-137.66,6.2225
648,-27.7904,179.858,6.51517
649,-27.7887,129.315,9.11886
650,-27.7698,-151.312,8.30963
651,-27.764,-178.017,6.34206
652,-27.7533,47.5137,6.14751
653,-27.7464,-121.066,8.3538
654,-27.7424,-176.643,6.37108
655,-27.7301,-157.821,7.6658
656,-27.7228,-4.254,8.70929
657,-27.7205,-160.132,6.53604
658,-27.715,-158.851,6.6336
659,-27.7135,-134.059,7.35606
660,-27.7131,-125.479,7.6446
661,-27.7116,-127.146,6.45142
662,-27.7075,-165.596,6.69561
663,-27.7038,129.961,8.29076
664,-27.7024,75.8793,7.28876
665,-27.7003,135.458,6.33942
666,-27.7001,68.9422,7.75961
667,-27.6958,148.608,6.20685
668,-27.6942,170.994,7.03425
669,-27.6913,104.703,6.04252
670,-27.6893,-31.468,6.11646
671,-27.6859,-138.44,6.4572
672,-27.6853,-179.942,7.59683
673,-27.6844,-46.169,7.9848
674,-27.6834,90.9064,6.06158
675,-27.6762,-178.461,7.24186
676,-27.674,-32.177,6.13283
677,-27.668,153.803,6.71228
678,-27.6662,-159.814,6.00289
679,-27.6649,166.046,6.00565
680,-27.6478,119.494,8.9764
681,-27.6474,-154.497,6.13611
682,-27.6367,-170.242,8.24313
683,-27.6343,14.6113,6.73659
684,-27.6335,-120.84,8.97505
685,-27.6274,175.524,6.61599
686,-27.6256,68.4785,6.30316
687,-27.6245,-5.902,6.59846
688,-27.6172,-143.849,7.09549
689,-27.6124,102.296,7.11244
690,-27.5982,1.21897,6.67433
691,-27.5916,86.4752,6.78102
692,-27.5872,-169.962,6.84546
693,-27.5788,65.2044,6.22228
694,-27.577,-122.836,7.43721
695,-27.5739,-179.751,8.59273
696,-27.5682,-157.62,6.24284
697,-27.5682,149.125,7.8889
698,-27.5606,136.389,9.99937
699,-27.5403,-136.294,6.60026
700,-27.5377,49.4794,9.75809
701,-27.5321,66.3098,6.78699
702,-27.5311,148.951,8.15484
703,-27.5292,95.4398,7.47281
704,-27.5288,-58.05,8.03464
705,-27.528,156.834,8.7348
706,-27.5227,-177.974,6.55838
707,-27.5216,20.875,7.59482
708,-27.5203,-176.561,6.34926
709,-27.514,-178.37,7.80995
710,-27.5121,133.428,6.26087
711,-27.505,11.5148,7.52624
712,-27.4987,-31.578,7.33785
713,-27.4982,-111.147,6.53542
714,-27.4879,-171.975,8.58696
715,-27.4878,93.9803,7.02412
716,-27.4877,87.1597,6.72606
717,-27.4873,-133.13,9.72549
718,-27.4848,160.128,8.2325
719,-27.4813,178.541,6.23992
720,-27.4792,95.2256,8.9258
721,-27.4736,10.0322,7.86522
722,-27.4715,9.30383,6.65955
723,-27.467,-5.404,6.53116
724,-27.4644,-123.546,6.7197
725,-27.4484,51.6934,7.73645
726,-27.4479,-30.836,6.04388
727,-27.4476,141.424,6.04462
728,-27.438,46.7855,7.20335
729,-27.4343,-170.154,8.37379
730,-27.4315,136.971,7.52878
731,-27.4292,129.158,6.63106
732,-27.4236,-172.386,9.41456
733,-27.4199,-179.033,6.04959
734,-27.4177,93.6555,9.50921
735,-27.4173,-32.658,8.96722
736,-27.4169,13.2966,7.71253
737,-27.4168,-170.379,6.93262
738,-27.4133,123.019,6.10137
739,-27.4121,54.9459,8.53104
740,-27.4116,44.6422,6.55853
741,-27.4102,-102.821,9.71744
742,-27.4007,-123.949,7.65907
743,-27.3989,-31.899,7.18192
744,-27.3878,50.0263,6.27931
745,-27.3858,22.7374,6.24049
746,-27.3841,45.618,6.71415
747,-27.3785,130.146,6.39937
748,-27.3767,0.72918,6.91502
749,-27.3721,117.632,6.94034
750,-27.3698,123.435,7.95984
751,-27.3686,-120.443,9.46021
752,-27.3673,-134.182,8.48938
753,-27.3645,26.2738,8.49615
754,-27.3636,94.2367,8.55101
755,-27.3599,-163.166,6.07048
756,-27.3592,-164.265,7.22639
757,-27.3555,148.712,7.29003
758,-27.3541,134.355,8.65256
759,-27.3532,-69.864,6.19961
760,-27.3473,-178.156,7.27627
761,-27.3473,-69.355,6.74524
762,-27.3466,-143.971,6.07984
763,-27.3427,102.034,8.46257
764,-27.3409,-177.477,6.62193
765,-27.3368,136.711,9.12543
766,-27.3294,-131.408,6.25319
767,-27.3271,36.0049,6.59268
768,-27.3252,-60.254,6.91185
769,-27.3151,35.7446,7.54195
770,-27.314,22.9796,6.04199
771,-27.3088,-78.197,8.31912
772,-27.3041,69.2867,7.25129
773,-27.303,128.805,6.3376
774,-27.2999,39.5879,9.13182
775,-27.291,19.176,6.15906
776,-27.2886,106.097,8.30274
777,-27.2874,171.586,9.59638
778,-27.2746,162.424,6.52407
779,-27.2733,-99.34,8.74861
780,-27.266,-179.708,6.3474
781,-27.2651,-138.449,6.01901
782,-27.2537,167.446,6.74143
783,-27.2532,-163.461,6.65667
784,-27.2528,-2.267,7.30605
785,-27.2489,-172.399,6.31748
786,-27.2439,102.175,6.27774
787,-27.2424,-178.049,7.57773
788,-27.2323,-155.969,6.30926
789,-27.2311,-33.25,9.72531
790,-27.2288,130.857,9.8654
791,-27.2249,36.9743,6.45441
792,-27.2224,156.526,8.07224
793,-27.2207,-120.745,9.33938
794,-27.2164,-177.757,7.0395
795,-27.2127,43.4974,6.04243
796,-27.2087,-162.56,6.53343
797,-27.2067,44.7799,6.77516
798,-27.2049,130.55,7.3814
799,-27.1999,-150.2,9.01329
800,-27.1764,-175.822,6.57645
801,-27.1742,-60.511,8.64128
802,-27.1611,43.1959,9.23845
803,-27.1524,23.1432,8.00076
804,-27.1499,129.597,6.93364
805,-27.1476,-64.784,7.0779
806,-27.1421,-97.029,8.18638
807,-27.1413,150.155,6.40436
808,-27.1338,157.47,6.38655
809,-27.1259,-122.906,7.18654
810,-27.1252,124.977,7.09301
811,-27.1249,-162.854,8.99095
812,-27.1103,-48.019,8.68501
813,-27.1092,39.2886,7.73248
814,-27.108,-121.947,6.61857
815,-27.1076,-132.431,6.8941
816,-27.1073,-3.469,7.81191
817,-27.1056,116.604,6.70346
818,-27.1044,144.223,6.0573
819,-27.0928,-138.387,7.92394
820,-27.091,152.156,9.99755
821,-27.0879,16.5677,6.01477
822,-27.0842,1.62064,9.55553
823,-27.084,30.0168,9.24289
824,-27.0813,55.4504,7.86301
825,-27.0782,-165.346,6.12998
826,-27.0694,40.024,6.08225
827,-27.0651,102.162,6.20394
828,-27.0596,-0.49,6.59414
829,-27.0518,52.9364,8.06304
830,-27.0439,39.5299,7.2104
831,-27.0435,141.434,8.5317
832,-27.0366,-167.873,6.69808
833,-27.0354,86.4719,6.6235
834,-27.0343,31.5117,8.2532
835,-27.0079,93.3085,9.57369
836,-27.0065,13.4724,9.42217
837,-27.0039,-129.243,9.61973
838,-27.0029,-120.571,6.55002
839,-26.9998,42.9505,7.05868
840,-26.9975,66.4211,7.115
841,-26.9969,51.2381,7.73403
842,-26.9954,22.2586,9.80884
843,-26.9934,128.14,6.58837
844,-26.9892,-138.717,6.27655
845,-26.9891,71.5696,6.0079
846,-26.9822,130.135,6.94051
847,-26.9806,25.1735,6.46486
848,-26.9774,-49.377,6.0952
849,-26.9737,-147.654,9.68016
850,-26.9635,-5.136,8.01068
851,-26.9627,13.8881,7.30272
852,-26.9617,76.8753,6.85015
853,-26.954,111.756,9.42189
854,-26.9534,-87.308,7.17044
855,-26.9498,-162.318,9.21725
856,-26.9458,83.1642,6.01822
857,-26.941,-138.947,6.74203
858,-26.9389,-167.553,9.25999
859,-26.9297,167.704,6.39988
860,-26.925,115.789,6.3418
861,-26.9242,129.798,6.64613
862,-26.9211,133.454,7.01079
863,-26.9197,-52.94,6.63914
864,-26.914,-166.381,7.47138
865,-26.9123,-76.063,9.0896
866,-26.9116,93.8147,9.03509
867,-26.9079,37.887,7.63232
868,-26.9075,-67.922,6.2994
869,-26.9049,91.4696,7.19189
870,-26.9026,96.3692,6.6184
871,-26.9021,-59.48,8.60747
872,-26.8996,27.9066,8.33325
873,-26.8963,-169.684,9.75431
874,-26.8948,-5.435,6.99075
875,-26.8946,116.441,6.17765
876,-26.8945,-175.046,9.52107
877,-26.8945,-165.567,9.86655
878,-26.8937,127.592,9.32326
879,-26.8935,52.814,8.88433
880,-26.89,-66.999,6.34933
881,-26.8888,-122.704,7.9288
882,-26.8853,138.728,6.6642
883,-26.8789,36.8881,6.95327
884,-26.8766,42.5701,9.96454
885,-26.8683,129.906,7.01885
886,-26.8665,-33.712,7.3667
887,-26.8642,130.391,9.05636
888,-26.8549,130.944,6.40763
889,-26.8533,24.6467,7.67043
890,-26.8521,128.866,9.40766
891,-26.8517,136.794,8.21005
892,-26.8447,-142.72,9.89668
893,-26.8402,-50.121,8.85182
894,-26.8389,101.688,6.68023
895,-26.8329,158.771,7.0146
896,-26.8298,161.233,9.58587
897,-26.8276,146.417,9.92833
898,-26.8255,99.0969,6.04389
899,-26.8229,-26.177,6.64861
900,-26.8152,-119.954,6.69711
901,-26.8105,36.0894,6.42015
902,-26.8104,67.547,6.64508
903,-26.8087,151.092,9.74626
904,-26.8082,-162.674,7.72871
905,-26.8049,-170.602,8.27161
906,-26.8035,-75.815,8.67345
907,-26.7972,-31.498,6.56579
908,-26.792,-172.78,8.84665
909,-26.7856,0.356764,6.91548
910,-26.7841,176.627,8.73581
911,-26.7798,116.374,8.88757
912,-26.7689,-165.034,9.20208
913,-26.767,131.102,6.80371
914,-26.7578,-46.478,6.35248
915,-26.7561,-142.451,6.29681
916,-26.7558,66.8058,6.97703
917,-26.7524,136.268,7.32855
918,-26.7506,-145.925,7.9879
919,-26.7503,-177.838,6.54775
920,-26.7482,166.054,6.76478
921,-26.7473,137.459,9.17992
922,-26.7424,179.81,8.44253
923,-26.7403,-0.345,6.32736
924,-26.7384,-5.718,7.51118
925,-26.736,47.1625,9.67697
926,-26.7348,-174.769,6.13271
927,-26.7343,-49.903,7.05448
928,-26.7331,28.5997,6.87488
929,-26.7264,-162.83,7.39067
930,-26.7262,46.5294,8.68934
931,-26.7229,167.636,9.46467
932,-26.7194,121.474,9.51408
933,-26.7143,52.831,6.35531
934,-26.7132,126.505,6.03329
935,-26.7118,99.6929,6.91831
936,-26.7101,36.3214,8.95728
937,-26.7076,175.309,8.37597
938,-26.7062,-170.064,6.36447
939,-26.705,135.075,6.47301
940,-26.7008,178.714,8.37407
941,-26.6978,137.202,6.96471
942,-26.6974,-151.843,9.01336
943,-26.6931,-29.507,8.88105
944,-26.6878,153.402,6.73913
945,-26.6839,130.725,8.64723
946,-26.6784,66.1027,9.00418
947,-26.6714,106.146,6.59444
948,-26.6691,94.7614,6.90255
949,-26.6663,116.155,7.25338
950,-26.6639,114.216,7.44125
951,-26.6599,-123.079,6.53405
952,-26.6558,-56.038,7.25532
953,-26.6519,-116.713,6.12725
954,-26.6517,70.1852,6.24868
955,-26.6472,-116.093,7.61651
956,-26.642,-173.899,6.43909
957,-26.6362,150.145,7.99649
958,-26.6281,179.032,7.53365
959,-26.6265,-163.01,9.42329
960,-26.6253,-178.625,7.75452
961,-26.6243,167.916,7.17401
962,-26.619,158.002,7.21647
963,-26.6189,-147.17,6.30236
964,-26.6113,-0.434,6.12101
965,-26.6108,121.254,7.0512
966,-26.6105,17.0555,6.88297
967,-26.6088,130.464,7.58688
968,-26.6085,83.7917,8.93842
969,-26.6076,-115.328,6.65666
970,-26.6052,124.828,6.7347
971,-26.6035,170.48,8.64624
972,-26.5997,50.3237,9.53574
973,-26.5802,178.324,8.71569
974,-26.5796,-157.723,7.41834
975,-26.5784,-167.496,8.78488
976,-26.5611,83.368,8.4383
977,-26.5575,-98.3,8.41475
978,-26.5539,148.607,6.04176
979,-26.5498,-140.792,6.76532
980,-26.5488,-168.3,8.60807
981,-26.5484,-171.186,9.46636
982,-26.5479,-160.006,8.51467
983,-26.5448,-67.28,6.80641
984,-26.5411,134.145,6.88298
985,-26.5383,-129.254,6.17284
986,-26.5313,149.024,8.14748
987,-26.5266,115.575,6.18793
988,-26.523,168.896,7.37038
989,-26.5222,71.1665,7.83439
990,-26.5176,55.1926,7.28073
991,-26.5141,143.334,7.53775
992,-26.5102,-130.083,7.47109
993,-26.5101,-6.747,7.83151
994,-26.5075,-148.363,7.81144
995,-26.505,-143.431,6.582
996,-26.4979,137.046,6.19424
997,-26.4945,-60.842,7.35696
998,-26.4874,11.529,6.57285
999,-26.4837,-161.614,6.06234
1000,-26.4825,-130.958,9.33828
1001,-26.4731,130.833,8.03649
1002,-26.4724,-163.211,7.4803
1003,-26.4715,54.0498,9.2582
1004,-26.4706,115.992,8.52692
1005,-26.4593,-178.55,6.67452
1006,-26.4492,136.4,6.83255
1007,-26.4485,-162.647,8.70441
1008,-26.4428,105.359,7.4914
1009,-26.4344,-49.531,7.08953
1010,-26.4221,76.8858,7.11805
1011,-26.4128,176.298,8.45187
1012,-26.4093,-63.711,6.47651
1013,-26.4085,114.163,6.74823
1014,-26.4046,-130.705,7.67629
1015,-26.4006,-156.67,9.29747
1016,-26.4002,102.952,7.93612
1017,-26.391,8.87098,8.32849
1018,-26.3873,136.268,8.41812
1019,-26.3863,25.1366,6.78742
1020,-26.381,147.092,6.68377
1021,-26.3762,131.675,9.17732
1022,-26.3745,28.249,6.33668
1023,-26.3632,39.4902,7.33149
1024,-26.3626,-147.263,7.37493
1025,-26.341,99.0531,6.16166
1026,-26.3408,-33.57,6.24059
1027,-26.34,131.429,9.78448
1028,-26.3384,135.138,6.97389
1029,-26.3371,92.2939,9.58984
1030,-26.3368,-148.23,6.40193
1031,-26.3333,163.822,6.35821
1032,-26.3259,-130.937,8.11316
1033,-26.3235,-159.63,8.38275
1034,-26.3235,108.898,6.3272
1035,-26.3192,8.52803,7.00123
1036,-26.3189,-53.257,8.01159
1037,-26.3166,-164.637,8.04454
1038,-26.3164,-163.901,6.06814
1039,-26.3104,-103.571,6.03035
1040,-26.3077,-123.744,8.26467
1041,-26.3067,-149.252,8.17409
1042,-26.3066,45.3051,6.43397
1043,-26.3029,148.222,8.31496
1044,-26.3027,-168.31,6.4764
1045,-26.2996,-5.388,7.01843
1046,-26.2995,154.8,6.18322
1047,-26.2989,126.616,6.99605
1048,-26.2938,-61.026,7.09387
1049,-26.2936,159.186,8.16085
1050,-26.2931,-155.816,8.59099
1051,-26.2903,86.5287,8.09974
1052,-26.2861,115.873,6.91999
1053,-26.2807,167.874,9.71311
1054,-26.2683,102.195,9.15825
1055,-26.2666,112.961,8.20368
1056,-26.2652,135.428,9.53164
1057,-26.259,-151.788,7.21787
1058,-26.2577,37.8613,8.24246
1059,-26.2561,-49.43,7.56686
1060,-26.2504,78.4192,6.02619
1061,-26.2462,-51.813,6.06167
1062,-26.2409,42.1695,6.84704
1063,-26.2351,49.2795,6.34011
1064,-26.2343,49.5821,7.31205
1065,-26.232,-137.76,6.17882
1066,-26.2314,135.118,6.1996
1067,-26.2225,116.128,6.40936
1068,-26.2125,175.844,8.38759
1069,-26.212,-68.443,8.07582
1070,-26.2093,135.783,7.9741
1071,-26.2037,39.716,8.20566
1072,-26.2004,50.3914,8.8517
1073,-26.2003,147.215,7.17488
1074,-26.2001,93.4857,8.90389
1075,-26.1968,-23.438,6.64776
1076,-26.1902,176.672,8.92336
1077,-26.19,157.261,7.85677
1078,-26.1823,-129.095,7.85138
1079,-26.1812,163.919,7.34014
1080,-26.1768,-126.96,6.33842
1081,-26.1764,156.317,7.45045
1082,-26.1748,-1.927,7.13529
1083,-26.1742,154.457,6.29845
1084,-26.1702,-49.998,8.28068
1085,-26.1674,130.912,8.79828
1086,-26.1664,126.607,7.55339
1087,-26.1582,44.1608,6.12946
1088,-26.1567,-149.008,8.39714
1089,-26.1542,61.6391,6.3217
1090,-26.1501,65.7166,6.04592
1091,-26.1365,-114.588,6.05919
1092,-26.1338,-149.467,7.82203
1093,-26.132,-135.745,7.01267
1094,-26.1199,50.6224,7.57745
1095,-26.1148,-172.824,6.46983
1096,-26.1127,-159.942,7.76017
1097,-26.1057,-58.452,8.80845
1098,-26.1033,146.733,6.13798
1099,-26.1003,-168.155,7.15008
1100,-26.0977,114.024,9.12885
1101,-26.0971,-152.168,6.74711
1102,-26.095,14.0987,9.95632
1103,-26.0933,-173.211,6.87131
1104,-26.0871,-58.342,8.81805
1105,-26.0853,-53.188,6.09992
1106,-26.0845,-141.563,9.71564
1107,-26.0841,-67.901,8.76136
1108,-26.0789,-167.685,7.16434
1109,-26.0766,-178.73,6.58501
1110,-26.0741,173.382,8.12492
1111,-26.0729,125.118,6.76362
1112,-26.0728,134.285,6.21644
1113,-26.0724,97.8608,6.29501
1114,-26.0639,129.944,7.82678
1115,-26.0598,51.3855,6.2992
1116,-26.0596,-159.247,6.32094
1117,-26.0576,48.765,6.00441
1118,-26.0547,-177.851,8.23946
1119,-26.0546,97.5174,8.69015
1120,-26.0517,65.9745,7.1009
1121,-26.0499,28.6106,6.17151
1122,-26.0435,23.9158,8.19484
1123,-26.0207,-155.728,6.38525
1124,-26.0197,36.5335,9.1899
1125,-26.0121,100.926,6.37721
1126,-26.0116,-143.539,8.31294
1127,-26.0099,-117.196,6.54393
1128,-26.0097,157.949,7.3685
1129,-26.0075,-97.828,8.09733
1130,-26.0068,-178.133,6.25036
1131,-25.9959,39.4058,8.48635
1132,-25.9897,-148.31,6.62726
1133,-25.9837,147.224,9.30144
1134,-25.9816,114.715,6.54678
1135,-25.9815,167.4,8.577
1136,-25.9718,-149.21,9.12604
1137,-25.9662,-152.91,6.72712
1138,-25.9652,-10.371,6.70165
1139,-25.9649,-110.853,6.51956
1140,-25.9624,136.869,6.83634
1141,-25.9617,-123.756,7.92501
1142,-25.959,-65.735,6.41487
1143,-25.9578,22.9315,6.15383
1144,-25.9567,178.559,8.13
1145,-25.9496,49.2925,6.29174
1146,-25.9448,-152.423,6.24059
1147,-25.9399,141.195,7.57653
1148,-25.9349,113.884,7.94374
1149,-25.9348,146.281,7.25275
1150,-25.9339,35.0767,7.2541
1151,-25.933,107.706,9.53983
1152,-25.9235,169.335,6.00483
1153,-25.923,178.28,6.29529
1154,-25.92,-159.344,6.33661
1155,-25.9184,88.4738,9.96981
1156,-25.917,158.663,8.6586
1157,-25.9153,-170.604,7.7665
1158,-25.9132,-173.088,8.00103
1159,-25.9083,97.8888,6.08059
1160,-25.9069,76.1806,6.05325
1161,-25.9058,126.709,6.15944
1162,-25.9052,100.529,6.80288
1163,-25.9021,72.9492,7.03337
1164,-25.8964,104.971,6.24843
1165,-25.8936,-152.63,8.26825
1166,-25.8881,102.056,7.21532
1167,-25.8876,-165.936,6.23919
1168,-25.8858,41.8852,7.90764
1169,-25.8845,-172.113,8.2928
1170,-25.8841,-155.794,6.02821
1171,-25.8838,-85.82,8.94015
1172,-25.8831,4.52894,7.32781
1173,-25.8813,101.342,6.57823
1174,-25.881,124.736,8.04701
1175,-25.8754,-163.889,8.81307
1176,-25.8703,-142.949,6.13921
1177,-25.8677,34.3221,8.97177
1178,-25.8642,161.177,6.48357
1179,-25.8635,8.4948,9.24351
1180,-25.8598,132.089,7.23342
1181,-25.8539,136.734,8.47437
1182,-25.8533,157.868,6.39236
1183,-25.8457,104.415,6.5857
1184,-25.845,134.089,6.27428
1185,-25.841,178.774,8.79144
1186,-25.8407,167.217,8.41054
1187,-25.8331,39.961,6.4655
1188,-25.8261,-67.463,8.50259
1189,-25.8233,166.337,9.63767
1190,-25.8191,24.042,7.71246
1191,-25.8059,87.4419,6.47595
1192,-25.8045,-177.854,6.72606
1193,-25.8042,129.638,6.76726
1194,-25.8031,122.493,6.49705
1195,-25.7903,159.58,6.61087
1196,-25.7858,0.738689,9.67492
1197,-25.7827,51.5669,6.80378
1198,-25.7824,-72.733,7.26889
1199,-25.7755,45.6087,6.91874
1200,-25.7744,102.329,7.39429
1201,-25.7732,-155.856,6.08308
1202,-25.7673,12.6607,9.01608
1203,-25.7653,22.9795,7.15294
1204,-25.7624,158.769,9.37213
1205,-25.762,-122.576,9.06295
1206,-25.7603,-36.231,7.2337
1207,-25.7569,132.521,6.10268
1208,-25.7521,25.2142,7.89278
1209,-25.7499,-146.18,7.49697
1210,-25.7453,43.6798,6.79444
1211,-25.7412,15.2115,8.67799
1212,-25.7404,-166.601,6.10507
1213,-25.7382,128.068,7.53936
1214,-25.7374,13.2853,6.79475
1215,-25.7359,-169.798,8.42529
1216,-25.7327,132.944,6.2443
1217,-25.7325,144.99,6.59458
1218,-25.7315,158.364,7.73717
1219,-25.7274,-170.819,8.97406
1220,-25.7262,29.7179,7.61339
1221,-25.7262,91.9414,6.18965
1222,-25.7243,11.4467,6.0322
1223,-25.7234,8.46804,8.7845
1224,-25.7207,89.7925,8.68984
1225,-25.7147,-102.171,8.34278
1226,-25.7146,-129.044,7.64608
1227,-25.7109,-58.97,6.31008
1228,-25.7089,124.481,8.63421
1229,-25.7079,113.867,8.30708
1230,-25.707,171.21,6.74722
1231,-25.7025,140.379,8.27259
1232,-25.7021,-172.955,7.70703
1233,-25.6973,126.72,7.25699
1234,-25.6932,-177.69,6.35266
1235,-25.6888,13.1368,6.82179
1236,-25.6867,87.5878,6.75671
1237,-25.6828,5.16642,6.73194
1238,-25.6729,150.196,6.03379
1239,-25.665,34.8033,9.21644
1240,-25.6564,122.882,7.75462
1241,-25.6544,94.4289,7.92155
1242,-25.6536,145.741,8.49486
1243,-25.6519,131.871,6.99103
1244,-25.6408,-172.524,7.67114
1245,-25.638,33.4414,6.06033
1246,-25.6372,-123.207,9.25389
1247,-25.6358,27.3135,7.3982
1248,-25.632,-173.54,6.57168
1249,-25.6309,125.067,6.95723
1250,-25.6307,-136.431,6.25785
1251,-25.6304,-132.332,9.5185
1252,-25.6295,-163.212,7.88984
1253,-25.6279,94.6526,8.03085
1254,-25.6277,137.721,6.29674
1255,-25.6253,155.637,6.08875
1256,-25.6098,15.1223,8.52817
1257,-25.6087,23.8697,8.06684
1258,-25.6073,-4.813,7.8685
1259,-25.6062,-157.909,9.00552
1260,-25.5992,7.4378,8.24875
1261,-25.5907,-172.763,6.7137
1262,-25.5884,137.98,6.03538
1263,-25.5872,112.797,7.06253
1264,-25.5867,-177.522,7.90474
1265,-25.5865,100.986,6.6166
1266,-25.5755,158.874,8.22933
1267,-25.5737,165.285,6.14988
1268,-25.5735,77.0653,8.14089
1269,-25.5613,23.7139,6.76279
1270,-25.5574,-151.776,6.33534
1271,-25.5566,-133.814,6.10983
1272,-25.556,-149.828,9.31859
1273,-25.5467,-130.87,9.85404
1274,-25.5456,150.319,6.60291
1275,-25.5446,166.893,9.81779
1276,-25.5444,146.342,6.28129
1277,-25.5442,132.483,6.25172
1278,-25.5438,-112.94,7.04532
1279,-25.538,144.856,8.79006
1280,-25.536,-144.089,6.8643
1281,-25.5308,-61.291,8.4673
1282,-25.5273,144.059,8.19087
1283,-25.5242,-60.992,7.48859
1284,-25.5231,12.3827,9.49032
1285,-25.5192,147.011,8.69413
1286,-25.5084,-146.962,6.34726
1287,-25.5079,8.24519,9.9263
1288,-25.5048,97.5626,6.32897
1289,-25.5036,158.554,8.70482
1290,-25.502,33.3416,7.70658
1291,-25.4995,-4.016,7.59269
1292,-25.4976,14.6582,7.03088
1293,-25.4968,157.999,8.8125
1294,-25.4942,-149.975,6.25969
1295,-25.4925,103.976,7.06388
1296,-25.485,-159.432,9.42401
1297,-25.4815,-170.63,6.17205
1298,-25.4811,176.647,6.15918
1299,-25.4799,-169.618,9.29515
1300,-25.4792,95.0229,6.87281
1301,-25.4769,27.9513,7.48125
1302,-25.4763,33.5894,6.46758
1303,-25.474,23.5028,6.28364
1304,-25.4736,152.56,6.52524
1305,-25.4729,-149.65,6.91742
1306,-25.4728,124.796,7.67017
1307,-25.4694,-160.418,8.5273
1308,-25.4673,-138.206,6.77466
1309,-25.4652,157.357,7.06345
1310,-25.4644,-57.556,6.37812
1311,-25.4638,-177.177,9.41608
1312,-25.4637,123.112,8.561
1313,-25.4612,-102.084,6.3711
1314,-25.4594,30.5055,7.67945
1315,-25.4577,138.144,7.33955
1316,-25.4535,-60.176,6.54129
1317,-25.4469,134.504,6.15696
1318,-25.444,17.0317,7.41788
1319,-25.4303,-155.548,6.15068
1320,-25.4254,-139.295,7.21071
1321,-25.4238,118.149,6.29155
1322,-25.4202,27.2347,6.31825
1323,-25.4176,6.4381,6.62046
1324,-25.4148,-117.908,7.44477
1325,-25.4066,112.505,7.04241
1326,-25.4058,53.9164,7.72045
1327,-25.4042,124.219,6.97263
1328,-25.401,4.41712,8.76235
1329,-25.3956,40.972,8.29187
1330,-25.3953,36.8473,9.56158
1331,-25.3875,-133.979,7.08347
1332,-25.3865,37.5711,8.94077
1333,-25.3836,-103.705,7.14403
1334,-25.3798,-167.061,9.01245
1335,-25.3735,-125.511,8.90938
1336,-25.3676,41.5843,7.00284
1337,-25.3666,20.5611,6.41257
1338,-25.3649,53.4985,7.04783
1339,-25.3632,147.699,7.54051
1340,-25.3552,21.3739,6.50882
1341,-25.3532,170.412,6.37365
1342,-25.3498,-114.864,6.56155
1343,-25.3476,-129.226,9.93772
1344,-25.3453,106.41,6.14166
1345,-25.3382,-170.485,9.69701
1346,-25.3352,122.751,6.99201
1347,-25.3291,134.142,9.62618
1348,-25.3284,30.8891,7.15071
1349,-25.3258,-177.927,6.39311
1350,-25.3223,-131.652,7.96826
1351,-25.3195,94.0524,8.62892
1352,-25.318,162.12,8.69372
1353,-25.3169,42.9408,7.92595
1354,-25.316,-60.041,9.16389
1355,-25.3156,-144.207,6.39035
1356,-25.3111,138.301,7.37678
1357,-25.2989,24.1498,6.26346
1358,-25.2947,-139.402,9.77888
1359,-25.2923,26.3156,6.28861
1360,-25.2873,3.61923,8.00669
1361,-25.2857,94.6267,9.07608
1362,-25.2855,123.149,7.58952
1363,-25.2785,149.889,6.24675
1364,-25.2775,147.895,7.58829
1365,-25.2668,95.2177,9.82807
1366,-25.2624,24.2019,7.02098
1367,-25.2612,-147.273,7.42558
1368,-25.2598,65.1959,6.50006
1369,-25.2551,71.3256,7.67145
1370,-25.2543,-114.386,6.23574
1371,-25.249,178.674,6.16804
1372,-25.2472,147.487,6.10561
1373,-25.2465,-132.252,7.21176
1374,-25.2453,-146.024,9.49835
1375,-25.2412,117.329,7.34349
1376,-25.2385,-126.33,7.60349
1377,-25.2367,-134.755,6.47894
1378,-25.2352,23.9085,7.45415
1379,-25.2317,-128.465,9.96693
1380,-25.2294,1.55453,8.15022
1381,-25.2196,44.0287,7.79327
1382,-25.219,33.2427,7.76668
1383,-25.2132,-170.838,6.59923
1384,-25.2084,-127.723,7.04862
1385,-25.2075,-4.562,7.96059
1386,-25.2051,-179.837,7.51186
1387,-25.2015,-146.573,8.12258
1388,-25.194,163.345,8.13616
1389,-25.1937,-132.031,6.86204
1390,-25.1922,120.427,7.01619
1391,-25.1874,101.746,8.59387
1392,-25.1844,-140.081,9.90492
1393,-25.1727,42.4619,7.46915
1394,-25.1722,-139.09,8.25147
1395,-25.1694,179.591,7.75811
1396,-25.1664,148.055,7.0495
1397,-25.156,50.3786,8.96167
1398,-25.1534,-169.862,6.20666
1399,-25.1518,15.7866,8.35092
1400,-25.149,22.1707,7.97007
1401,-25.1464,132.6,7.82457
1402,-25.1458,91.1887,9.06237
1403,-25.1422,4.2125,6.45418
1404,-25.137,154.946,6.81518
1405,-25.1229,27.5002,6.21035
1406,-25.1218,-79.592,8.82178
1407,-25.1214,93.2763,6.62105
1408,-25.1191,130.857,7.02136
1409,-25.1164,179.876,9.21717
1410,-25.1163,27.8487,6.13362
1411,-25.1073,144.311,6.84565
1412,-25.1036,40.9206,9.28706
1413,-25.0961,171.182,6.78409
1414,-25.0904,147.319,7.52025
1415,-25.0903,-148.972,8.33539
1416,-25.0842,52.3928,6.02808
1417,-25.0803,132.07,6.89582
1418,-25.0796,19.9872,6.48414
1419,-25.0795,102.099,6.71849
1420,-25.0721,52.5946,6.07323
1421,-25.0712,125.828,8.70299
1422,-25.0699,-139.253,6.30046
1423,-25.0695,-161.918,6.97293
1424,-25.0582,134.542,6.23869
1425,-25.0562,150.812,9.21006
1426,-25.0541,-162.431,7.06793
1427,-25.0521,-176.376,7.72491
1428,-25.0319,4.17603,6.9074
1429,-25.0306,-147.101,7.74543
1430,-25.0281,136.153,8.594
1431,-25.0168,117.306,6.8869
1432,-25.0083,-47.145,8.82335
1433,-25.0071,-165.48,7.52489
1434,-25.0024,-118.505,8.1724
1435,-24.999,-138.839,9.73237
1436,-24.9903,-163.302,6.67878
1437,-24.9893,125.884,6.10579
1438,-24.9825,124.64,6.11402
1439,-24.978,173.831,7.30668
1440,-24.9749,-152.549,7.58007
1441,-24.9733,173.593,7.6863
1442,-24.9731,-149.193,6.02896
1443,-24.9722,14.6528,7.08324
1444,-24.9669,-122.964,6.80961
1445,-24.9591,-163.044,7.06684
1446,-24.9388,125.197,6.34215
1447,-24.9381,101.369,7.40628
1448,-24.9348,-149.435,7.49716
1449,-24.9303,147.051,8.07138
1450,-24.9293,116.636,9.53846
1451,-24.9289,122.856,6.95274
1452,-24.9286,178.77,7.45065
1453,-24.9282,86.558,6.65724
1454,-24.9275,16.8451,9.34262
1455,-24.9166,127.283,6.35828
1456,-24.9138,-121.819,9.21616
1457,-24.9124,36.5371,6.85821
1458,-24.9033,141.278,9.71506
1459,-24.898,123.77,6.60614
1460,-24.8912,169.123,6.10596
1461,-24.8862,-89.079,7.0201
1462,-24.8801,17.1322,6.3685
1463,-24.8778,21.7792,6.28557
1464,-24.8744,153.017,7.94053
1465,-24.874,76.4286,9.13894
1466,-24.873,74.7289,6.42598
1467,-24.8725,141.09,7.45458
1468,-24.8652,132.572,8.11529
1469,-24.8641,-59.227,7.32075
1470,-24.862,126.422,6.42747
1471,-24.8615,-100.462,9.26179
1472,-24.8583,163.864,6.92933
1473,-24.8545,98.1757,7.10872
1474,-24.8536,-156.408,8.51717
1475,-24.8528,33.5248,7.08425
1476,-24.8457,-140.386,7.8007
1477,-24.8457,99.7638,9.00227
1478,-24.8333,54.2276,6.18169
1479,-24.8247,-162.267,9.17491
1480,-24.8236,64.9166,9.15653
1481,-24.8229,78.9697,6.20268
1482,-24.8189,35.607,8.81708
1483,-24.8086,-153.197,6.56712
1484,-24.8074,20.5334,6.03791
1485,-24.8045,4.99864,8.28182
1486,-24.7965,-169.468,7.50937
1487,-24.7942,131.863,6.5792
1488,-24.7924,-147.129,9.13104
1489,-24.7875,-170.05,7.52821
1490,-24.7833,-144.669,8.41504
1491,-24.7752,67.9746,6.03642
1492,-24.7711,10.2817,6.71005
1493,-24.7687,143.016,8.53323
1494,-24.7663,50.8709,8.06024
1495,-24.7595,68.3836,6.51973
1496,-24.7561,179.729,8.68306
1497,-24.7556,-130.365,9.48305
1498,-24.7538,-122.812,8.36109
1499,-24.751,-147.461,9.82111
1500,-24.7482,-136.34,7.07995
1501,-24.7447,148.432,7.36161
1502,-24.7426,-138.123,7.51857
1503,-24.7394,145.328,7.63835
1504,-24.7302,51.3094,9.91961
1505,-24.7299,-131.853,7.59304
1506,-24.7287,-155.233,9.40569
1507,-24.7185,-143.539,7.07171
1508,-24.7158,135.541,7.32116
1509,-24.7147,69.6092,7.29052
1510,-24.7131,4.16747,9.87867
1511,-24.7075,146.964,6.64462
1512,-24.7035,-100.837,9.40512
1513,-24.7005,51.5722,6.37701
1514,-24.6923,13.8306,9.89769
1515,-24.6887,94.7885,6.87609
1516,-24.6866,-140.7,6.01821
1517,-24.6822,137.501,7.74424
1518,-24.6815,121.084,6.8149
1519,-24.681,39.3263,6.74551
1520,-24.6739,26.7889,7.49461
1521,-24.6711,-45.784,8.52097
1522,-24.6645,127.246,7.37252
1523,-24.664,171.057,6.6725
1524,-24.663,94.4653,7.02757
1525,-24.6594,77.0665,6.91123
1526,-24.6507,30.1672,7.64062
1527,-24.6474,151.084,7.49759
1528,-24.6462,-94.526,6.92763
1529,-24.6425,164.957,7.89232
1530,-24.6391,170.29,7.09988
1531,-24.6345,76.6701,7.16666
1532,-24.6316,-154.001,9.87733
1533,-24.6189,123.015,7.64314
1534,-24.6127,98.7069,6.8606
1535,-24.6083,-114.246,6.52301
1536,-24.6029,-0.034,9.06733
1537,-24.6014,159.497,6.62465
1538,-24.5898,65.3529,6.97092
1539,-24.587,45.843,6.17748
1540,-24.5859,160.364,7.31992
1541,-24.5836,-150.952,8.75833
1542,-24.5777,91.4786,6.07357
1543,-24.576,140.46,6.79117
1544,-24.5754,105.061,8.81797
1545,-24.5714,66.5492,6.01998
1546,-24.5689,70.4415,7.27052
1547,-24.5686,124.547,8.93228
1548,-24.5649,-169.245,8.21321
1549,-24.5646,-156.067,6.64727
1550,-24.5646,19.8146,6.10852
1551,-24.5639,125.599,6.82428
1552,-24.5637,29.6926,8.26012
1553,-24.563,132.123,6.13472
1554,-24.5624,-170.001,8.84416
1555,-24.5623,-135.813,8.89985
1556,-24.5572,1.7755,7.89971
1557,-24.5563,-173.267,8.83905
1558,-24.5491,-141.359,7.34929
1559,-24.5463,68.7216,8.60633
1560,-24.5334,174.705,6.80021
1561,-24.5312,176.18,6.53338
1562,-24.5299,20.1511,9.92956
1563,-24.5266,-100.364,6.56683
1564,-24.5259,120.187,6.7283
1565,-24.5161,155.078,7.35583
1566,-24.5125,-157.812,8.1281
1567,-24.504,29.9718,6.86596
1568,-24.497,149.667,6.06301
1569,-24.4964,-122.726,9.74033
1570,-24.4955,29.4297,7.88564
1571,-24.4951,146.379,7.5092
1572,-24.4939,65.5732,6.59254
1573,-24.4929,-46.514,6.05439
1574,-24.4919,148.96,6.64382
1575,-24.4901,-123.037,8.11464
1576,-24.484,146.849,6.16248
1577,-24.4839,160.229,7.6147
1578,-24.4782,-150.005,7.25706
1579,-24.478,91.4016,8.1674
1580,-24.4769,104.611,6.05832
1581,-24.4749,145.551,8.31657
1582,-24.4741,125.879,6.72661
1583,-24.4723,-142.596,9.03539
1584,-24.4707,-136.276,7.40005
1585,-24.4694,50.7493,9.94051
1586,-24.4675,117.118,8.75664
1587,-24.4664,154.423,6.22231
1588,-24.462,146.535,7.04123
1589,-24.4615,2.52571,8.50665
1590,-24.4443,134.218,7.68341
1591,-24.4417,-160.776,6.90133
1592,-24.4398,45.8415,9.49404
1593,-24.4351,-133.687,6.22933
1594,-24.4337,26.1861,8.4567
1595,-24.4325,-139.857,8.15755
1596,-24.4322,-156.908,8.23663
1597,-24.4299,116.073,7.07701
1598,-24.4296,63.0586,6.67606
1599,-24.4204,-57.202,7.86952
1600,-24.4193,54.7235,6.13886
1601,-24.4116,77.3297,7.1732
1602,-24.4115,-116.181,7.22088
1603,-24.409,135.497,8.12764
1604,-24.4088,65.8352,8.36963
1605,-24.4071,14.9929,8.07559
1606,-24.4023,-160.552,8.80815
1607,-24.3983,-133.896,6.4776
1608,-24.3934,107.118,6.55419
1609,-24.393,22.2835,6.7402
1610,-24.3897,132.326,9.07945
1611,-24.3845,134.841,8.53342
1612,-24.384,-147.082,6.57811
1613,-24.379,-144.796,7.47295
1614,-24.3784,38.8826,6.41815
1615,-24.3781,101.671,6.16572
1616,-24.3752,-158.964,6.34858
1617,-24.3718,52.1625,8.79912
1618,-24.3636,33.3906,6.59745
1619,-24.353,164.328,7.55796
1620,-24.3497,-124.795,8.86898
1621,-24.3495,135.182,8.9561
1622,-24.3459,7.92488,6.08286
1623,-24.3444,-93.967,6.74875
1624,-24.3409,50.3513,8.97932
1625,-24.3405,113.456,8.14946
1626,-24.3381,147.991,6.21749
1627,-24.3375,158.949,6.12054
1628,-24.3334,142.254,6.71262
1629,-24.3299,-177.518,8.01647
1630,-24.3257,-171.599,7.89159
1631,-24.3256,22.1166,8.90979
1632,-24.3244,4.1471,7.31776
1633,-24.3237,13.3953,8.9238
1634,-24.3215,-123.086,6.55818
1635,-24.3118,109.104,6.18747
1636,-24.3057,66.0124,6.84637
1637,-24.3019,-152.676,9.41198
1638,-24.2983,25.4487,6.47102
1639,-24.2914,120.838,7.22319
1640,-24.2883,153.717,9.05146
1641,-24.281,145.711,8.04848
1642,-24.2809,24.6757,6.94455
1643,-24.2628,-141.073,9.59559
1644,-24.2626,-143.996,7.43482
1645,-24.255,-136.082,7.28813
1646,-24.2516,148.344,6.29166
1647,-24.2484,98.072,6.32193
1648,-24.2451,-120.145,7.67062
1649,-24.2399,-178.244,6.27957
1650,-24.2363,19.2451,8.55531
1651,-24.2259,-118.816,9.99877
1652,-24.2206,-172.329,7.20288
1653,-24.2199,133.829,6.20295
1654,-24.2121,21.6214,7.6215
1655,-24.2078,91.5996,9.29887
1656,-24.2063,163.916,6.39676
1657,-24.2058,-121.245,6.68769
1658,-24.205,123.725,7.5511
1659,-24.2027,103.653,6.09543
1660,-24.1999,-4.099,8.4972
1661,-24.1998,136.724,7.70573
1662,-24.1985,-144.74,9.093
1663,-24.1861,-127.79,7.14136
1664,-24.1815,27.5263,9.29321
1665,-24.1758,-137.903,6.71399
1666,-24.1666,144.592,7.50867
1667,-24.1627,39.6805,9.02327
1668,-24.1591,70.9632,7.71556
1669,-24.1562,121.329,8.31535
1670,-24.155,123.27,6.8178
1671,-24.1531,173.027,6.88503
1672,-24.148,168.473,8.88489
1673,-24.1446,45.5736,9.11029
1674,-24.1403,-176.389,6.47209
1675,-24.1403,34.7468,7.18028
1676,-24.133,116.015,6.49347
1677,-24.1289,-107.772,7.44766
1678,-24.1278,-60.731,7.34893
1679,-24.1209,145.875,7.17998
1680,-24.1156,21.8431,6.11584
1681,-24.1139,79.6597,8.00775
1682,-24.1125,-177.868,8.14347
1683,-24.1125,-91.912,6.42277
1684,-24.1051,114.895,6.84185
1685,-24.1049,-172.727,6.73824
1686,-24.0926,129.997,7.51528
1687,-24.0833,-123.256,6.89363
1688,-24.0685,146.599,7.70828
1689,-24.0679,3.01749,8.21735
1690,-24.0635,146.916,8.76269
1691,-24.0586,100.533,6.94089
1692,-24.0582,-149.964,8.93141
1693,-24.0546,102.688,6.24672
1694,-24.0543,-120.584,7.00844
1695,-24.0508,20.7893,6.13824
1696,-24.0502,88.1875,6.28545
1697,-24.0454,-172.498,7.30287
1698,-24.0401,84.3148,7.55779
1699,-24.0399,176.334,6.62026
1700,-24.0395,174.101,6.01314
1701,-24.0348,96.1896,9.64601
1702,-24.026,38.8337,8.81716
1703,-24.0226,99.5179,6.01884
1704,-24.0196,-117.265,6.62311
1705,-24.0168,142.283,6.55543
1706,-24.016,157.588,7.84111
1707,-24.0086,-61.408,6.65612
1708,-24.0049,159.525,7.94969
1709,-24.0016,-130.982,9.12369
1710,-24.0002,70.2822,8.77452
1711,-23.9938,179.138,9.84147
1712,-23.9919,145.648,6.66952
1713,-23.9889,128.025,7.95626
1714,-23.9853,116.133,9.92647
1715,-23.9845,108.007,6.16446
1716,-23.9841,75.2035,6.78756
1717,-23.9839,83.6016,9.56892
1718,-23.9829,169.641,9.49107
1719,-23.9793,118.544,9.13481
1720,-23.9789,109.631,7.3452
1721,-23.9719,148.066,8.05527
1722,-23.9715,15.3165,6.49633
1723,-23.9654,152.001,8.03202
1724,-23.9616,-163.94,8.30538
1725,-23.9566,36.0183,6.10555
1726,-23.9566,145.098,7.09389
1727,-23.9557,115.283,6.18408
1728,-23.9544,-63.298,9.16457
1729,-23.9533,32.938,7.60206
1730,-23.9476,65.2151,8.34624
1731,-23.9392,142.21,8.24432
1732,-23.9358,-164.621,7.64903
1733,-23.9291,140.03,6.83477
1734,-23.9262,-173.853,8.13719
1735,-23.9178,175.851,6.21299
1736,-23.9136,116.392,6.3908
1737,-23.9102,133.572,7.82236
1738,-23.9058,119.91,6.06232
1739,-23.8968,-129.165,7.57165
1740,-23.8963,67.1975,6.58334
1741,-23.893,39.1029,6.38816
1742,-23.8904,118.283,6.09167
1743,-23.8816,64.2011,9.89859
1744,-23.8787,-146.495,7.14741
1745,-23.8786,115.546,7.25336
1746,-23.876,147.958,6.36739
1747,-23.8727,-149.957,6.07316
1748,-23.8684,-171.977,9.96222
1749,-23.8555,-117.319,8.21375
1750,-23.846,-165.421,6.35982
1751,-23.8406,38.7357,6.63056
1752,-23.8391,-150.187,9.24092
1753,-23.8377,-119.88,6.53902
1754,-23.8236,-32.855,7.85792
1755,-23.8129,175.997,6.63237
1756,-23.8104,-91.909,7.75352
1757,-23.8074,71.0117,6.24435
1758,-23.8013,-2.186,6.67895
1759,-23.7966,38.5196,6.93598
1760,-23.7925,167.032,7.10192
1761,-23.7904,145.46,6.09537
1762,-23.7882,78.9366,8.68798
1763,-23.7822,-114.46,6.39059
1764,-23.7761,176.625,7.4011
1765,-23.7713,-176.036,7.21788
1766,-23.7645,-148.355,6.86697
1767,-23.7637,146.019,7.46713
1768,-23.7576,-146.486,7.33839
1769,-23.7539,133.759,7.62151
1770,-23.7521,118.121,6.25535
1771,-23.751,-149.339,6.96732
1772,-23.7463,82.6166,9.10504
1773,-23.7461,82.3041,6.25876
1774,-23.7449,-116.352,6.11085
1775,-23.7388,177.56,8.68762
1776,-23.7327,-137.951,7.21975
1777,-23.732,101.997,8.85313
1778,-23.7293,153.987,7.27363
1779,-23.7242,34.7793,7.71439
1780,-23.7196,63.95,6.44023
1781,-23.719,114.433,9.03073
1782,-23.7188,-172.242,7.35717
1783,-23.714,-147.934,6.64298
1784,-23.7091,148.07,6.66859
1785,-23.7007,174.889,6.42758
1786,-23.7005,151.28,6.56531
1787,-23.6985,-179.72,9.61636
1788,-23.6951,13.3012,6.7378
1789,-23.689,54.7472,7.25139
1790,-23.6868,87.9699,9.44289
1791,-23.6707,64.5468,9.18606
1792,-23.6664,68.4477,6.78164
1793,-23.6642,161.621,7.64602
1794,-23.6572,116.096,7.35229
1795,-23.6564,-127.485,9.33802
1796,-23.6488,120.75,7.85952
1797,-23.6451,120.912,7.503
1798,-23.6421,100.95,7.24653
1799,-23.6417,94.4561,6.2236
1800,-23.6346,-138.129,6.97024
1801,-23.6327,10.1552,7.2012
1802,-23.6309,96.5045,6.47397
1803,-23.6246,123.512,6.76292
1804,-23.6226,119.882,6.91684
1805,-23.6118,104.763,8.28967
1806,-23.6107,31.1918,6.53068
1807,-23.6105,-4.265,6.5304
1808,-23.6026,3.41115,9.32406
1809,-23.6009,156.533,6.13583
1810,-23.5998,-172.319,6.03748
1811,-23.5969,-164.113,6.11644
1812,-23.5916,91.378,6.1355
1813,-23.5882,124.28,6.15238
1814,-23.5866,102.758,6.90133
1815,-23.5865,-153.721,8.18981
1816,-23.5793,-168.972,7.57543
1817,-23.5761,132.963,8.67906
1818,-23.575,63.8591,8.29614
1819,-23.5749,108.344,6.92335
1820,-23.5726,78.7859,7.36257
1821,-23.5721,81.3463,6.18896
1822,-23.5626,54.9421,9.7659
1823,-23.5626,116.292,8.51123
1824,-23.5557,106.433,6.70485
1825,-23.5543,-149.016,7.60995
1826,-23.5448,175.906,6.34923
1827,-23.5434,-70.953,6.42656
1828,-23.5403,-2.744,9.63595
1829,-23.5396,-163.023,7.4047
1830,-23.5316,64.3237,6.12846
1831,-23.5247,106.906,6.27611
1832,-23.5182,39.0912,9.61695
1833,-23.5174,83.4462,9.30596
1834,-23.5152,86.0749,8.33307
1835,-23.5024,153.685,7.16304
1836,-23.5016,82.9158,6.01807
1837,-23.5006,166.238,6.5942
1838,-23.4973,123.116,7.30366
1839,-23.4954,66.4068,8.77263
1840,-23.4926,137.3,6.08797
1841,-23.4916,-154.039,8.9244
1842,-23.4824,-179.036,6.41027
1843,-23.4822,146.004,6.63006
1844,-23.4792,-137.604,9.8075
1845,-23.4791,176.051,7.92072
1846,-23.4714,103.118,8.74766
1847,-23.4678,-148.271,7.36521
1848,-23.46,98.8563,6.05962
1849,-23.4426,-157.532,9.82251
1850,-23.4292,-76.119,7.1913
1851,-23.426,-153.824,6.57354
1852,-23.4119,28.3722,6.03259
1853,-23.4089,-58.412,6.70196
1854,-23.4053,-59.032,6.98852
1855,-23.3986,164.888,7.21351
1856,-23.3935,122.132,6.0356
1857,-23.3934,-120.071,8.78788
1858,-23.3914,134.554,6.98619
1859,-23.3891,-165.066,8.77474
1860,-23.3846,116.689,8.03419
1861,-23.3811,78.5862,7.46969
1862,-23.3798,82.8978,6.98885
1863,-23.368,136.572,6.1242
1864,-23.3675,-79.234,6.18753
1865,-23.3564,-134.739,6.91497
1866,-23.3545,-168.065,6.04854
1867,-23.354,-154.62,6.05797
1868,-23.3526,165.809,6.33531
1869,-23.3506,170.401,7.23286
1870,-23.35,-147.797,7.53781
1871,-23.3485,119.5,6.63483
1872,-23.3466,106.751,6.98562
1873,-23.345,177.739,6.05573
1874,-23.3425,135.978,8.17801
1875,-23.3406,83.7055,6.82407
1876,-23.3362,176.234,8.21713
1877,-23.3319,-164.07,7.90152
1878,-23.3237,83.0899,7.72268
1879,-23.3236,141.641,7.3269
1880,-23.3174,-166.444,8.1728
1881,-23.3121,-84.441,8.75456
1882,-23.2999,135.789,6.44686
1883,-23.2964,103.035,9.54271
1884,-23.2936,-50.214,9.46986
1885,-23.2893,139.126,7.13685
1886,-23.2889,-0.117,6.24423
1887,-23.2885,66.7724,8.63888
1888,-23.287,33.9596,9.35372
1889,-23.2808,151.849,6.40851
1890,-23.2793,-161.432,6.80617
1891,-23.267,-147.539,8.77063
1892,-23.2599,-15.345,7.2465
1893,-23.2596,161.924,8.0961
1894,-23.2539,-69.713,7.80372
1895,-23.2534,82.6906,8.95268
1896,-23.2509,-79.607,7.60247
1897,-23.2491,-148.012,6.41216
1898,-23.2422,-64.464,6.77389
1899,-23.2383,-158.002,7.38474
1900,-23.232,140.584,6.60118
1901,-23.2304,-55.699,6.10855
1902,-23.2263,7.5893,6.04144
1903,-23.226,17.4405,9.81504
1904,-23.2253,-175.918,6.28246
1905,-23.2172,111.19,8.87969
1906,-23.2167,168.946,7.48732
1907,-23.1998,23.632,8.40984
1908,-23.1908,-133.731,6.13015
1909,-23.1848,31.0808,8.55778
1910,-23.1753,4.79351,7.33719
1911,-23.1743,90.3107,6.48329
1912,-23.1729,177.857,6.07888
1913,-23.1704,-150.936,6.51668
1914,-23.1672,119.231,8.19007
1915,-23.1625,-146.296,8.52558
1916,-23.1484,66.2066,6.00803
1917,-23.1408,-159.93,8.04812
1918,-23.1339,6.87409,8.01104
1919,-23.1303,157.656,7.41718
1920,-23.129,111.319,7.87344
1921,-23.1268,-4.639,7.22757
1922,-23.1258,-132.354,9.27244
1923,-23.1233,83.3134,7.00163
1924,-23.111,158.563,6.80781
1925,-23.1103,-64.15,6.97486
1926,-23.11,133.28,8.49313
1927,-23.1074,-128.579,7.81826
1928,-23.1054,-173.873,7.76931
1929,-23.0995,-160.209,9.4956
1930,-23.0981,33.3623,8.3919
1931,-23.0945,137.763,6.15478
1932,-23.094,137.649,6.42957
1933,-23.0909,-173.279,7.74948
1934,-23.0907,114.088,7.51508
1935,-23.0772,-129.999,8.03532
1936,-23.0763,-178.875,7.3194
1937,-23.0716,-122.5,6.13802
1938,-23.064,23.8047,8.24533
1939,-23.0625,124.508,8.86865
1940,-23.0624,89.2487,7.86881
1941,-23.0607,125.772,6.04468
1942,-23.0605,104.064,7.47319
1943,-23.0595,-108.2,7.60909
1944,-23.0582,31.0185,6.75094
1945,-23.0441,146.13,6.00487
1946,-23.038,136.336,6.77079
1947,-23.0286,166.079,9.99123
1948,-23.026,-132.078,9.25777
1949,-23.0227,-172.149,9.06861
1950,-23.0227,-82.031,6.33744
1951,-23.0154,80.3088,6.61411
1952,-23.0152,156.51,6.22207
1953,-23.0127,4.4861,7.16446
1954,-23.0126,11.6628,6.92189
1955,-23.0123,-117.587,6.349
1956,-23.0115,125.395,7.83429
1957,-23.0089,-14.728,7.90228
1958,-23.0085,-129.806,8.38772
1959,-23.0067,-152.183,6.52973
1960,-23.0041,-142.194,6.04995
1961,-22.9979,-132.655,7.48639
1962,-22.9942,-147.255,7.59476
1963,-22.9907,47.552,7.34898
1964,-22.9819,-119.419,6.62887
1965,-22.9758,103.776,6.33045
1966,-22.9636,-144.571,7.01922
1967,-22.9631,177.328,6.22718
1968,-22.9621,104.284,6.9424
1969,-22.9572,-109.665,7.35048
1970,-22.9558,31.9093,9.7392
1971,-22.9551,145.613,7.47511
1972,-22.9549,-125.563,7.14554
1973,-22.9546,-72.019,7.17489
1974,-22.9532,-166.724,9.86136
1975,-22.9506,-143.981,6.34525
1976,-22.9501,-73.564,9.36471
1977,-22.9466,83.6249,8.43388
1978,-22.9372,-145.192,8.78856
1979,-22.9327,-153.133,9.65465
1980,-22.9164,138.715,6.24413
1981,-22.9112,-71.267,6.49497
1982,-22.9066,178.781,6.04685
1983,-22.9061,115.321,6.00071
1984,-22.9035,124.325,7.60898
1985,-22.903,138.558,8.8448
1986,-22.9014,-117.268,7.66821
1987,-22.8995,137.825,6.2678
1988,-22.8867,-178.21,7.64488
1989,-22.8862,138.902,6.2891
1990,-22.8839,-128.744,8.18003
1991,-22.8746,0.407642,8.18027
1992,-22.8626,9.99303,7.48145
1993,-22.8609,-126.746,7.48136
1994,-22.8538,-69.803,7.48039
1995,-22.847,-63.813,8.68931
1996,-22.8448,107.729,6.11971
1997,-22.8436,174.556,7.31653
1998,-22.8422,159.481,7.00944
1999,-22.8355,-116.275,8.6116
2000,-22.8328,-173.549,8.30954
2001,-22.8318,89.3749,7.17967
2002,-22.829,168.946,8.1292
2003,-22.8261,-150.039,7.01339
2004,-22.8221,0.803822,6.62326
2005,-22.8195,79.923,6.5635
2006,-22.8171,171.817,6.41433
2007,-22.814,144.93,8.72878
2008,-22.796,23.4804,8.86838
2009,-22.7953,-147.071,8.04343
2010,-22.7828,-152.662,6.02298
2011,-22.781,37.8253,9.80457
2012,-22.7798,-109.977,6.96415
2013,-22.7755,-160.064,6.9342
2014,-22.7722,-156.716,6.46393
2015,-22.7692,170.115,9.14957
2016,-22.7637,-66.989,7.91842
2017,-22.7622,-154.936,6.68059
2018,-22.7618,-150.895,8.43076
2019,-22.7608,47.4504,8.07896
2020,-22.7607,178.589,6.14923
2021,-22.7524,-166.928,9.16403
2022,-22.7445,-32.131,6.19318
2023,-22.7415,-104.818,7.90265
2024,-22.7352,158.499,7.33449
2025,-22.731,179.955,9.57724
2026,-22.7308,-178.971,6.71579
2027,-22.7298,120.087,7.28949
2028,-22.7251,63.7439,7.35471
2029,-22.7243,148.805,6.75175
2030,-22.7196,170.435,8.81503
2031,-22.7168,-126.933,9.61435
2032,-22.7141,9.82081,7.17985
2033,-22.7135,35.6767,6.6933
2034,-22.6997,-67.293,8.23437
2035,-22.6939,86.8604,9.44801
2036,-22.6927,-155.051,7.33716
2037,-22.6893,-0.56,6.59755
2038,-22.688,-61.981,6.84714
2039,-22.6827,155.982,6.8586
2040,-22.678,-163.392,8.20986
2041,-22.6743,-151.081,6.11683
2042,-22.6732,-172.083,7.12141
2043,-22.6708,98.0283,9.08375
2044,-22.6645,47.5869,7.5814
2045,-22.6622,161.389,7.65659
2046,-22.6619,-62.129,6.82429
2047,-22.6591,-172.473,8.56673
2048,-22.6534,-167.056,7.01613
2049,-22.6527,171.03,9.55471
2050,-22.6526,8.0578,6.13038
2051,-22.6516,-153.265,8.39471
2052,-22.6487,137.376,6.7022
2053,-22.6367,103.751,7.61672
2054,-22.6349,178.469,6.6065
2055,-22.6338,-103.276,7.55396
2056,-22.6327,-58.482,8.03003
2057,-22.6238,149.367,6.02619
2058,-22.6204,-171.586,6.98256
2059,-22.6173,-80.901,7.24242
2060,-22.6127,27.662,7.54029
2061,-22.6108,159.18,8.66339
2062,-22.6079,37.1065,6.85282
2063,-22.6053,74.0473,7.17751
2064,-22.6023,64.1315,6.63279
2065,-22.6018,-134.715,7.96184
2066,-22.6003,136.307,6.49115
2067,-22.5898,-147.217,8.11809
2068,-22.5869,-47.047,6.4904
2069,-22.5827,-179.175,9.72205
2070,-22.58,-164.541,8.86566
2071,-22.5746,146.722,9.00922
2072,-22.5745,-150.611,8.13759
2073,-22.5699,121.709,6.21855
2074,-22.5536,-171.381,6.69214
2075,-22.5504,-159.735,6.60531
2076,-22.5501,-74.712,6.71899
2077,-22.547,104.384,6.35954
2078,-22.5446,-54.896,8.07494
2079,-22.5413,-5.53,9.83933
2080,-22.5411,105.416,7.38639
2081,-22.5397,122.99,7.2197
2082,-22.5381,-132.63,9.13327
2083,-22.5371,136.856,8.37897
2084,-22.5341,102.334,9.21377
2085,-22.5318,-149.467,6.93306
2086,-22.5297,27.8885,8.05325
2087,-22.5289,20.3277,6.38808
2088,-22.5185,-156.029,6.88495
2089,-22.5184,63.1043,8.14441
2090,-22.5176,-163.656,9.32833
2091,-22.5112,22.1891,6.55714
2092,-22.5078,-128.308,6.25727
2093,-22.507,-46.122,9.46966
2094,-22.507,137.206,8.20859
2095,-22.497,17.3787,8.38702
2096,-22.4898,-8.237,7.10047
2097,-22.4845,-170.674,8.81007
2098,-22.4781,136.55,9.66603
2099,-22.4719,4.27126,6.02088
2100,-22.4669,118.073,7.26671
2101,-22.4591,99.3149,7.11946
2102,-22.4583,144.68,7.4705
2103,-22.4565,-152.729,6.31791
2104,-22.4531,60.8853,6.20143
2105,-22.4514,134.109,7.1056
2106,-22.4483,-73.916,9.16797
2107,-22.4481,-128.672,7.64676
2108,-22.4463,-148.485,7.34857
2109,-22.4383,53.3669,6.17156
2110,-22.4196,-128.894,6.34972
2111,-22.4187,-31.525,7.55389
2112,-22.4173,-159.079,7.95106
2113,-22.415,171.541,7.14226
2114,-22.4081,-149.568,6.62735
2115,-22.4032,114.997,6.02657
2116,-22.3965,140.301,8.27475
2117,-22.3897,-66.107,7.33723
2118,-22.3887,61.5334,9.28866
2119,-22.3868,-67.252,9.25864
2120,-22.3845,-150.544,6.62152
2121,-22.3834,59.0484,7.66594
2122,-22.3814,-127.582,8.6577
2123,-22.3812,91.0724,6.29698
2124,-22.3714,38.099,6.15634
2125,-22.3704,-54.747,6.62598
2126,-22.3666,90.663,6.91148
2127,-22.3565,149.496,7.81245
2128,-22.3534,105.842,8.52648
2129,-22.3531,158.579,9.88888
2130,-22.3466,-143.713,6.59327
2131,-22.3448,-140.309,7.51888
2132,-22.3432,117.325,6.45765
2133,-22.3398,85.1334,6.20702
2134,-22.3383,135.683,6.77201
2135,-22.3352,-173.489,6.38729
2136,-22.3336,42.4878,7.4456
2137,-22.3275,63.3646,6.44291
2138,-22.3271,110.671,7.20119
2139,-22.3233,39.8737,7.10425
2140,-22.3219,106.714,7.10281
2141,-22.3202,-160.763,9.58304
2142,-22.3201,-32.544,6.85218
2143,-22.3152,141.118,6.03294
2144,-22.3129,79.8338,8.08845
2145,-22.3111,-151.706,6.27046
2146,-22.3099,-56.824,6.61046
2147,-22.3071,158.983,7.49526
2148,-22.3032,62.5534,7.1752
2149,-22.3024,140.664,7.24667
2150,-22.2996,-160.136,9.6167
2151,-22.2943,-144.517,6.60568
2152,-22.2853,116.152,6.89084
2153,-22.2796,157.517,7.21215
2154,-22.2765,61.2552,6.68065
2155,-22.2764,-172.908,7.16729
2156,-22.2739,87.058,6.89724
2157,-22.2692,-165.07,7.84828
2158,-22.2679,-116.697,7.46853
2159,-22.2606,5.75447,6.72542
2160,-22.2601,62.2164,6.09409
2161,-22.2587,-137.701,7.16344
2162,-22.257,146.521,6.86657
2163,-22.2383,-29.489,8.85273
2164,-22.2353,158.72,8.35011
2165,-22.2343,103.963,6.31881
2166,-22.2299,-74.023,6.23058
2167,-22.2248,44.6415,6.10059
2168,-22.2236,113.018,6.20542
2169,-22.2178,174.05,7.76174
2170,-22.2167,-126.137,7.4682
2171,-22.2166,-149.808,6.15245
2172,-22.2137,-135.659,9.49768
2173,-22.2076,-146.057,7.26368
2174,-22.2032,27.0894,6.2568
2175,-22.2017,-179.112,6.00444
2176,-22.1928,-158.755,8.02531
2177,-22.1816,104.221,7.7225
2178,-22.1813,8.7968,6.79824
2179,-22.181,58.3832,8.07215
2180,-22.1792,139.396,6.38291
2181,-22.1768,138.612,8.44197
2182,-22.175,-179.598,7.45701
2183,-22.1714,104.779,7.3018
2184,-22.1655,-162.945,9.3205
2185,-22.1645,61.4435,6.10655
2186,-22.1534,-127.796,8.86356
2187,-22.1519,-87.319,6.65271
2188,-22.1405,165.657,6.05416
2189,-22.1361,-164.265,7.0362
2190,-22.1286,54.1857,8.07327
2191,-22.1249,35.9873,6.91505
2192,-22.1214,-128.535,6.11432
2193,-22.1172,-142.138,8.60745
2194,-22.1165,-148.338,7.11054
2195,-22.1163,123.02,6.72685
2196,-22.1139,-50.482,6.73827
2197,-22.1095,136.66,6.81202
2198,-22.1058,145.328,7.19584
2199,-22.0943,149.518,8.04168
2200,-22.0926,51.1425,8.13737
2201,-22.0855,149.213,6.86116
2202,-22.0836,136.118,6.50683
2203,-22.0832,-178.884,9.33696
2204,-22.0802,-145.462,7.59336
2205,-22.0798,115.03,8.13905
2206,-22.079,174.27,6.90382
2207,-22.0788,122.542,7.5253
2208,-22.075,-128.658,6.29721
2209,-22.0681,-143.673,7.74434
2210,-22.0671,-163.846,6.07851
2211,-22.0634,-154.873,6.79601
2212,-22.063,-15.086,8.1839
2213,-22.0534,35.8463,8.05587
2214,-22.0506,-145.748,8.82966
2215,-22.0473,-174.034,6.25808
2216,-22.0464,104.895,6.41184
2217,-22.0413,-14.696,6.29548
2218,-22.0197,-134.905,8.03819
2219,-22.0163,170.001,9.59933
2220,-22.0159,28.1875,6.01912
2221,-22.0158,58.7136,7.32622
2222,-22.0126,-69.787,9.89487
2223,-22.0069,-177.379,6.4844
2224,-22.0068,139.914,6.61639
2225,-22.0042,-163.594,6.881
2226,-22.003,-162.375,9.17532
2227,-22.0029,158.945,6.36412
2228,-21.992,-75.684,7.94731
2229,-21.9899,-136.052,8.5842
2230,-21.9896,-53.92,6.05954
2231,-21.9882,-178.686,7.48481
2232,-21.9803,-152.175,6.27443
2233,-21.9698,157.979,7.99866
2234,-21.9573,99.0061,6.31046
2235,-21.955,-144.112,8.65723
2236,-21.9542,-153.876,8.42612
2237,-21.9525,-156.895,7.13679
2238,-21.9518,-160.264,8.56306
2239,-21.9492,-63.369,8.23124
2240,-21.9478,58.1991,6.57979
2241,-21.9434,117.735,7.34249
2242,-21.943,-128.957,9.24249
2243,-21.9403,148.986,6.22849
2244,-21.9371,120.886,8.09381
2245,-21.9371,176.648,9.04231
2246,-21.9338,79.1445,7.76827
2247,-21.9323,-139.331,6.79929
2248,-21.9295,81.3716,6.56725
2249,-21.9274,137.019,8.55306
2250,-21.9211,84.7609,6.86502
2251,-21.9172,105.058,7.24445
2252,-21.9129,-126.106,8.55645
2253,-21.9097,26.6978,6.28296
2254,-21.9011,136.395,6.64167
2255,-21.8916,-159.827,6.23336
2256,-21.8875,171.424,6.89404
2257,-21.8821,21.1337,7.86118
2258,-21.8808,89.5144,7.70533
2259,-21.8782,-158.342,7.13189
2260,-21.869,-164.314,9.49402
2261,-21.8609,-145.453,8.88526
2262,-21.8572,-75.405,6.96953
2263,-21.8572,62.0336,6.73225
2264,-21.8508,177.563,7.72886
2265,-21.8455,-130.346,7.54835
2266,-21.8432,97.7214,7.39291
2267,-21.8419,-137.162,6.48035
2268,-21.8381,96.2141,6.29291
2269,-21.8377,97.1747,6.65025
2270,-21.8351,-51.813,6.21792
2271,-21.833,91.4533,9.81527
2272,-21.832,142.396,6.27
2273,-21.831,156.067,8.05279
2274,-21.8303,151.793,7.14789
2275,-21.8299,-163.992,9.93671
2276,-21.8258,140.022,6.42457
2277,-21.8237,149.555,7.52292
2278,-21.821,-170.732,6.23829
2279,-21.8189,-172.362,6.70742
2280,-21.8189,35.0609,6.99552
2281,-21.8182,154.015,6.04419
2282,-21.8025,103.292,7.66593
2283,-21.8005,-127.824,9.53729
2284,-21.7969,-145.752,9.82054
2285,-21.7939,84.9006,6.1663
2286,-21.7917,-132.031,7.16009
2287,-21.7903,-68.655,6.66957
2288,-21.7842,-156.881,6.21802
2289,-21.783,-151.214,7.48156
2290,-21.7803,81.8591,8.50437
2291,-21.7734,96.4835,8.485
2292,-21.7711,172.464,6.81361
2293,-21.7695,46.3426,7.12309
2294,-21.7626,135.798,7.53686
2295,-21.7618,-167.77,8.65761
2296,-21.7616,139.091,8.65623
2297,-21.7581,9.65236,7.41115
2298,-21.7538,-163.282,6.2525
2299,-21.7533,103.513,6.41654
2300,-21.7477,-170.119,9.10303
2301,-21.7388,118.275,6.39901
2302,-21.7324,-132.736,9.95187
2303,-21.7301,-75.316,8.56391
2304,-21.727,-135.389,7.68395
2305,-21.7266,109.145,6.38651
2306,-21.7127,-153.648,6.92068
2307,-21.7111,103.13,6.38212
2308,-21.7107,143.55,6.64005
2309,-21.7106,-170.992,7.05645
2310,-21.7073,134.592,6.71892
2311,-21.7062,139.634,8.10171
2312,-21.7051,-125.929,8.95633
2313,-21.7044,62.4416,6.48759
2314,-21.6997,62.6695,6.60783
2315,-21.6961,138.569,8.16224
2316,-21.691,-152.772,6.17481
2317,-21.6839,7.65368,7.71568
2318,-21.6793,-147.997,8.89606
2319,-21.679,-134.226,7.33725
2320,-21.6721,172.229,6.63383
2321,-21.6677,25.5405,8.7397
2322,-21.6663,55.1102,8.98597
2323,-21.6601,135.469,6.46824
2324,-21.6594,57.3012,6.57953
2325,-21.6539,159.217,6.53674
2326,-21.6503,62.056,8.62933
2327,-21.6489,102.67,7.59059
2328,-21.6435,-63.335,7.0181
2329,-21.6426,82.9805,9.16707
2330,-21.6421,44.1919,9.16659
2331,-21.6383,7.90846,6.56977
2332,-21.6361,68.1839,9.51241
2333,-21.6354,-137.524,9.9652
2334,-21.6342,149.193,7.97613
2335,-21.6286,-157.118,6.49927
2336,-21.6285,-133.972,7.5152
2337,-21.6273,-37.094,9.01377
2338,-21.6264,5.0957,8.59021
2339,-21.6217,-123.656,6.16332
2340,-21.6142,60.0812,6.51319
2341,-21.6087,160.126,7.03168
2342,-21.607,139.967,7.19063
2343,-21.6034,177.295,6.56937
2344,-21.6031,179.663,6.71801
2345,-21.6028,-146.084,6.77106
2346,-21.5984,-136.46,6.15631
2347,-21.5947,-149.92,6.87389
2348,-21.5831,-77.223,7.62489
2349,-21.5826,71.8992,8.10061
2350,-21.577,10.3514,6.53375
2351,-21.5768,30.1472,7.75463
2352,-21.5744,-173.261,7.45359
2353,-21.5743,100.454,6.97574
2354,-21.5716,-146.355,7.67771
2355,-21.5629,99.3368,6.11996
2356,-21.5593,-129.146,8.72078
2357,-21.5557,137.366,6.01529
2358,-21.5553,7.65406,6.12848
2359,-21.5531,104.879,7.29907
2360,-21.5459,105.392,7.26734
2361,-21.5411,78.5102,7.53566
2362,-21.5358,-58.324,6.46451
2363,-21.5358,89.5822,9.87121
2364,-21.533,-161.141,8.74512
2365,-21.5322,-58.131,6.3004
2366,-21.5314,-147.147,8.71838
2367,-21.5287,-57.892,6.48736
2368,-21.5242,72.0081,7.31
2369,-21.5212,1.95824,6.19688
2370,-21.5211,-31.708,6.83669
2371,-21.5126,169.575,7.14948
2372,-21.5068,-14.162,7.73242
2373,-21.4984,13.7817,6.07331
2374,-21.4954,-152.177,7.09099
2375,-21.4915,99.8098,6.05188
2376,-21.4912,109.771,7.67634
2377,-21.4903,-127.474,8.54775
2378,-21.4725,173.95,7.96421
2379,-21.4703,87.8899,7.50313
2380,-21.4656,25.0639,6.81823
2381,-21.4639,155.61,7.39244
2382,-21.4507,-138.712,7.40207
2383,-21.4507,85.3136,7.22283
2384,-21.4503,139.086,8.56966
2385,-21.4482,112.654,9.19453
2386,-21.4441,-159.059,6.85851
2387,-21.4439,-113.968,6.40122
2388,-21.4401,-98.783,8.43623
2389,-21.4392,166.669,6.20458
2390,-21.4332,-156.395,9.77514
2391,-21.4237,39.2688,6.29836
2392,-21.4213,-173.933,8.08093
2393,-21.416,59.3123,6.57462
2394,-21.4121,-77.073,6.11626
2395,-21.4098,91.134,6.99816
2396,-21.4059,-160.832,6.0378
2397,-21.4042,-52.488,6.59318
2398,-21.4001,-148.808,6.56129
2399,-21.399,-160.572,9.75547
2400,-21.398,38.6137,6.52493
2401,-21.379,-148.972,8.69534
2402,-21.3783,173.94,6.54387
2403,-21.3773,39.4572,7.6939
2404,-21.3751,147.74,8.50468
2405,-21.3717,116.238,6.29209
2406,-21.3706,-137.024,7.60474
2407,-21.3685,0.772632,6.03648
2408,-21.3662,40.0179,9.94777
2409,-21.354,147.453,6.11622
2410,-21.3505,-142.106,8.69667
2411,-21.3383,139.334,6.27489
2412,-21.3363,-166.335,8.41198
2413,-21.3358,172.137,9.74752
2414,-21.3334,55.5192,6.90118
2415,-21.3293,26.4585,8.1887
2416,-21.3242,-66.348,9.4694
2417,-21.3223,-125.294,7.82224
2418,-21.3215,135.656,8.68382
2419,-21.3214,-143.682,8.1037
2420,-21.32,-139.454,9.85932
2421,-21.3173,120.988,6.10931
2422,-21.3136,-158.798,6.81967
2423,-21.31,-159.765,7.38079
2424,-21.3081,-169.539,9.11849
2425,-21.3076,-130.576,7.71343
2426,-21.3048,102.478,8.84703
2427,-21.2997,40.7611,9.57232
2428,-21.292,13.173,7.78337
2429,-21.2862,141.376,7.1035
2430,-21.2806,39.181,6.25469
2431,-21.2787,121.986,6.2313
2432,-21.2774,140.771,6.75322
2433,-21.2735,141.949,7.20079
2434,-21.273,-168.631,6.12734
2435,-21.2661,170.755,7.86723
2436,-21.2637,112.438,8.48069
2437,-21.2572,60.6958,8.70677
2438,-21.2563,35.3205,7.03902
2439,-21.2507,87.2304,6.86391
2440,-21.2507,121.264,6.89929
2441,-21.2485,-31.222,6.12284
2442,-21.2477,168.111,9.11012
2443,-21.2475,-152.425,8.25187
2444,-21.2428,40.9265,7.6319
2445,-21.2412,165.91,7.06515
2446,-21.2345,100.27,7.10007
2447,-21.2335,-152.062,7.21378
2448,-21.2325,-113.749,6.88096
2449,-21.2312,118.54,8.43381
2450,-21.2287,-138.001,9.74563
2451,-21.227,-126.423,6.51635
2452,-21.2258,-137.791,6.0606
2453,-21.2234,-71.193,6.67869
2454,-21.214,-133.99,9.6562
2455,-21.2137,158.719,6.87129
2456,-21.2107,-164.891,9.54192
2457,-21.2106,49.9475,6.86618
2458,-21.2065,173.797,9.21539
2459,-21.2059,-139.299,8.60174
2460,-21.2046,22.6865,7.20676
2461,-21.2038,142.865,7.50017
2462,-21.1986,116.119,6.63176
2463,-21.1973,146.56,8.86958
2464,-21.1867,174.171,9.91309
2465,-21.1822,-124.475,7.20556
2466,-21.1801,18.2711,6.78512
2467,-21.1766,-123.968,9.16726
2468,-21.1743,85.2078,9.70711
2469,-21.1741,-157.62,6.0432
2470,-21.1728,118.28,8.28512
2471,-21.1687,-169.782,9.44022
2472,-21.1607,92.4248,6.13121
2473,-21.1584,173.929,7.76302
2474,-21.158,-130.557,8.25943
2475,-21.1534,-176.971,6.17924
2476,-21.1503,-76.681,8.11443
2477,-21.1465,-135.739,7.52543
2478,-21.1438,-128.756,8.65535
2479,-21.1428,45.1453,7.33022
2480,-21.1388,149.205,7.85866
2481,-21.1366,156.654,8.2053
2482,-21.1337,-129.998,8.75505
2483,-21.128,-26.792,7.92542
2484,-21.126,112.035,6.11132
2485,-21.1154,38.9058,7.36349
2486,-21.0981,-151.453,6.01452
2487,-21.0973,-148.803,6.59991
2488,-21.0928,136.939,7.45824
2489,-21.0893,62.5038,8.07282
2490,-21.0852,137.12,7.81456
2491,-21.0827,-136.152,6.52358
2492,-21.0796,-130.302,7.63897
2493,-21.0788,8.93515,6.50734
2494,-21.0739,-113.373,8.1993
2495,-21.0734,-139.334,7.08434
2496,-21.071,-139.058,7.99247
2497,-21.0632,170.606,6.34397
2498,-21.0627,-124.72,8.92954
2499,-21.0615,122.042,7.15415
2500,-21.061,116.472,6.45956
2501,-21.0573,-142.996,8.76342
2502,-21.0573,1.88731,6.0392
2503,-21.0508,141.279,7.90836
2504,-21.049,39.8207,7.91989
2505,-21.0403,105.442,6.63621
2506,-21.028,-142.772,8.6039
2507,-21.0269,-127.078,9.25628
2508,-21.0249,40.5363,7.44773
2509,-21.0238,23.0854,7.71452
2510,-21.022,174.432,6.10318
2511,-21.0182,-152.228,9.93844
2512,-21.0163,-130.751,7.40128
2513,-21.0089,174.643,7.21681
2514,-21.0028,-164.472,7.36381
2515,-21.0011,-174.883,6.02635
2516,-21.0003,177.842,9.38749
2517,-20.9909,-177.065,7.82828
2518,-20.9866,-135.946,6.89546
2519,-20.9861,136.627,6.05286
2520,-20.981,-164.736,7.67635
2521,-20.975,87.4613,6.4435
2522,-20.9681,109.235,7.06839
2523,-20.9674,-46.534,6.40212
2524,-20.9668,-151.741,7.18486
2525,-20.962,1.3605,6.23966
2526,-20.9614,104.558,7.9418
2527,-20.9602,92.2412,7.18778
2528,-20.9594,-161.466,9.79428
2529,-20.9585,-168.355,8.23138
2530,-20.9546,62.9826,6.40941
2531,-20.9513,-149.848,6.61285
2532,-20.9478,-140.595,6.25473
2533,-20.9476,-167.731,8.35745
2534,-20.9426,-169.937,6.82439
2535,-20.942,-162.584,9.6802
2536,-20.9283,115.479,7.32258
2537,-20.922,27.0154,6.38188
2538,-20.9219,-163.58,6.75012
2539,-20.9112,-168.671,7.41045
2540,-20.9023,146.749,7.37266
2541,-20.8995,1.12282,6.95158
2542,-20.8919,-120.414,9.70155
2543,-20.8897,151.226,7.60837
2544,-20.8885,136.227,6.05384
2545,-20.8785,-135.491,8.9156
2546,-20.8785,-94.592,6.59727
2547,-20.8646,-149.122,8.26697
2548,-20.8639,122.086,7.03937
2549,-20.8635,61.4558,6.20939
2550,-20.8616,159.218,6.4438
2551,-20.854,152.703,6.86019
2552,-20.8495,25.3199,6.04094
2553,-20.846,-150.509,6.69001
2554,-20.8445,-164.699,7.9071
2555,-20.8411,-142.664,8.3928
2556,-20.841,100.478,6.12146
2557,-20.8351,104.322,6.87115
2558,-20.8347,38.768,7.65047
2559,-20.8309,-121.376,6.44417
2560,-20.8302,168.791,6.34879
2561,-20.8242,-127.818,7.90799
2562,-20.8207,-141.763,6.18221
2563,-20.8196,-163.858,7.53928
2564,-20.8166,145.417,6.23908
2565,-20.8161,116.653,6.12468
2566,-20.7989,-5.668,6.38113
2567,-20.7946,-172.723,6.95467
2568,-20.7866,-105.887,7.62461
2569,-20.7846,162.718,7.97891
2570,-20.7844,-55.759,7.53025
2571,-20.7838,18.6171,6.73478
2572,-20.7773,17.9871,6.90501
2573,-20.771,-2.937,6.78372
2574,-20.7691,-167.019,7.01926
2575,-20.765,-129.729,6.92104
2576,-20.7625,-49.036,6.78649
2577,-20.7625,161.183,6.21947
2578,-20.7615,71.558,6.68595
2579,-20.7576,-129.205,6.58238
2580,-20.7508,-66.609,9.08137
2581,-20.7476,8.70385,7.38709
2582,-20.7418,104.391,7.31345
2583,-20.7374,25.0858,6.83716
2584,-20.7367,-161.242,6.69456
2585,-20.7322,-153.838,9.23792
2586,-20.7257,144.232,7.29367
2587,-20.7197,115.385,7.62049
2588,-20.7182,-163.596,7.21464
2589,-20.7074,159.719,7.35165
2590,-20.7001,75.7724,7.27713
2591,-20.6996,-134.964,7.3846
2592,-20.6964,142.519,7.95437
2593,-20.6961,142.937,7.00334
2594,-20.6852,116.479,6.81706
2595,-20.6805,6.21603,8.30682
2596,-20.6758,-179.645,7.63689
2597,-20.6717,74.943,7.55026
2598,-20.6714,138.595,7.39983
2599,-20.6637,11.6177,7.56114
2600,-20.6631,-160.921,6.9795
2601,-20.663,-148.793,6.65257
2602,-20.661,30.7872,7.45187
2603,-20.6602,152.859,7.11945
2604,-20.657,-122.363,6.99487
2605,-20.6478,-72.731,6.39507
2606,-20.6402,168.818,9.5573
2607,-20.6401,120.768,6.15549
2608,-20.6335,121.581,6.52657
2609,-20.6324,143.441,8.22404
2610,-20.6241,6.00726,7.13773
2611,-20.6222,-142.408,6.61775
2612,-20.6221,152.348,7.25454
2613,-20.62,163.459,7.17084
2614,-20.6162,-153.513,7.16665
2615,-20.613,-175.538,6.2226
2616,-20.6114,-152.003,7.79403
2617,-20.6103,118.494,8.39584
2618,-20.5877,-69.372,7.62213
2619,-20.5872,-147.309,7.35394
2620,-20.5845,114.404,6.72351
2621,-20.5836,3.36901,7.20356
2622,-20.574,75.8435,6.16953
2623,-20.5714,-123.725,6.52456
2624,-20.5656,-103.869,6.1956
2625,-20.5627,-165.775,7.60838
2626,-20.5558,-165.424,7.80849
2627,-20.5546,-27.03,6.49612
2628,-20.5478,138.398,7.13732
2629,-20.5417,-115.096,6.72676
2630,-20.5414,-113.354,6.53241
2631,-20.5341,3.50427,6.85584
2632,-20.532,-30.616,6.76542
2633,-20.5259,-140.679,7.9986
2634,-20.5256,-167.204,9.67235
2635,-20.5215,104.528,7.73061
2636,-20.516,172.72,8.97405
2637,-20.513,-157.43,6.87717
2638,-20.5128,103.162,7.06917
2639,-20.5076,-142.9,9.29367
2640,-20.5064,-45.383,6.45392
2641,-20.5039,152.315,7.59323
2642,-20.5004,136.89,7.40189
2643,-20.4988,154.474,6.89258
2644,-20.4957,-68.747,8.33434
2645,-20.4942,-56.479,6.06661
2646,-20.4863,-63.155,6.62389
2647,-20.4857,91.9954,8.49922
2648,-20.4839,-124.003,8.63634
2649,-20.4817,37.9558,7.55007
2650,-20.4814,4.38559,8.22727
2651,-20.4787,166.149,8.77682
2652,-20.4757,-124.129,7.52761
2653,-20.4752,-138.467,8.2746
2654,-20.475,167.523,8.74232
2655,-20.4731,-155.431,9.36048
2656,-20.4722,-60.26,6.65642
2657,-20.4705,7.54252,6.13871
2658,-20.4671,42.8877,9.28282
2659,-20.4613,-126.288,7.14049
2660,-20.4612,-168.622,9.3689
2661,-20.4611,123.169,7.64662
2662,-20.4554,-69.929,7.66622
2663,-20.4434,179.955,7.50557
2664,-20.4306,-137.522,6.40158
2665,-20.4297,116.4,9.39688
2666,-20.4176,91.6799,7.90896
2667,-20.4164,88.1928,6.28991
2668,-20.4056,-156.19,8.90114
2669,-20.4027,-62.628,6.14081
2670,-20.399,142.62,6.62058
2671,-20.3984,104.641,6.36537
2672,-20.3962,-179.665,6.10649
2673,-20.3884,93.562,6.0308
2674,-20.386,99.6744,7.23432
2675,-20.3798,75.1764,7.30049
2676,-20.3725,27.1437,7.64462
2677,-20.3618,-60.431,6.46953
2678,-20.3534,-145.145,8.27194
2679,-20.3488,135.672,7.23815
2680,-20.3364,91.5246,6.07794
2681,-20.3359,-149.054,6.75068
2682,-20.3286,-141.74,7.93922
2683,-20.3261,-166.445,9.46076
2684,-20.3161,145.846,8.3558
2685,-20.3147,122.788,7.04519
2686,-20.3124,-163.435,9.4695
2687,-20.3106,-135.116,6.21361
2688,-20.3104,122.553,6.90931
2689,-20.3104,141.569,7.37858
2690,-20.3066,62.195,6.86842
2691,-20.3056,3.75354,7.55881
2692,-20.3052,137.093,8.79245
2693,-20.3044,166.268,6.16091
2694,-20.3041,-178.674,9.37948
2695,-20.2996,-173.785,9.33925
2696,-20.2982,-122.81,6.95428
2697,-20.2775,104.8,6.07487
2698,-20.2606,91.031,7.25304
2699,-20.2584,-126.339,7.38287
2700,-20.257,-146.907,9.37046
2701,-20.2564,35.0501,7.6313
2702,-20.2531,27.9371,6.08241
2703,-20.2418,157.909,7.12795
2704,-20.2385,102.605,9.34637
2705,-20.2372,82.1319,7.13883
2706,-20.2365,103.454,8.40842
2707,-20.228,177.494,9.24063
2708,-20.2253,-4.794,7.50613
2709,-20.2247,75.2223,6.38463
2710,-20.2146,102.323,6.98995
2711,-20.2134,62.4523,8.75118
2712,-20.2117,67.1207,6.38587
2713,-20.2097,-49.216,6.56726
2714,-20.2012,154.801,6.85693
2715,-20.196,-152.589,7.28159
2716,-20.1913,-139.012,6.12581
2717,-20.191,93.0851,9.04686
2718,-20.1869,158.037,6.83492
2719,-20.1847,97.4282,6.03069
2720,-20.182,103.832,9.91539
2721,-20.1771,1.46072,7.43973
2722,-20.1735,82.8992,7.81009
2723,-20.1713,71.7252,6.0545
2724,-20.1696,119.317,7.22554
2725,-20.1679,119.584,6.80039
2726,-20.1671,-139.213,6.21912
2727,-20.1661,-173.054,9.39156
2728,-20.1642,67.8934,8.89828
2729,-20.1638,-148.443,8.63886
2730,-20.1603,-132.753,8.8213
2731,-20.1585,7.58052,8.17809
2732,-20.1538,121.025,8.79017
2733,-20.1438,122.909,8.99422
2734,-20.1421,-148.99,9.84485
2735,-20.1381,106.439,6.03326
2736,-20.1373,151.18,9.96051
2737,-20.1323,-155.099,6.01528
2738,-20.1317,104.578,7.08903
2739,-20.1245,167.587,6.56467
2740,-20.1209,118.483,9.1325
2741,-20.1178,101.241,6.08799
2742,-20.1145,-138.7,7.07498
2743,-20.1112,5.63204,6.88012
2744,-20.1081,-161.94,7.79161
2745,-20.108,84.663,9.44342
2746,-20.1067,35.1676,6.29013
2747,-20.0927,-32.897,6.88578
2748,-20.0861,-169.644,7.25152
2749,-20.0839,-71.254,9.84176
2750,-20.0823,-58.423,7.56292
2751,-20.0819,35.0112,7.29736
2752,-20.0817,118.914,6.9895
2753,-20.0802,48.2501,6.55965
2754,-20.0763,151.417,6.01082
2755,-20.0736,95.3377,6.24663
2756,-20.0699,3.85105,7.29086
2757,-20.0649,123.235,6.47102
2758,-20.0619,-32.171,9.99961
2759,-20.0574,23.8886,7.23836
2760,-20.052,-4.997,7.18639
2761,-20.0493,138.591,7.13646
2762,-20.0395,114.753,6.44493
2763,-20.0318,146.159,8.0115
2764,-20.0286,-112.153,8.05092
2765,-20.0256,-166.874,7.77631
2766,-20.0205,100.404,8.14223
2767,-20.0155,135.474,8.24148
2768,-20.0062,-170.488,6.15442
2769,-19.9936,135.25,6.34535
2770,-19.9893,85.0258,8.86118
2771,-19.9891,166.02,9.86755
2772,-19.9849,16.9973,9.75368
2773,-19.981,-148.694,9.56583
2774,-19.9799,-153.631,6.2199
2775,-19.9777,-106.746,7.71555
2776,-19.9762,103.779,6.65252
2777,-19.9696,105.018,7.01895
2778,-19.9668,-62.394,7.04274
2779,-19.9654,3.40602,7.59432
2780,-19.9597,19.2008,6.4672
2781,-19.958,-173.673,6.27509
2782,-19.9576,146.232,6.9807
2783,-19.9572,5.24207,6.20598
2784,-19.9557,-165.128,6.65241
2785,-19.9549,19.8721,7.19894
2786,-19.9536,-144.123,8.68095
2787,-19.9514,-122.592,7.40041
2788,-19.9512,23.7336,6.65433
2789,-19.951,30.8202,9.01919
2790,-19.9499,173.579,7.61561
2791,-19.9447,115.706,8.03336
2792,-19.9421,40.649,7.09575
2793,-19.936,121.992,7.85379
2794,-19.9302,151.488,6.89519
2795,-19.9254,-133.597,9.30922
2796,-19.9167,69.8237,8.5577
2797,-19.9113,-123.536,6.88611
2798,-19.9074,123.787,8.61915
2799,-19.9061,94.1775,8.66012
2800,-19.9054,-0.313,6.80077
2801,-19.9037,-140.123,7.31574
2802,-19.9015,-59.297,7.57584
2803,-19.8974,-163.035,6.05237
2804,-19.8967,-143.252,8.67068
2805,-19.8949,24.4333,8.11139
2806,-19.8948,4.90046,6.44969
2807,-19.8929,114.945,8.42015
2808,-19.8922,-57.682,9.36944
2809,-19.8888,1.85596,6.39948
2810,-19.8863,-144.358,7.91413
2811,-19.8842,-148.039,8.4317
2812,-19.8825,-126.364,7.3275
2813,-19.8809,59.403,6.37022
2814,-19.8793,-33.092,9.95163
2815,-19.8766,-140.578,6.8283
2816,-19.8735,165.218,9.28394
2817,-19.8575,-53.835,7.13058
2818,-19.8538,-111.563,6.05269
2819,-19.8532,-174.253,8.42065
2820,-19.8512,168.097,6.02177
2821,-19.8486,29.0662,6.77905
2822,-19.8407,123.63,7.80184
2823,-19.8406,135.371,6.2086
2824,-19.837,-107.631,6.08793
2825,-19.835,99.5693,6.65368
2826,-19.831,49.5392,8.74059
2827,-19.826,133.796,6.90784
2828,-19.8235,-134.704,7.9689
2829,-19.8122,98.1326,6.55455
2830,-19.81,-162.932,7.25276
2831,-19.8087,64.7612,8.58806
2832,-19.8069,137.909,6.41345
2833,-19.7983,-62.667,6.44059
2834,-19.7932,19.9935,9.86129
2835,-19.7922,9.38778,7.68035
2836,-19.79,137.069,6.74107
2837,-19.7869,-123.156,7.23453
2838,-19.7833,-126.174,8.00077
2839,-19.7776,121.855,7.65773
2840,-19.7715,-162.679,7.73458
2841,-19.7675,-61.918,6.17337
2842,-19.7669,166.556,8.01831
2843,-19.7667,-164.543,9.28733
2844,-19.7658,48.3379,6.18848
2845,-19.7643,-154.407,7.13749
2846,-19.7589,24.4538,8.65089
2847,-19.7572,-66.91,9.15353
2848,-19.7526,122.052,8.13789
2849,-19.7525,-124.068,7.46356
2850,-19.7499,118.304,8.18266
2851,-19.7461,103.535,6.64059
2852,-19.7436,104.347,8.07517
2853,-19.7413,0.306031,9.86328
2854,-19.7368,123.334,9.63622
2855,-19.7363,163.024,6.42161
2856,-19.7278,-123.594,7.69364
2857,-19.7246,159.962,9.75333
2858,-19.7236,178.638,6.49635
2859,-19.7155,161.36,8.26883
2860,-19.7145,86.7191,6.04417
2861,-19.7028,-151.087,6.52436
2862,-19.7009,40.6602,7.73054
2863,-19.698,4.48542,8.22946
2864,-19.6873,147.435,9.69518
2865,-19.6872,-18.237,8.95898
2866,-19.6826,178.588,9.49393
2867,-19.677,175.142,6.14341
2868,-19.6764,81.1129,8.33962
2869,-19.6374,153.468,9.46504
2870,-19.6328,-174.079,9.34944
2871,-19.6283,166.306,7.94872
2872,-19.6276,-62.07,8.0053
2873,-19.627,3.98234,9.40299
2874,-19.6244,-128,6.08804
2875,-19.6217,-169.087,8.17106
2876,-19.6216,113.548,7.49876
2877,-19.6143,-149.383,7.6529
2878,-19.6078,165.163,6.60991
2879,-19.6003,8.78105,6.29023
2880,-19.5952,154.558,6.23514
2881,-19.5877,-84.762,6.35943
2882,-19.5865,-170.325,9.7505
2883,-19.5792,-150.971,6.71711
2884,-19.5761,164.195,6.73072
2885,-19.5688,157.971,7.62894
2886,-19.5647,163.721,7.44502
2887,-19.5579,-135.712,6.11886
2888,-19.5577,150.254,6.13705
2889,-19.5503,88.4851,8.20201
2890,-19.5482,108.609,6.29605
2891,-19.5458,-62.344,8.59014
2892,-19.5418,122.532,6.06005
2893,-19.5385,23.0608,6.47803
2894,-19.5371,101.204,6.4211
2895,-19.5365,39.0134,8.60753
2896,-19.5332,-63.492,9.26297
2897,-19.5327,27.6242,9.16252
2898,-19.5258,142.021,8.20294
2899,-19.5182,155.677,6.5511
2900,-19.5133,65.4929,6.21767
2901,-19.5119,122.111,6.90212
2902,-19.5102,-170.973,8.46499
2903,-19.5,-125.002,7.20571
2904,-19.4947,164.789,9.22169
2905,-19.4945,-158.75,7.20403
2906,-19.4875,-178.61,7.81269
2907,-19.4862,-111.214,8.31287
2908,-19.4735,147.493,6.73939
2909,-19.4729,121.829,6.3449
2910,-19.461,149.941,6.89272
2911,-19.4551,19.9959,7.16472
2912,-19.4507,103.845,6.17988
2913,-19.4481,167.313,7.88945
2914,-19.4476,-127.137,7.64367
2915,-19.4457,66.3582,6.62803
2916,-19.4425,141.66,7.19874
2917,-19.4412,-66.5,7.49704
2918,-19.4382,-112.922,9.44502
2919,-19.438,28.635,9.83305
2920,-19.437,163.487,6.2115
2921,-19.4357,1.58665,6.66389
2922,-19.4326,159.773,8.62966
2923,-19.431,48.4281,7.38933
2924,-19.4191,161.586,6.27943
2925,-19.4183,-114.317,6.07062
2926,-19.4164,-159.305,8.6557
2927,-19.4147,148.731,6.6431
2928,-19.4068,112.232,9.18253
2929,-19.3962,-48.758,7.68786
2930,-19.3822,-118.375,8.33994
2931,-19.3758,-32.194,6.73888
2932,-19.3747,67.1556,6.81642
2933,-19.3619,162.819,6.35261
2934,-19.3546,163.788,7.78787
2935,-19.3465,-174.445,9.32582
2936,-19.3422,164.08,6.87118
2937,-19.3418,115.194,6.34476
2938,-19.3405,-174.798,6.11934
2939,-19.3393,138.471,7.23656
2940,-19.3383,134.177,9.47013
2941,-19.3377,118.694,7.82478
2942,-19.3358,142.671,8.75981
2943,-19.335,1.55208,6.07622
2944,-19.3327,139.925,6.63051
2945,-19.3242,155.518,9.38784
2946,-19.3201,101.038,6.984
2947,-19.3157,99.2536,6.14991
2948,-19.3153,88.3487,6.54433
2949,-19.3114,-170.748,9.80773
2950,-19.3105,122.285,6.62047
2951,-19.3097,73.7647,6.2422
2952,-19.3092,46.1611,6.84159
2953,-19.3081,163.088,8.79617
2954,-19.2876,-26.267,8.58607
2955,-19.2816,-144.364,7.02506
2956,-19.2814,152.158,7.63237
2957,-19.2776,-35.338,9.44336
2958,-19.2753,-129.976,6.30043
2959,-19.2753,165.586,7.63771
2960,-19.2728,-175.046,6.69796
2961,-19.2506,136.93,6.86028
2962,-19.245,100.39,9.18037
2963,-19.2446,161.548,6.14475
2964,-19.2319,43.1311,9.04605
2965,-19.2277,-152.075,7.74317
2966,-19.2273,28.6104,7.8855
2967,-19.226,-161.817,9.76679
2968,-19.2221,1.49406,6.46317
2969,-19.2215,122.49,6.16271
2970,-19.2204,116.642,7.59801
2971,-19.2128,145.28,6.73508
2972,-19.2041,47.4972,6.24467
2973,-19.2002,66.7052,6.82239
2974,-19.1962,26.9551,6.40716
2975,-19.1957,-138.295,6.03121
2976,-19.185,152.04,8.39284
2977,-19.18,137.407,6.04606
2978,-19.1792,-172.475,8.05578
2979,-19.1782,-159.745,9.29881
2980,-19.1692,-160.137,8.89438
2981,-19.1648,143.532,8.63928
2982,-19.1588,-31.73,6.1791
2983,-19.1552,-172.263,6.66807
2984,-19.1333,-63.039,7.0898
2985,-19.1333,162.176,6.0174
2986,-19.1306,-126.489,6.11662
2987,-19.1303,-159.144,8.03136
2988,-19.1298,5.50109,7.77763
2989,-19.1249,-102.996,6.31424
2990,-19.1248,137.956,6.87428
2991,-19.124,148.669,8.39374
2992,-19.1239,152.878,7.05949
2993,-19.1208,-122.999,7.34697
2994,-19.118,165.095,6.43962
2995,-19.1084,154.569,8.10246
2996,-19.1054,99.3973,9.07573
2997,-19.1038,27.215,9.80755
2998,-19.0975,179.973,7.2549
2999,-19.0923,139.789,6.1831
3000,-19.0899,157.643,6.47253
3001,-19.0898,86.8394,6.03992
3002,-19.0815,122.478,6.38313
3003,-19.0768,26.8146,8.04653
3004,-19.0765,41.5402,6.74093
3005,-19.0677,111.168,9.90824
3006,-19.0661,-154.746,6.0352
3007,-19.0591,3.64998,6.66386
3008,-19.057,-35.445,9.10982
3009,-19.0547,-175.257,6.59856
3010,-19.0537,-133.867,6.07903
3011,-19.047,58.246,9.66763
3012,-19.0459,-150.964,8.64028
3013,-19.0331,-123.96,7.48839
3014,-19.0274,64.1778,9.31886
3015,-19.0121,73.8351,6.24939
3016,-19.0073,118.415,6.26304
3017,-19.0059,-117.565,6.95975
3018,-19.0054,-114.475,7.20744
3019,-19.0051,155.934,6.56126
3020,-19.0043,25.7873,7.09164
3021,-19.002,151.851,7.95194
3022,-18.9972,16.5801,6.04826
3023,-18.9937,138.108,6.02658
3024,-18.9928,156.129,6.64998
3025,-18.9904,44.3171,7.57335
3026,-18.9847,-56.168,6.70591
3027,-18.9827,116.713,8.55293
3028,-18.9775,-58.927,7.847
3029,-18.9767,137.003,6.13633
3030,-18.973,-130.709,7.30142
3031,-18.9685,45.4976,7.54239
3032,-18.95,161.001,6.7279
3033,-18.9487,45.3994,6.16057
3034,-18.9482,48.69,9.45752
3035,-18.9414,28.019,8.20394
3036,-18.9396,148.928,6.143
3037,-18.9386,152.209,8.99888
3038,-18.9365,80.8624,9.8782
3039,-18.9256,155.259,6.26146
3040,-18.9143,45.1656,8.24675
3041,-18.9005,158.841,9.87573
3042,-18.885,109.641,6.30599
3043,-18.8819,-126.425,7.53524
3044,-18.8742,114.082,9.74545
3045,-18.8729,-142.597,8.49528
3046,-18.8717,102.385,6.87578
3047,-18.8637,25.838,7.23099
3048,-18.8636,76.723,7.92989
3049,-18.8622,-162.877,9.23768
3050,-18.8613,81.3365,6.13876
3051,-18.8553,160.261,9.32279
3052,-18.8543,-126.682,6.59198
3053,-18.8537,-144.397,7.23295
3054,-18.8528,-16.644,7.79203
3055,-18.8524,118.65,9.59449
3056,-18.8497,44.5809,8.76278
3057,-18.8431,-163.768,6.35742
3058,-18.838,74.5016,6.36459
3059,-18.8344,161.886,6.34769
3060,-18.8329,149.388,8.79786
3061,-18.8321,-137.652,9.11071
3062,-18.8285,116.031,7.06732
3063,-18.8246,-112.892,8.77435
3064,-18.8233,22.0742,6.50452
3065,-18.8222,73.8126,6.99603
3066,-18.8175,-157.826,6.47134
3067,-18.8173,-144.779,7.39709
3068,-18.8139,101.534,9.90168
3069,-18.8123,-176.357,6.51379
3070,-18.8113,167.967,7.37446
3071,-18.8021,-161.624,6.17286
3072,-18.7811,168.477,6.3936
3073,-18.7808,-43.72,6.57767
3074,-18.78,-157.162,7.084
3075,-18.7645,153.223,6.35103
3076,-18.7621,145.773,9.38117
3077,-18.762,45.7648,6.89614
3078,-18.7531,-166.436,8.13956
3079,-18.7252,-151.655,6.38025
3080,-18.7241,5.70106,9.05841
3081,-18.7229,45.9739,6.51447
3082,-18.7218,4.98583,6.47176
3083,-18.7164,116.098,7.23117
3084,-18.7153,69.1464,6.08177
3085,-18.6908,70.4982,7.73944
3086,-18.6879,61.1699,6.62679
3087,-18.6869,122.812,6.99031
3088,-18.6783,171.052,9.98237
3089,-18.6746,-149.71,7.13414
3090,-18.6738,-147.595,7.09754
3091,-18.672,152.311,9.58138
3092,-18.6714,-137.981,7.05059
3093,-18.6634,-138.581,9.95515
3094,-18.6612,-154.542,8.28994
3095,-18.6458,90.7357,7.24751
3096,-18.6421,19.4224,7.50167
3097,-18.6344,-117.568,6.90377
3098,-18.6181,112.774,7.61765
3099,-18.615,76.946,6.36539
3100,-18.6114,-173.314,8.61774
3101,-18.6058,-176.509,6.25944
3102,-18.5976,-128.415,7.68529
3103,-18.5849,-177.871,9.9324
3104,-18.5841,-123.302,7.05583
3105,-18.584,165.432,6.27627
3106,-18.5828,-155.178,9.58506
3107,-18.5756,134.354,9.81056
3108,-18.5709,-176.227,6.1381
3109,-18.5697,67.6432,7.48178
3110,-18.5607,-161.811,9.11663
3111,-18.5512,45.8425,6.77466
3112,-18.5477,27.7509,7.34587
3113,-18.5466,-161.642,6.00843
3114,-18.5422,137.071,8.68189
3115,-18.5387,142.843,6.0249
3116,-18.5375,132.366,7.17309
3117,-18.5337,124.603,6.77194
3118,-18.53,-175.966,9.09881
3119,-18.5257,121.816,6.59169
3120,-18.5223,-178.836,8.12631
3121,-18.5141,4.14735,7.54188
3122,-18.5022,153.701,8.09368
3123,-18.5019,-5.609,6.74071
3124,-18.4771,-160.962,7.94352
3125,-18.4763,-157.719,7.3341
3126,-18.473,109.308,8.77321
3127,-18.4715,-159.91,6.22033
3128,-18.4673,25.2856,9.58416
3129,-18.46,-126.122,6.11862
3130,-18.4594,-8.237,8.23633
3131,-18.4582,8.86723,8.74158
3132,-18.4573,141.749,7.1472
3133,-18.4543,-43.619,7.42212
3134,-18.4472,-164.23,8.06647
3135,-18.4457,-169.531,7.41813
3136,-18.4305,-132.926,7.07682
3137,-18.4257,60.0875,6.98114
3138,-18.4231,55.1013,6.04764
3139,-18.4197,-156.346,7.52659
3140,-18.4107,-112.225,6.98086
3141,-18.4015,162.553,9.88221
3142,-18.3994,-62.382,7.65946
3143,-18.3763,-168.284,6.38153
3144,-18.3737,81.4039,6.575
3145,-18.3697,-115.819,6.65997
3146,-18.3578,-55.047,8.17706
3147,-18.3575,26.6137,9.10788
3148,-18.357,76.3724,8.97212
3149,-18.3555,-49.626,6.30347
3150,-18.3547,101.566,7.40129
3151,-18.3483,94.5074,7.44183
3152,-18.3475,-21.853,7.18474
3153,-18.3463,80.3035,9.18237
3154,-18.3455,-168.591,7.40616
3155,-18.344,27.3878,6.94689
3156,-18.3402,-156.607,8.46715
3157,-18.3385,-173.001,8.06222
3158,-18.3364,-179.011,7.25143
3159,-18.3242,117.067,8.05254
3160,-18.3118,88.3699,7.99504
3161,-18.3104,158.993,8.94191
3162,-18.3033,-162.844,7.50433
3163,-18.2957,-157.986,7.55146
3164,-18.2924,113.087,7.5471
3165,-18.2859,100.261,6.14167
3166,-18.2857,27.1226,7.06467
3167,-18.2668,113.253,6.02634
3168,-18.2654,157.4,8.38271
3169,-18.2538,151.896,8.68027
3170,-18.2537,122.188,6.56359
3171,-18.2502,-154.905,6.4225
3172,-18.2416,-138.425,7.42321
3173,-18.2386,145.473,7.5502
3174,-18.2367,-43.572,9.1612
3175,-18.2355,137.878,6.23006
3176,-18.2316,-175.06,8.37219
3177,-18.2314,-156.612,6.8047
3178,-18.2309,4.14296,9.99813
3179,-18.2309,41.091,8.74121
3180,-18.2286,-169.912,8.62513
3181,-18.2251,8.16238,6.47502
3182,-18.2236,155.132,6.52467
3183,-18.2069,-72.78,6.47067
3184,-18.202,143.072,7.52933
3185,-18.1976,-146.28,9.18056
3186,-18.1963,166.392,6.87154
3187,-18.1842,-137.404,8.09832
3188,-18.1825,-148.841,6.27919
3189,-18.182,-164.455,6.12028
3190,-18.1764,-157.731,9.74328
3191,-18.1744,82.7387,7.30009
3192,-18.1698,-140.953,6.41552
3193,-18.1618,90.7474,6.06971
3194,-18.1567,-155.772,9.13172
3195,-18.156,-156.043,9.82645
3196,-18.1548,-125.191,7.40715
3197,-18.148,141.773,7.18396
3198,-18.1479,-134.914,6.91599
3199,-18.1418,8.3478,7.23635
3200,-18.1416,170.296,7.56834
3201,-18.1402,-169.601,9.7473
3202,-18.1177,-148.03,7.29717
3203,-18.1176,19.5899,7.06299
3204,-18.1098,151.149,7.31586
3205,-18.1094,116.854,7.29902
3206,-18.0883,109.131,6.38939
3207,-18.079,-155.005,6.44918
3208,-18.0663,-1.495,8.68608
3209,-18.0603,162.337,9.03186
3210,-18.0579,-57.132,6.53804
3211,-18.0569,0.908117,6.54898
3212,-18.0434,103.982,6.00818
3213,-18.0428,121.922,8.50699
3214,-18.0393,165.466,7.6349
3215,-18.0338,-117.505,7.44444
3216,-18.0312,103.762,8.43793
3217,-18.0282,176.142,6.81269
3218,-18.0244,-151.016,6.88092
3219,-18.024,134.946,6.41267
3220,-18.0223,-135.325,9.08564
3221,-18.0139,139.886,7.46114
3222,-18.0126,-65.335,6.82375
3223,-18.0108,-175.768,8.00132
3224,-18.0098,25.6505,7.76395
3225,-18.0052,160.452,6.52371
3226,-18.0023,-134.165,6.32631
3227,-17.9898,145.007,6.17603
3228,-17.9886,115.557,8.98825
3229,-17.9867,-155.799,6.66004
3230,-17.9865,74.1683,6.95179
3231,-17.9853,108.756,6.26397
3232,-17.9847,19.6972,7.83991
3233,-17.9805,26.4949,7.62312
3234,-17.9774,42.4179,8.77515
3235,-17.9729,-143.752,8.12671
3236,-17.9701,-140.636,6.18555
3237,-17.9692,-111.74,7.64977
3238,-17.9669,25.3854,7.24302
3239,-17.9644,134.721,9.32269
3240,-17.9635,175.535,8.75953
3241,-17.9515,39.6738,8.12357
3242,-17.9486,14.3896,8.1203
3243,-17.9396,-115.236,6.56451
3244,-17.9396,132.58,6.52138
3245,-17.9231,-166.551,7.95982
3246,-17.9165,176.417,8.61151
3247,-17.9143,-145.323,8.76826
3248,-17.9142,-106.626,6.18705
3249,-17.9035,122.593,8.33053
3250,-17.8967,-142.615,8.14108
3251,-17.8962,-166.82,6.14605
3252,-17.8958,167.804,7.25939
3253,-17.8946,123.469,6.39214
3254,-17.8939,153.882,6.44603
3255,-17.8924,-68.072,7.75114
3256,-17.89,113.859,6.32759
3257,-17.8687,90.8845,8.44459
3258,-17.8638,139.549,6.51836
3259,-17.8588,-158.853,7.50523
3260,-17.8584,-165.971,9.07861
3261,-17.8553,46.0852,7.0546
3262,-17.854,-58.839,8.6197
3263,-17.8535,-155.182,8.31606
3264,-17.8505,8.178,8.1201
3265,-17.8431,135.558,6.97771
3266,-17.8389,25.4603,7.15766
3267,-17.8307,0.387811,7.50633
3268,-17.8238,-164.363,7.59745
3269,-17.819,-139.414,7.00748
3270,-17.8167,136.887,6.57261
3271,-17.812,-142.196,6.85264
3272,-17.8,117.261,8.82363
3273,-17.7974,61.1729,7.42578
3274,-17.7927,123.83,7.79149
3275,-17.7886,15.3367,9.98372
3276,-17.7871,99.7231,6.9728
3277,-17.7861,114.381,6.79967
3278,-17.7804,134.324,6.35846
3279,-17.7649,117.762,6.24351
3280,-17.7622,-163.876,6.5169
3281,-17.761,133.341,7.23298
3282,-17.7598,-157.746,7.13372
3283,-17.7591,-114.153,8.14635
3284,-17.7571,134.132,8.85512
3285,-17.7565,-77.768,6.95021
3286,-17.7524,59.6278,6.12018
3287,-17.7513,-164.604,7.38016
3288,-17.7501,46.2654,8.70985
3289,-17.7336,138.103,7.35079
3290,-17.7232,165.129,7.6615
3291,-17.7215,-155.166,6.11267
3292,-17.7196,-149.076,6.38015
3293,-17.719,-152.75,7.82092
3294,-17.7079,156.089,6.41629
3295,-17.7035,-148.271,7.23765
3296,-17.7001,153.057,6.23558
3297,-17.6957,-47.232,7.60921
3298,-17.6898,100.227,7.54072
3299,-17.6872,-169.318,6.28017
3300,-17.68,-5.252,7.77523
3301,-17.6797,-71.763,6.34406
3302,-17.6791,161.212,8.14102
3303,-17.678,-173.314,9.91389
3304,-17.6595,-43.733,6.57393
3305,-17.6536,89.7576,7.29102
3306,-17.653,-143.942,6.41895
3307,-17.6513,135.389,6.35812
3308,-17.6511,-139.424,6.54536
3309,-17.6463,-163.935,7.66502
3310,-17.6442,73.8506,7.87473
3311,-17.6431,177.732,7.91949
3312,-17.6406,-135.552,8.98106
3313,-17.6377,-117.304,7.20213
3314,-17.63,172.744,6.80118
3315,-17.6238,45.9926,8.11634
3316,-17.6207,-122.355,8.2842
3317,-17.6165,-155.479,7.05626
3318,-17.6111,-150.869,8.87935
3319,-17.6091,-54.52,6.31747
3320,-17.6052,-156.669,7.39465
3321,-17.6008,55.3757,7.42873
3322,-17.6003,118.992,8.14002
3323,-17.5886,89.1977,9.10809
3324,-17.5875,-49.584,8.51671
3325,-17.5868,-154.415,9.01794
3326,-17.5834,83.0364,6.28684
3327,-17.5695,134.508,6.30773
3328,-17.5685,-154.673,7.73968
3329,-17.5636,-144.479,8.88622
3330,-17.5367,19.557,6.27929
3331,-17.5358,-162.772,6.55072
3332,-17.5294,-156.526,6.44295
3333,-17.528,74.1008,8.23743
3334,-17.5082,-139.21,9.81947
3335,-17.5081,103.858,6.09103
3336,-17.5074,112.084,9.55461
3337,-17.5045,162.832,6.06041
3338,-17.4968,157.418,6.20445
3339,-17.4883,68.367,9.14622
3340,-17.4873,102.713,8.40108
3341,-17.4797,42.5395,6.06637
3342,-17.4763,29.4536,6.90023
3343,-17.4753,-142.945,6.27891
3344,-17.4723,18.2332,6.36166
3345,-17.4689,103.113,6.94702
3346,-17.4618,113.251,6.38537
3347,-17.4609,-155.083,7.87788
3348,-17.4384,135.293,6.18302
3349,-17.4325,134.112,6.61113
3350,-17.4247,-173.981,6.84943
3351,-17.4237,57.1346,9.78897
3352,-17.4198,135.47,6.55149
3353,-17.4177,-158.756,8.61136
3354,-17.4169,-134.906,8.41711
3355,-17.4094,68.6074,7.88428
3356,-17.4074,-177.351,8.79455
3357,-17.4048,149.868,6.39116
3358,-17.4037,81.1253,6.23526
3359,-17.3933,144.014,7.91592
3360,-17.3918,136.65,6.0016
3361,-17.3896,40.7852,6.65133
3362,-17.3881,-139.384,6.71602
3363,-17.3827,-113.845,7.91434
3364,-17.374,-172.305,7.60769
3365,-17.3719,-153.986,9.61303
3366,-17.3686,-174.621,9.95037
3367,-17.3686,87.0807,9.37861
3368,-17.3587,164.246,9.80104
3369,-17.3575,140.843,7.2795
3370,-17.3557,141.943,6.20861
3371,-17.3539,-173.362,6.54027
3372,-17.3475,167.617,7.91454
3373,-17.339,26.2236,6.96484
3374,-17.3337,-178.369,6.27999
3375,-17.3294,90.5239,6.86917
3376,-17.3285,-168.444,7.20482
3377,-17.3165,-168.644,7.43478
3378,-17.3158,-170.899,7.97052
3379,-17.3146,138.859,6.21947
3380,-17.3098,51.6443,9.2643
3381,-17.3052,92.6404,8.24442
3382,-17.2957,-161.012,7.26004
3383,-17.2948,135.123,6.90601
3384,-17.2893,117.731,7.44283
3385,-17.2766,153.175,6.42828
3386,-17.276,135.364,6.25812
3387,-17.2749,70.0595,7.03542
3388,-17.2653,73.0687,6.8827
3389,-17.2539,99.8865,8.14545
3390,-17.2524,-58.475,6.91874
3391,-17.2474,136.229,8.27651
3392,-17.2394,114.423,6.7687
3393,-17.2375,-137.65,6.67945
3394,-17.2315,-153.941,6.58779
3395,-17.2278,-172.51,8.31027
3396,-17.2278,167.53,6.39519
3397,-17.2258,116.31,7.45523
3398,-17.2255,-117.423,6.13163
3399,-17.2243,42.6604,6.5153
3400,-17.2183,59.2607,9.05944
3401,-17.2112,-145.165,7.36526
3402,-17.2091,-57.701,6.41655
3403,-17.2087,-136.896,8.44821
3404,-17.2063,62.4079,7.45774
3405,-17.1988,-139.634,6.29471
3406,-17.1964,167.304,6.62086
3407,-17.195,137.115,6.04398
3408,-17.1926,-153.458,7.26203
3409,-17.1885,114.794,8.18561
3410,-17.1826,99.0301,6.7937
3411,-17.1823,66.3246,6.56637
3412,-17.1814,-71.029,6.79756
3413,-17.1773,165.084,6.92328
3414,-17.1756,52.9991,8.34991
3415,-17.1735,115.751,6.89106
3416,-17.1694,131.127,9.15508
3417,-17.1675,161.134,6.70052
3418,-17.1671,132.374,7.27253
3419,-17.167,-178.556,6.7967
3420,-17.1643,21.273,6.13058
3421,-17.1638,-171.871,6.99036
3422,-17.1638,164.959,9.09947
3423,-17.1631,74.7258,9.22096
3424,-17.1615,-167.048,7.8367
3425,-17.1576,130.222,7.89881
3426,-17.1538,-162.066,8.59123
3427,-17.1461,-164.628,7.23727
3428,-17.145,71.0904,7.7063
3429,-17.143,81.4713,9.67793
3430,-17.1348,19.0743,7.91205
3431,-17.1323,-148.621,6.30182
3432,-17.131,116.928,6.79778
3433,-17.1278,-127.61,7.21845
3434,-17.1132,-50.128,7.0774
3435,-17.1104,135.53,6.7321
3436,-17.1094,-138.302,6.56623
3437,-17.1063,126.038,9.51648
3438,-17.1037,-162.714,8.85698
3439,-17.0935,-72.177,6.4268
3440,-17.0892,-143.229,7.12085
3441,-17.0883,-118.307,6.83397
3442,-17.0874,-150.955,7.50989
3443,-17.0789,-138.69,6.14166
3444,-17.0732,17.5682,9.79726
3445,-17.0711,0.948392,8.69703
3446,-17.0693,82.346,9.32709
3447,-17.0677,-121.825,8.2381
3448,-17.0664,-2.979,7.87805
3449,-17.0652,4.72339,8.55069
3450,-17.0638,-150.336,7.13128
3451,-17.0629,140.547,6.72558
3452,-17.0574,-17.909,7.54883
3453,-17.055,50.3437,6.79686
3454,-17.0545,-173.572,8.65607
3455,-17.0541,105.815,6.819
3456,-17.0509,-161.037,7.50793
3457,-17.0433,83.2705,8.01648
3458,-17.0415,149.482,9.90545
3459,-17.0401,-171.579,6.14121
3460,-17.0369,139.158,9.01727
3461,-17.0311,21.56,9.27116
3462,-17.0265,-158.837,7.98231
3463,-17.0264,164.162,6.47889
3464,-17.0196,-144.872,6.68509
3465,-17.0196,79.4507,7.27129
3466,-17.0168,-153.903,6.57204
3467,-17.0157,-151.153,7.22404
3468,-17.0144,-172.489,6.20942
3469,-17.0098,-155.052,9.64324
3470,-17.0098,164.609,9.68945
3471,-17.009,137.631,7.36526
3472,-16.9978,-158.231,6.69524
3473,-16.9868,-69.396,8.19725
3474,-16.9747,137.399,7.01431
3475,-16.9743,-155.989,6.28666
3476,-16.9697,24.018,7.14063
3477,-16.9692,2.54305,9.57981
3478,-16.9648,-160.824,9.83736
3479,-16.9629,-145.173,7.70691
3480,-16.9619,41.7982,7.28141
3481,-16.9604,81.5822,6.71734
3482,-16.9578,122.508,6.51003
3483,-16.9547,93.9246,9.96708
3484,-16.9525,19.431,6.7311
3485,-16.9516,114.157,7.36786
3486,-16.9473,123.901,9.14663
3487,-16.9452,-49.101,8.36659
3488,-16.9446,-142.903,8.56862
3489,-16.9438,-149.811,7.79018
3490,-16.9427,176.674,7.09817
3491,-16.9411,21.4147,9.25766
3492,-16.9395,132.972,6.8278
3493,-16.9336,-147.32,7.10359
3494,-16.9315,-151.405,8.12521
3495,-16.9297,-161.508,8.5168
3496,-16.9262,-173.115,8.0077
3497,-16.9258,115.582,7.48033
3498,-16.9245,162.058,6.00364
3499,-16.9238,164.907,8.74794
3500,-16.9162,-173.274,6.70896
3501,-16.9159,59.0375,7.67661
3502,-16.9112,115.261,6.35599
3503,-16.9099,-57.207,6.31542
3504,-16.8969,162.997,6.68238
3505,-16.896,-86.342,7.33826
3506,-16.8941,-34.779,9.29115
3507,-16.8927,73.9037,6.16463
3508,-16.8924,153.514,6.8901
3509,-16.8858,160.189,7.19095
3510,-16.884,-70.347,8.13972
3511,-16.8834,105.494,6.10097
3512,-16.8798,164.105,6.48025
3513,-16.8765,104.992,8.79765
3514,-16.8709,-138.721,6.91632
3515,-16.8552,150.797,6.04131
3516,-16.8517,-144.931,6.01655
3517,-16.8308,87.042,8.07957
3518,-16.8279,-144.623,6.67813
3519,-16.8257,93.545,7.68608
3520,-16.8172,102.063,9.5459
3521,-16.8133,-111.443,9.79606
3522,-16.8032,-143.673,6.39639
3523,-16.79,113.832,9.51543
3524,-16.7882,-165.399,8.77619
3525,-16.7878,-158.608,6.15398
3526,-16.786,-116.437,7.91643
3527,-16.7785,129.938,6.17656
3528,-16.7759,-132.896,9.56118
3529,-16.7757,131.109,6.11774
3530,-16.774,-155.556,6.81297
3531,-16.7646,-147.785,8.29802
3532,-16.7608,122.216,6.20035
3533,-16.7543,74.0086,6.20255
3534,-16.7525,-44.666,7.30876
3535,-16.7523,118.094,8.43848
3536,-16.7523,131.67,6.81906
3537,-16.7509,-155.898,6.43172
3538,-16.7507,49.3006,6.03045
3539,-16.7381,-147.041,8.49287
3540,-16.7363,-144.714,7.89007
3541,-16.7361,-128.627,6.05242
3542,-16.7351,170.407,6.33712
3543,-16.7305,136.721,6.02127
3544,-16.729,130.398,6.08141
3545,-16.7281,162.694,6.86656
3546,-16.7273,132.839,7.83561
3547,-16.7241,-163.878,6.15005
3548,-16.7202,25.1217,6.07947
3549,-16.7164,164.041,6.46823
3550,-16.7141,15.0855,6.22298
3551,-16.7136,173.994,6.3878
3552,-16.7109,86.8277,6.126
3553,-16.7047,170.103,8.07044
3554,-16.6913,-155.107,7.4275
3555,-16.6909,-149.921,8.71068
3556,-16.6843,-120.867,6.74124
3557,-16.6827,106.856,8.73076
3558,-16.6825,128.905,6.94688
3559,-16.6699,-56.786,6.02524
3560,-16.6696,126.692,6.54754
3561,-16.6685,-170.553,9.31657
3562,-16.6602,-158.512,6.51503
3563,-16.66,116.844,8.18929
3564,-16.6585,132.086,9.83608
3565,-16.6566,122.754,6.30533
3566,-16.6555,100.11,9.73302
3567,-16.6522,122.49,9.63317
3568,-16.6519,-154.797,8.73685
3569,-16.6415,25.4082,7.45552
3570,-16.6328,86.3552,6.87941
3571,-16.6137,-114.209,6.62895
3572,-16.5993,138.161,6.24875
3573,-16.5817,117.709,8.56127
3574,-16.5793,-70.331,8.50701
3575,-16.5716,19.5671,7.95568
3576,-16.5677,-165.458,8.11722
3577,-16.5625,-129.406,6.36552
3578,-16.5557,84.8548,6.79459
3579,-16.5491,69.5051,6.04679
3580,-16.5354,6.7532,8.8273
3581,-16.5321,-23.482,7.217
3582,-16.5172,165.746,6.40231
3583,-16.5112,-163.234,6.41425
3584,-16.4917,-155.22,7.94536
3585,-16.4914,116.998,8.24072
3586,-16.4862,-121.489,8.99911
3587,-16.4833,25.0229,6.53156
3588,-16.4699,57.798,8.77191
3589,-16.4649,9.87526,6.00399
3590,-16.4621,48.684,7.1412
3591,-16.4516,-162.454,6.25193
3592,-16.4515,159.998,8.77626
3593,-16.4452,126.455,6.5171
3594,-16.4411,101.53,7.31831
3595,-16.4389,41.8667,7.97653
3596,-16.4362,135.165,8.32959
3597,-16.4284,111.132,6.40362
3598,-16.4275,155.202,6.70788
3599,-16.4252,153.691,6.70447
3600,-16.4102,-168.874,7.54272
3601,-16.4081,-161.976,6.38632
3602,-16.4073,118.143,8.28595
3603,-16.4069,162.638,6.45788
3604,-16.4042,83.165,6.38379
3605,-16.3908,3.58077,8.27678
3606,-16.3876,69.5764,9.43401
3607,-16.3838,130.354,7.64815
3608,-16.3786,-148.414,8.95941
3609,-16.3782,-162.191,8.58997
3610,-16.3741,-125.457,6.05521
3611,-16.3717,138.277,7.16303
3612,-16.3622,164.311,9.40335
3613,-16.3483,118.792,7.3101
3614,-16.3479,-125.966,8.98694
3615,-16.3479,143.955,7.02588
3616,-16.3445,-19.437,6.98362
3617,-16.3368,154.955,8.97386
3618,-16.3367,-72.562,8.58172
3619,-16.3344,-61.695,8.63887
3620,-16.3296,-149.868,6.52643
3621,-16.3066,-159.014,6.40225
3622,-16.2929,-167.644,9.59547
3623,-16.2914,59.2958,6.05729
3624,-16.2899,154.711,6.12357
3625,-16.2662,160.205,9.42518
3626,-16.2635,120.251,6.01216
3627,-16.2578,150.247,6.51932
3628,-16.2549,26.2795,9.13097
3629,-16.2475,137.548,7.75228
3630,-16.246,-132.901,8.83365
3631,-16.2435,143.571,6.1553
3632,-16.2368,175.654,7.94799
3633,-16.2352,12.071,9.02474
3634,-16.2312,57.9093,6.9971
3635,-16.2256,-137.736,9.56549
3636,-16.2226,-158.612,7.98511
3637,-16.2198,157.524,8.73328
3638,-16.2187,-59.945,6.61398
3639,-16.2155,148.086,8.06991
3640,-16.2118,47.8614,8.30801
3641,-16.2095,7.31459,9.49943
3642,-16.201,115.691,6.72212
3643,-16.2003,137.95,6.69127
3644,-16.2001,4.19741,9.5509
3645,-16.1991,68.4092,6.19484
3646,-16.1941,155.856,7.88911
3647,-16.1892,136.761,7.62193
3648,-16.187,86.2443,6.73216
3649,-16.1843,-129.902,9.17764
3650,-16.1741,-125.347,6.06678
3651,-16.1587,-159.343,6.04334
3652,-16.1521,-142.94,9.83983
3653,-16.1457,-143.861,6.60384
3654,-16.1444,-178.516,6.59959
3655,-16.1397,136.431,6.16577
3656,-16.1393,-158.038,9.72559
3657,-16.139,-125.654,8.97578
3658,-16.1373,66.1364,8.30385
3659,-16.1295,144.282,7.15598
3660,-16.1234,158.826,6.35127
3661,-16.1204,73.5565,9.79691
3662,-16.1201,-169.356,7.93682
3663,-16.1169,-62.521,6.04317
3664,-16.1157,143.891,9.17712
3665,-16.1087,169.131,8.30285
3666,-16.1077,159.021,6.33342
3667,-16.1054,14.4449,8.25977
3668,-16.1036,-147.255,6.8179
3669,-16.1007,-3.205,7.00736
3670,-16.0944,-105.462,6.70957
3671,-16.0925,-161.816,6.8445
3672,-16.0878,138.411,6.66771
3673,-16.0764,16.7455,6.28309
3674,-16.0764,77.0222,6.47887
3675,-16.072,152.74,6.62125
3676,-16.063,132.577,7.36813
3677,-16.0481,98.5562,6.648
3678,-16.0451,7.26527,7.6063
3679,-16.0447,93.2236,9.88888
3680,-16.0365,-68.317,6.03238
3681,-16.0185,158.304,8.26651
3682,-16.0134,168.57,6.20476
3683,-16.0131,-151.338,6.9573
3684,-16.0112,156.648,7.00812
3685,-16.0096,115.923,8.37197
3686,-16.0047,106.243,6.54644
3687,-15.9977,-58.289,6.46412
3688,-15.9971,159.998,7.412
3689,-15.992,146.523,7.80821
3690,-15.9918,-159.114,6.08402
3691,-15.9893,135.395,6.0859
3692,-15.9892,99.8698,6.36258
3693,-15.9873,-34.502,7.95662
3694,-15.9854,134.219,9.8464
3695,-15.9846,165.569,6.22316
3696,-15.9766,-144.274,8.23167
3697,-15.9593,125.609,6.20346
3698,-15.9469,-134.719,9.4737
3699,-15.9413,137.5,6.61229
3700,-15.9359,3.54452,9.04262
3701,-15.9343,123.307,6.87208
3702,-15.9336,-164.6,6.77797
3703,-15.9312,26.5625,9.50299
3704,-15.9287,4.13383,7.21547
3705,-15.9278,118.028,8.26343
3706,-15.9266,139.451,6.00376
3707,-15.9258,-24.066,9.07583
3708,-15.9189,3.29398,6.3842
3709,-15.9093,-150.277,6.3762
3710,-15.9087,103.399,6.37695
3711,-15.9049,42.8,7.4718
3712,-15.8943,-148.112,8.13825
3713,-15.8938,-66.151,8.65337
3714,-15.8924,8.34861,6.87184
3715,-15.8903,114.57,6.30818
3716,-15.8845,-140.61,7.69967
3717,-15.8744,-168.369,8.18536
3718,-15.8652,-149.792,9.10999
3719,-15.8625,132.679,6.81207
3720,-15.8621,2.61686,9.61191
3721,-15.8587,-144.028,6.56232
3722,-15.8574,-169.139,7.58082
3723,-15.8563,65.8361,6.85116
3724,-15.8549,-155.305,7.141
3725,-15.849,-138.613,6.47791
3726,-15.8424,15.4223,7.21426
3727,-15.8398,4.71509,7.26848
3728,-15.8396,108.674,7.29719
3729,-15.8331,146.152,7.66906
3730,-15.8102,-176.134,6.07356
3731,-15.8102,143.834,6.11942
3732,-15.8074,-176.043,6.26971
3733,-15.7867,82.523,6.81202
3734,-15.7823,-41.848,8.9178
3735,-15.7815,67.8735,7.47501
3736,-15.7765,67.5807,6.65256
3737,-15.7764,-125.379,7.46217
3738,-15.7744,-166.701,6.12338
3739,-15.7632,118.782,7.31725
3740,-15.7593,163.165,9.04007
3741,-15.757,105.193,6.42629
3742,-15.7568,160.283,9.31543
3743,-15.7503,-166.119,7.96194
3744,-15.7442,116.146,6.80572
3745,-15.739,-136.987,8.47785
3746,-15.7385,-127.261,9.67235
3747,-15.7349,153.271,7.34012
3748,-15.7313,1.70823,8.76403
3749,-15.7299,24.6023,6.98918
3750,-15.7275,-141.697,6.86234
3751,-15.7225,4.04342,7.93167
3752,-15.7185,-65.427,9.91965
3753,-15.7132,116.695,6.5685
3754,-15.7092,51.0887,8.76818
3755,-15.7059,-178.29,6.18687
3756,-15.6947,94.3883,7.01719
3757,-15.6886,-61.85,9.13519
3758,-15.688,179.674,6.10228
3759,-15.6875,176.452,7.04331
3760,-15.6866,118.529,8.68576
3761,-15.6824,42.9315,9.00433
3762,-15.6749,113.845,7.00224
3763,-15.6692,70.0362,6.4637
3764,-15.6672,-125.693,8.34583
3765,-15.6669,133.01,6.50631
3766,-15.664,169.767,6.24883
3767,-15.6635,135.3,9.09075
3768,-15.6633,26.6221,7.58804
3769,-15.6596,124.204,6.23394
3770,-15.6568,-37.402,7.57109
3771,-15.6558,-64.628,6.17019
3772,-15.6495,172.278,6.14171
3773,-15.644,-128.006,8.334
3774,-15.6243,127.808,7.30291
3775,-15.6237,159.381,7.62466
3776,-15.6229,-0.524,7.09844
3777,-15.6176,-175.275,9.87102
3778,-15.6175,-138.855,9.45364
3779,-15.6168,67.9206,7.73768
3780,-15.6142,154.426,8.20386
3781,-15.6088,81.5056,7.17885
3782,-15.5998,158.624,6.14017
3783,-15.5969,-175.068,9.00296
3784,-15.5937,-176.091,7.08143
3785,-15.5914,157.444,8.07459
3786,-15.5878,-167.071,7.5846
3787,-15.5867,93.276,6.46266
3788,-15.5713,-149.825,6.93822
3789,-15.57,-132.167,9.0072
3790,-15.5674,123.13,6.46498
3791,-15.5672,0.109696,6.62839
3792,-15.5616,-56.464,7.93219
3793,-15.5519,101.249,6.43276
3794,-15.5415,-163.819,7.21779
3795,-15.5392,0.261826,7.27157
3796,-15.5344,46.8886,6.99724
3797,-15.5312,-25.502,6.89149
3798,-15.5297,-165.951,8.31409
3799,-15.5292,125.455,6.14627
3800,-15.5263,48.1752,7.69928
3801,-15.5261,-144.149,7.97345
3802,-15.5228,-132.445,7.97148
3803,-15.5164,-179.869,7.54707
3804,-15.5083,-37.527,7.73458
3805,-15.508,168.87,8.446
3806,-15.5047,-137.681,9.1566
3807,-15.4976,-134.757,8.60147
3808,-15.4922,-115.764,7.74082
3809,-15.4867,133.067,7.6155
3810,-15.4837,49.334,8.37766
3811,-15.4773,-58.525,7.57979
3812,-15.4737,-150.419,8.38197
3813,-15.4692,-169.072,7.00135
3814,-15.469,-136.711,8.2465
3815,-15.4688,83.1508,7.66555
3816,-15.4679,80.5971,6.51839
3817,-15.4649,11.1618,6.50663
3818,-15.4637,63.861,6.12875
3819,-15.4533,112.25,9.88443
3820,-15.4461,-160.273,9.17655
3821,-15.4374,-172.175,6.83684
3822,-15.4298,-125.681,6.05334
3823,-15.4289,158.25,6.36118
3824,-15.4254,-150.954,8.11663
3825,-15.4156,65.2563,7.37894
3826,-15.4125,166.05,6.5821
3827,-15.4083,-151.18,6.46404
3828,-15.4041,-166.386,7.09662
3829,-15.4036,-1.654,7.22455
3830,-15.3977,-127.953,7.52216
3831,-15.3969,-163.567,7.78305
3832,-15.3812,27.2256,6.32592
3833,-15.3736,158.618,6.44358
3834,-15.3672,156.904,8.34545
3835,-15.3658,-156.727,6.99422
3836,-15.3616,86.1257,7.47437
3837,-15.3591,-162.7,6.04275
3838,-15.3576,-162.967,7.9438
3839,-15.3552,-166.074,8.96674
3840,-15.3531,161.451,6.26557
3841,-15.3499,88.6982,9.76332
3842,-15.3475,-137.514,7.72631
3843,-15.3466,42.6798,6.37176
3844,-15.3443,-98.027,9.34917
3845,-15.3394,24.6606,6.70479
3846,-15.3308,179.717,6.32964
3847,-15.3169,-90.761,6.12805
3848,-15.3154,162.144,6.3594
3849,-15.3148,-179.999,7.00013
3850,-15.3146,159.286,6.12613
3851,-15.3144,-144.714,7.35361
3852,-15.3135,139.857,7.3671
3853,-15.3133,82.9771,6.05608
3854,-15.3063,61.507,7.75471
3855,-15.3042,-134.341,7.53129
3856,-15.3014,-125.629,6.7754
3857,-15.2953,162.417,7.80498
3858,-15.286,117.456,9.27538
3859,-15.2818,70.7246,7.87027
3860,-15.2804,-171.767,7.20679
3861,-15.2726,-132.184,9.85351
3862,-15.2659,-139.624,9.69026
3863,-15.2634,176.616,9.5059
3864,-15.261,139.647,7.59111
3865,-15.2588,91.1442,6.01915
3866,-15.2524,162.764,6.58359
3867,-15.2508,-66.437,6.42356
3868,-15.2476,-163.242,8.63023
3869,-15.2468,-141.75,9.20418
3870,-15.2438,138.691,9.16145
3871,-15.2373,39.7556,8.67846
3872,-15.2287,146.147,9.42966
3873,-15.2252,90.2926,6.00086
3874,-15.2145,48.1907,6.11573
3875,-15.2036,91.9931,8.91536
3876,-15.202,-166.394,9.97191
3877,-15.2005,11.6138,7.26649
3878,-15.2002,51.1298,7.28173
3879,-15.1951,144.92,6.89436
3880,-15.166,-153.739,7.24491
3881,-15.1611,-144.496,8.53814
3882,-15.1544,66.2888,8.94168
3883,-15.1502,162.622,6.5683
3884,-15.1414,-2.507,8.26357
3885,-15.1398,142.427,8.27997
3886,-15.1356,-6.868,9.39037
3887,-15.1321,80.5708,6.7351
3888,-15.1306,148.565,6.31107
3889,-15.1292,130.898,6.89991
3890,-15.1291,88.602,6.28377
3891,-15.1284,-171.617,6.32543
3892,-15.1249,95.5904,6.3163
3893,-15.1223,91.111,8.65713
3894,-15.1182,-165.91,7.40417
3895,-15.1151,-153.284,6.90439
3896,-15.1092,43.3774,6.46395
3897,-15.1065,108.92,7.93604
3898,-15.0974,6.05058,7.55623
3899,-15.0905,75.7946,6.90681
3900,-15.09,147.625,8.0481
3901,-15.0814,-141.532,7.00305
3902,-15.0677,-131.345,6.55211
3903,-15.0621,135.197,8.46435
3904,-15.0451,-145.649,9.52083
3905,-15.0422,54.5224,9.51012
3906,-15.0303,-45.021,7.96592
3907,-15.0258,-153.412,6.90849
3908,-15.0224,80.1392,8.50303
3909,-15.0219,140.703,7.47884
3910,-15.0216,-137.182,6.61921
3911,-15.0147,-63.668,6.50444
3912,-15.0072,-156.015,7.11322
3913,-15.0036,90.2545,9.07953
3914,-15.0022,-162.23,7.67832
3915,-14.999,16.9995,8.74398
3916,-14.9897,133.578,7.1528
3917,-14.9883,166.288,6.33282
3918,-14.9858,62.9936,7.27898
3919,-14.973,155.303,7.40295
3920,-14.9686,-161.888,6.98635
3921,-14.9575,-157.207,6.14564
3922,-14.9546,-179.759,6.81759
3923,-14.9538,-139.925,6.24936
3924,-14.9523,-59.148,8.59586
3925,-14.9513,170.593,7.87042
3926,-14.9504,-35.208,8.03057
3927,-14.9433,48.1683,8.50952
3928,-14.9359,82.7349,7.98542
3929,-14.9299,10.3268,8.07844
3930,-14.9229,1.31376,6.76498
3931,-14.9133,137.678,6.50405
3932,-14.912,121.656,8.45318
3933,-14.9091,10.6009,9.28882
3934,-14.9078,137.444,6.58261
3935,-14.9068,-126.967,8.06892
3936,-14.9061,161.205,7.26952
3937,-14.902,-125.049,6.18488
3938,-14.9018,-156.227,7.44364
3939,-14.9011,140.568,6.97489
3940,-14.8998,153.095,8.53932
3941,-14.897,-153.62,8.0254
3942,-14.8871,-175.579,8.5431
3943,-14.8871,42.2467,6.5182
3944,-14.8744,-171.073,7.32475
3945,-14.8719,-85.389,8.99181
3946,-14.8698,0.963726,9.39226
3947,-14.8662,-166.486,7.02588
3948,-14.8662,87.4196,6.21442
3949,-14.8588,13.7296,6.39874
3950,-14.8539,-125.727,8.28855
3951,-14.8537,50.4099,8.11825
3952,-14.8533,-4.106,6.78159
3953,-14.8508,-163.072,7.36998
3954,-14.8462,-140.361,8.33719
3955,-14.8432,155.194,8.62168
3956,-14.8423,-174.277,8.49425
3957,-14.8333,-162.514,9.01565
3958,-14.8324,-162.895,7.19968
3959,-14.8305,-9.001,6.31014
3960,-14.8284,-156.791,6.34888
3961,-14.8283,177.225,8.60861
3962,-14.8258,-145.396,7.25583
3963,-14.8142,129.123,6.62134
3964,-14.8118,-147.831,6.26178
3965,-14.8092,145.533,6.48972
3966,-14.8061,49.3019,7.69548
3967,-14.8048,66.4321,7.87427
3968,-14.8034,7.03035,6.4881
3969,-14.7949,-170.849,6.44021
3970,-14.7831,48.3587,7.8351
3971,-14.7724,159.236,9.14004
3972,-14.7704,3.48537,6.21828
3973,-14.7604,60.5781,7.33934
3974,-14.7597,-152.268,7.06092
3975,-14.7524,-122.771,6.22
3976,-14.7501,82.5271,7.83287
3977,-14.743,-80.533,9.38233
3978,-14.7349,68.694,6.95712
3979,-14.7318,-145.159,7.83982
3980,-14.73,-175.001,6.73953
3981,-14.73,-135.051,7.96084
3982,-14.7143,-121.205,6.12647
3983,-14.7112,39.6787,9.51232
3984,-14.7083,138.268,6.54667
3985,-14.6978,91.8715,6.06417
3986,-14.6947,-179.963,7.59575
3987,-14.6782,4.73978,6.44111
3988,-14.6778,91.5481,6.10015
3989,-14.6775,-9.357,8.76981
3990,-14.6656,-168.116,7.93521
3991,-14.6654,178.188,6.18903
3992,-14.6482,-117.813,9.24557
3993,-14.6455,-69.517,7.69259
3994,-14.6449,64.8665,6.52951
3995,-14.6377,130.987,7.99532
3996,-14.6374,63.7661,6.68913
3997,-14.6322,3.67913,8.91257
3998,-14.632,107.763,9.38881
3999,-14.6248,165.253,6.7837
4000,-14.6198,25.724,6.57458
4001,-14.6193,48.2551,6.08727
4002,-14.5882,-152.174,6.11252
4003,-14.5857,-122.076,8.32262
4004,-14.5449,-138.37,6.55556
4005,-14.537,-164.345,6.90748
4006,-14.535,-60.178,8.17933
4007,-14.5233,101.63,6.29531
4008,-14.5192,152.679,7.08704
4009,-14.5112,160.675,8.32218
4010,-14.506,19.0897,8.93296
4011,-14.5031,-140.964,9.48118
4012,-14.503,165.015,6.06145
4013,-14.501,165.442,6.59993
4014,-14.4994,-144.537,9.43093
4015,-14.4927,-65.342,7.26325
4016,-14.4904,163.789,6.21164
4017,-14.4858,-103.76,9.66577
4018,-14.4834,64.9874,6.39321
4019,-14.4749,114.96,7.09989
4020,-14.456,-152.08,6.88312
4021,-14.4488,-136.256,6.84229
4022,-14.4482,70.3275,8.83903
4023,-14.446,-156.222,9.46295
4024,-14.4436,127.707,8.17571
4025,-14.4342,-162.046,9.0527
4026,-14.4246,128.169,6.45095
4027,-14.4235,99.6296,6.43571
4028,-14.4211,113.391,7.50372
4029,-14.4187,68.6828,7.2953
4030,-14.4173,-60.74,9.29925
4031,-14.4146,134.575,7.20454
4032,-14.4143,90.3741,6.05639
4033,-14.406,-126.623,6.98699
4034,-14.4059,-156.119,9.82548
4035,-14.4033,7.12594,7.29643
4036,-14.4011,-157.438,8.51401
4037,-14.3999,153.752,9.03325
4038,-14.3891,117.028,7.00109
4039,-14.3846,163.707,7.08716
4040,-14.375,41.9635,7.04025
4041,-14.3696,149.953,7.20272
4042,-14.3633,-21.452,6.21844
4043,-14.3603,134.716,6.07159
4044,-14.3548,-149.156,8.97231
4045,-14.3479,-154.001,8.84391
4046,-14.3467,6.88004,8.66788
4047,-14.342,-46.334,7.05668
4048,-14.3411,-152.016,6.61118
4049,-14.3397,-136.309,7.19311
4050,-14.3389,49.4202,7.7632
4051,-14.3387,92.6425,9.5451
4052,-14.3365,-122.737,6.68082
4053,-14.3347,-134.952,6.53799
4054,-14.3325,-179.966,8.63144
4055,-14.3239,-176.724,6.2195
4056,-14.3236,121.598,7.60398
4057,-14.304,43.6169,6.41203
4058,-14.3009,-136.741,8.48335
4059,-14.2979,107.945,7.66816
4060,-14.29,-151.92,6.22213
4061,-14.2883,108.725,9.71432
4062,-14.2879,-161.385,9.59602
4063,-14.2766,-144.389,7.0967
4064,-14.2724,179.857,7.74696
4065,-14.2723,-176.531,6.88916
4066,-14.2707,-145.615,8.0892
4067,-14.2706,-126.181,7.04687
4068,-14.2649,-102.145,7.71248
4069,-14.2407,177.912,9.8119
4070,-14.2382,144.443,6.09791
4071,-14.2325,108.413,8.61258
4072,-14.2292,131.323,6.81635
4073,-14.2168,150.692,9.34537
4074,-14.2155,40.7365,8.73918
4075,-14.2125,47.9254,9.7692
4076,-14.199,-60.927,8.59161
4077,-14.1942,89.3348,6.42319
4078,-14.1938,123.954,6.1271
4079,-14.1915,52.7045,9.45422
4080,-14.1912,153.958,6.02436
4081,-14.1894,-163.906,8.90734
4082,-14.1878,-64.467,8.23798
4083,-14.1878,127.143,8.20166
4084,-14.1823,-74.374,9.36288
4085,-14.1812,-76.891,7.09846
4086,-14.1807,160.092,7.14346
4087,-14.1641,133.24,8.06947
4088,-14.1609,-145.821,7.59644
4089,-14.1606,105.399,7.57262
4090,-14.1586,-169.485,8.15232
4091,-14.1573,-156.298,6.76755
4092,-14.1544,-119.837,6.3076
4093,-14.1499,-136.724,7.08489
4094,-14.1492,-176.481,6.4142
4095,-14.143,117.106,6.51537
4096,-14.1403,-46.895,6.43335
4097,-14.1353,177.621,6.96819
4098,-14.134,118.132,9.36808
4099,-14.1339,170.979,7.37929
4100,-14.1338,-59.535,8.4289
4101,-14.132,-162.13,6.06352
4102,-14.1287,49.1256,6.47218
4103,-14.1225,166.708,6.54255
4104,-14.1217,9.03645,9.23792
4105,-14.1183,-158.662,9.04021
4106,-14.1174,150.585,6.37389
4107,-14.1161,-132.486,8.86632
4108,-14.1156,-144.248,6.7557
4109,-14.1141,155.44,6.69427
4110,-14.114,-149.544,8.7892
4111,-14.1078,19.9266,6.55738
4112,-14.1028,116.027,6.1764
4113,-14.0996,-137.858,7.15336
4114,-14.0926,107.546,6.90409
4115,-14.0907,113.046,6.87257
4116,-14.0821,-169.275,8.60829
4117,-14.082,5.30502,8.55326
4118,-14.0757,2.42822,6.54503
4119,-14.0754,-131.923,6.42576
4120,-14.0732,6.60793,6.44004
4121,-14.0721,131.063,6.98317
4122,-14.0692,154.709,8.37083
4123,-14.0686,-156.419,7.09467
4124,-14.0639,5.57917,8.94369
4125,-14.0477,147.94,6.2272
4126,-14.0422,-65.226,9.07167
4127,-14.0402,4.45116,8.28016
4128,-14.0385,-131.601,7.16324
4129,-14.0352,118.64,6.80289
4130,-14.0234,166.627,6.42242
4131,-14.0194,-144.86,8.22048
4132,-14.0194,43.4577,9.38579
4133,-14.0157,-150.862,7.86166
4134,-14.0118,42.3255,8.28898
4135,-13.998,174.802,6.09157
4136,-13.9975,-133.603,7.00104
4137,-13.9968,-40.058,6.56377
4138,-13.9964,-58.077,8.46801
4139,-13.9938,106.222,9.82934
4140,-13.9849,15.783,6.70041
4141,-13.9758,40.8545,6.09677
4142,-13.9744,21.4704,6.22606
4143,-13.974,-165.369,7.17331
4144,-13.9676,-158.951,8.35416
4145,-13.9595,178.271,7.44947
4146,-13.9575,20.1359,8.47317
4147,-13.9564,73.8398,7.86798
4148,-13.9552,-118.827,6.01344
4149,-13.949,-58.919,7.49668
4150,-13.9444,148.006,6.14995
4151,-13.9348,157.35,7.30333
4152,-13.9311,152.993,6.08239
4153,-13.9279,18.803,6.41997
4154,-13.9038,77.4625,9.16704
4155,-13.8974,160.677,8.41035
4156,-13.896,-13.698,8.00674
4157,-13.883,-131.784,7.52498
4158,-13.8796,2.39668,6.21391
4159,-13.8651,7.93781,6.41867
4160,-13.8582,172.413,8.54722
4161,-13.8516,133.557,9.77747
4162,-13.8469,-151.233,7.4536
4163,-13.845,-169.17,6.15522
4164,-13.8407,-147.072,9.59582
4165,-13.84,-148.73,9.77426
4166,-13.8367,166.125,6.1592
4167,-13.8364,-149.039,9.55806
4168,-13.832,115.648,7.99689
4169,-13.8288,-165.165,6.41729
4170,-13.8278,-35.654,6.47177
4171,-13.826,22.8967,6.76941
4172,-13.82,-136.153,6.08242
4173,-13.814,62.3544,9.02636
4174,-13.8106,4.55612,8.25306
4175,-13.8089,-48.182,7.15808
4176,-13.8006,-68.091,9.22089
4177,-13.8003,139.287,6.36909
4178,-13.798,104.049,9.53082
4179,-13.7873,77.7048,7.94347
4180,-13.7847,-133.739,7.63083
4181,-13.7842,-115.977,8.58701
4182,-13.7787,-137.944,8.0385
4183,-13.7693,153.99,6.46606
4184,-13.7676,145.192,9.19069
4185,-13.7612,-64.51,9.03887
4186,-13.7542,11.6825,8.58558
4187,-13.7431,151.848,7.02349
4188,-13.7361,-0.168,7.15392
4189,-13.7258,-64.277,6.40045
4190,-13.7254,-131.704,6.34329
4191,-13.7229,107.857,8.22348
4192,-13.7178,-177.574,7.37756
4193,-13.7151,174.233,8.29274
4194,-13.7126,-157.603,9.16734
4195,-13.7112,-176.114,9.7273
4196,-13.7101,141.902,7.27134
4197,-13.703,19.7959,9.18886
4198,-13.7025,132.513,6.21508
4199,-13.7014,-137.439,6.1411
4200,-13.6993,-169.015,8.34656
4201,-13.6986,-171.304,9.09612
4202,-13.6944,166.11,7.33568
4203,-13.6919,-69.06,6.19117
4204,-13.6853,178.38,6.92583
4205,-13.6833,165.524,7.78706
4206,-13.6831,150.367,6.03574
4207,-13.6806,97.4604,6.44988
4208,-13.676,123.701,6.36894
4209,-13.6723,-157.844,6.61053
4210,-13.6694,-130.037,7.46957
4211,-13.6682,116.718,6.42275
4212,-13.665,138.634,6.0229
4213,-13.6625,-147.643,9.15908
4214,-13.6622,135.39,8.17186
4215,-13.6549,121.521,7.07656
4216,-13.6477,176.875,7.81547
4217,-13.6445,0.122001,6.08381
4218,-13.6438,86.1054,6.51831
4219,-13.6395,2.41504,8.96194
4220,-13.6348,90.2868,8.5869
4221,-13.633,150.614,7.1791
4222,-13.6287,148.582,9.39956
4223,-13.62,-178.429,6.00415
4224,-13.6194,-139.041,9.17655
4225,-13.6186,-173.482,9.05342
4226,-13.6163,165.221,6.57578
4227,-13.6157,-141.358,7.66773
4228,-13.6157,143.591,7.1335
4229,-13.6092,107.084,7.05706
4230,-13.6075,-64.131,7.71229
4231,-13.6064,137.221,6.76425
4232,-13.5985,-18.777,6.88003
4233,-13.5941,-162.565,7.39622
4234,-13.5931,-14.827,6.76745
4235,-13.5796,164.673,7.02064
4236,-13.5791,-4.35,7.11059
4237,-13.5791,97.6654,7.3298
4238,-13.5779,41.1116,8.1458
4239,-13.5751,151.726,6.09873
4240,-13.5737,162.114,7.1816
4241,-13.5669,150.983,7.59635
4242,-13.564,-138.118,9.27818
4243,-13.5633,-134.569,9.01893
4244,-13.5591,22.0452,9.42215
4245,-13.5579,-168.861,6.25495
4246,-13.5567,-139.527,6.40547
4247,-13.556,85.2356,7.92947
4248,-13.5537,47.7174,7.19934
4249,-13.5447,85.0075,7.6155
4250,-13.5397,124.232,6.76178
4251,-13.539,154.239,9.15946
4252,-13.5383,154.444,7.2939
4253,-13.5278,-173.995,9.94179
4254,-13.5238,-169.857,9.44364
4255,-13.5149,-69.063,9.61429
4256,-13.5137,-56.946,6.72858
4257,-13.504,-40.107,8.83894
4258,-13.5013,-178.107,7.59965
4259,-13.4956,-137.302,6.99616
4260,-13.4949,62.8119,7.40481
4261,-13.4921,-178.22,7.77121
4262,-13.4921,166.122,7.64055
4263,-13.4845,99.4457,6.14062
4264,-13.484,175.155,6.39231
4265,-13.4829,165.439,8.53855
4266,-13.4817,103.618,8.66865
4267,-13.4788,-145.932,6.04498
4268,-13.4696,134.022,9.99157
4269,-13.4461,86.689,8.15368
4270,-13.4428,98.5701,8.90103
4271,-13.4394,65.5758,6.13249
4272,-13.4332,165.133,8.05542
4273,-13.4323,105.79,6.70165
4274,-13.4109,167.215,6.0294
4275,-13.4101,165.72,8.97575
4276,-13.4027,17.3151,8.29656
4277,-13.3941,135.075,6.4893
4278,-13.3918,126.888,6.92749
4279,-13.3863,130.893,6.66077
4280,-13.3794,168.385,7.46324
4281,-13.374,-169.592,8.09844
4282,-13.3603,47.876,8.59143
4283,-13.3572,126.564,6.08924
4284,-13.3503,-138.155,9.26197
4285,-13.3449,164.851,9.20932
4286,-13.336,40.4615,8.14324
4287,-13.3345,-153.857,8.68942
4288,-13.3291,140.596,8.9301
4289,-13.319,-145.074,6.3363
4290,-13.3167,-177.491,6.69217
4291,-13.3138,137.776,9.42199
4292,-13.3005,14.7325,6.48882
4293,-13.2995,-102.463,9.37577
4294,-13.2916,-152.656,6.26317
4295,-13.2901,134.789,6.42368
4296,-13.2856,-0.64,6.48846
4297,-13.2837,146.352,9.94202
4298,-13.2768,87.4525,6.14497
4299,-13.2731,-173.77,9.62235
4300,-13.27,158.898,7.55286
4301,-13.2663,-150.929,7.25541
4302,-13.2617,-74.006,6.86469
4303,-13.2606,-157.863,6.36473
4304,-13.2604,-156.564,6.78102
4305,-13.2588,-57.452,6.19389
4306,-13.2568,90.239,7.66603
4307,-13.2434,-137.199,7.31319
4308,-13.2403,63.087,6.31767
4309,-13.2396,105.802,6.3689
4310,-13.2333,171.662,6.10023
4311,-13.227,99.368,8.70612
4312,-13.2153,18.9506,9.80516
4313,-13.215,165.102,7.37985
4314,-13.2146,106.462,9.07017
4315,-13.2013,47.6275,9.19362
4316,-13.1879,-176.327,6.38329
4317,-13.1698,116.122,7.03165
4318,-13.1651,87.622,6.18159
4319,-13.1638,99.0481,7.23119
4320,-13.1604,-140.705,6.43752
4321,-13.1461,-175.584,7.90912
4322,-13.1447,115.748,7.21503
4323,-13.1245,148.34,6.60535
4324,-13.123,-137.12,6.30076
4325,-13.1183,-137.568,6.59832
4326,-13.1129,132.089,7.74896
4327,-13.1082,-141.051,7.32227
4328,-13.1006,65.9125,7.41411
4329,-13.0978,8.94238,6.23818
4330,-13.0891,161.572,7.64599
4331,-13.0872,164.821,6.35166
4332,-13.081,71.9499,7.27056
4333,-13.0761,91.6983,6.80239
4334,-13.073,-56.753,6.81007
4335,-13.071,105.858,7.03833
4336,-13.0649,132.444,6.32294
4337,-13.062,39.4156,7.6559
4338,-13.0527,-176.167,6.99023
4339,-13.0399,-133.811,9.96259
4340,-13.0356,67.3494,9.77518
4341,-13.0354,-115.372,9.16933
4342,-13.0307,-134.596,6.68127
4343,-13.0306,165.049,6.85807
4344,-13.0303,-116.306,8.07638
4345,-13.0299,-42.245,6.44649
4346,-13.0251,89.564,7.64643
4347,-13.0233,-173.893,7.9791
4348,-13.023,176.686,8.32577
4349,-13.0171,166.435,6.16353
4350,-13.0148,-175.918,8.19151
4351,-13.007,173.288,6.4718
4352,-13.0019,115.394,6.96244
4353,-12.9997,132.225,9.20054
4354,-12.9994,96.8815,8.38836
4355,-12.9988,110.722,7.51428
4356,-12.9903,-169.775,6.25983
4357,-12.9858,-177.756,8.84892
4358,-12.9828,164.501,6.95925
4359,-12.981,-147.194,6.41759
4360,-12.9758,-145.918,6.26764
4361,-12.9743,156.579,9.59288
4362,-12.9542,-138.621,9.44243
4363,-12.9509,-177.994,7.15927
4364,-12.9404,167.511,7.52862
4365,-12.9366,112.232,7.69117
4366,-12.9351,53.254,6.00913
4367,-12.9332,-100.467,7.86723
4368,-12.9327,142.035,8.21344
4369,-12.932,80.8294,6.92022
4370,-12.9245,92.9984,9.9712
4371,-12.9236,-163.96,7.85539
4372,-12.9161,-152.012,7.54064
4373,-12.9114,51.9395,7.88968
4374,-12.9105,99.1632,6.13886
4375,-12.9072,90.3832,7.01363
4376,-12.9069,155.77,6.57226
4377,-12.9047,-136.035,6.39594
4378,-12.9007,107.918,8.06469
4379,-12.8987,-147.349,6.26335
4380,-12.8971,15.9658,9.71826
4381,-12.8897,115.213,7.49095
4382,-12.8887,112.469,6.78808
4383,-12.886,67.1357,9.91668
4384,-12.8847,-155.974,6.72925
4385,-12.8836,63.1231,6.37471
4386,-12.8752,-115.403,8.29281
4387,-12.8649,91.3179,6.55479
4388,-12.8567,96.3006,6.46007
4389,-12.8565,96.0138,6.78289
4390,-12.8539,-165.787,8.15524
4391,-12.8504,139.161,7.92764
4392,-12.8428,-56.808,6.38308
4393,-12.8396,89.8097,6.25352
4394,-12.8332,48.7092,8.23494
4395,-12.8306,-159.538,6.47753
4396,-12.819,-146.613,7.32395
4397,-12.8183,157.254,6.51228
4398,-12.8164,132.604,6.22611
4399,-12.816,-176.592,9.82928
4400,-12.8151,102.079,6.72636
4401,-12.815,-163.814,6.94379
4402,-12.8147,-164.461,7.65452
4403,-12.8116,144.448,6.07147
4404,-12.8076,79.6883,6.32862
4405,-12.7983,-113.003,6.56601
4406,-12.7941,12.978,6.69169
4407,-12.793,15.7428,6.05557
4408,-12.7888,-121.392,7.12609
4409,-12.7846,-135.927,6.71891
4410,-12.7803,146.688,8.12752
4411,-12.7637,-52.251,6.44286
4412,-12.7617,155.922,6.32298
4413,-12.76,-66.909,8.42606
4414,-12.7581,-64.984,9.6856
4415,-12.7564,-141.967,9.93446
4416,-12.7395,6.19763,6.87392
4417,-12.7339,-152.069,8.07975
4418,-12.7252,91.1571,9.3684
4419,-12.7221,-101.654,9.10832
4420,-12.7114,103.424,8.73353
4421,-12.7051,-156.552,6.29654
4422,-12.701,50.9688,6.1128
4423,-12.6926,106.646,6.78705
4424,-12.6918,-68.747,7.65397
4425,-12.691,156.206,6.25681
4426,-12.6859,131.917,9.76194
4427,-12.6817,21.4347,9.29869
4428,-12.6798,74.4782,7.3661
4429,-12.6709,51.9534,6.09572
4430,-12.667,6.07436,8.89109
4431,-12.6646,155.716,9.3178
4432,-12.664,-146.764,8.37552
4433,-12.657,-159.623,7.18835
4434,-12.6557,1.14523,8.70041
4435,-12.6555,112.403,9.61579
4436,-12.655,-112.599,8.72008
4437,-12.649,-176.627,6.34525
4438,-12.6454,12.7822,8.39366
4439,-12.6414,147.665,8.65853
4440,-12.6337,-145.205,7.59869
4441,-12.6295,106.942,6.31145
4442,-12.6279,-154.86,6.00659
4443,-12.6208,175.845,9.98214
4444,-12.6169,-176.375,8.97012
4445,-12.6073,-165.147,9.79141
4446,-12.5985,167.517,6.39742
4447,-12.5968,139.451,6.02717
4448,-12.5914,174.144,9.54568
4449,-12.5902,-124.073,8.80096
4450,-12.583,126.338,8.933
4451,-12.5805,103.331,7.15036
4452,-12.5802,92.2068,8.84356
4453,-12.58,-177.133,6.06258
4454,-12.5784,-169.781,6.68224
4455,-12.5765,152.355,6.81321
4456,-12.5697,144.514,7.18732
4457,-12.5649,150.187,6.3462
4458,-12.5595,-157.112,6.61154
4459,-12.5585,155.444,8.43556
4460,-12.5562,95.9554,8.40811
4461,-12.5485,114.368,7.42505
4462,-12.5484,52.3968,9.07095
4463,-12.5462,156.168,7.95084
4464,-12.5441,-142.122,8.60071
4465,-12.5434,74.0873,9.24507
4466,-12.543,163.763,6.48935
4467,-12.54,-129.136,7.1345
4468,-12.5395,-169.058,9.77373
4469,-12.5255,163.099,6.60667
4470,-12.5237,74.4243,8.13462
4471,-12.5228,-170.747,9.1051
4472,-12.5207,-113.139,6.1316
4473,-12.5205,-115.559,9.03233
4474,-12.5116,106.07,6.53198
4475,-12.51,-148.545,8.38468
4476,-12.5089,153.701,6.61023
4477,-12.499,-170.666,6.35848
4478,-12.4913,-150.395,6.0118
4479,-12.4796,-1.433,6.70033
4480,-12.4782,-113.919,7.90374
4481,-12.4731,-120.506,8.41303
4482,-12.4653,-124.382,9.12443
4483,-12.4648,-128.514,6.98262
4484,-12.4611,-159.832,9.20707
4485,-12.4555,156.377,7.43906
4486,-12.4512,42.0824,6.66954
4487,-12.4494,144.332,7.18535
4488,-12.4406,167.159,6.08857
4489,-12.4317,-170.268,8.54248
4490,-12.425,-152.685,6.36358
4491,-12.4222,-145.209,8.07228
4492,-12.4216,-169.376,9.82615
4493,-12.4167,66.9494,6.77121
4494,-12.4051,155.807,8.09273
4495,-12.4005,-63.83,9.82933
4496,-12.397,150.152,6.40193
4497,-12.3952,9.48247,8.25171
4498,-12.3931,-124.012,6.99475
4499,-12.3894,6.0409,8.21179
4500,-12.3862,-152.928,6.06029
4501,-12.3825,92.4241,6.74035
4502,-12.3807,-175.835,7.01201
4503,-12.3737,75.6737,6.93461
4504,-12.3712,-62.554,6.79795
4505,-12.3514,-75.25,6.23013
4506,-12.3494,-176.543,6.59425
4507,-12.3477,85.5681,6.48714
4508,-12.3451,-157.613,6.22087
4509,-12.3433,-142.733,6.25758
4510,-12.3373,-147.194,7.75285
4511,-12.3343,-158.472,9.865
4512,-12.3321,116.607,6.63863
4513,-12.3296,-126.458,6.77669
4514,-12.3282,6.41288,6.86987
4515,-12.314,178.181,7.33862
4516,-12.3129,155.535,6.08106
4517,-12.3099,167.285,6.5345
4518,-12.2956,-65.428,7.71244
4519,-12.2946,-71.33,8.1604
4520,-12.2931,85.0531,8.13977
4521,-12.2869,22.9767,6.74273
4522,-12.2833,-141.231,6.03916
4523,-12.2804,89.0937,6.44037
4524,-12.2783,154.146,8.85274
4525,-12.2736,-142.162,6.45693
4526,-12.2584,159.648,8.98035
4527,-12.255,6.30525,8.62863
4528,-12.2505,156.599,9.95713
4529,-12.244,141.923,8.58024
4530,-12.2428,96.672,9.64784
4531,-12.2393,3.09802,9.14322
4532,-12.239,172.382,6.44142
4533,-12.2333,68.2393,6.2727
4534,-12.2266,168.279,7.47679
4535,-12.2206,-56.048,9.99595
4536,-12.2201,39.832,9.73194
4537,-12.2193,-112.461,7.68594
4538,-12.2163,-169.512,8.87125
4539,-12.2138,95.342,7.69806
4540,-12.2109,156.456,7.83965
4541,-12.1985,-165.485,7.66773
4542,-12.1946,-80.875,6.39332
4543,-12.1762,46.5476,9.12697
4544,-12.1715,171.017,7.24356
4545,-12.168,-126.115,8.6523
4546,-12.1644,145.231,7.71683
4547,-12.1619,-147.733,8.7831
4548,-12.1598,167.738,7.12696
4549,-12.1549,-39.102,6.93093
4550,-12.1534,-99.685,7.71146
4551,-12.153,-74.524,6.07192
4552,-12.1505,-177.364,9.23228
4553,-12.136,103.671,7.46254
4554,-12.1298,164.966,6.83499
4555,-12.1288,88.6553,6.93272
4556,-12.1278,-160.631,6.17545
4557,-12.1249,-175.709,6.319
4558,-12.1244,-126.497,8.03431
4559,-12.1205,-177.02,8.24711
4560,-12.1115,-156.829,8.85581
4561,-12.1061,-176.492,8.12907
4562,-12.1045,68.3825,6.7488
4563,-12.1029,-160.308,6.22534
4564,-12.1028,-123.942,6.22389
4565,-12.0866,6.30875,7.30767
4566,-12.0707,-4.298,6.21873
4567,-12.0678,-166.294,8.04199
4568,-12.0628,6.06664,8.38363
4569,-12.0551,-148.879,6.52103
4570,-12.0495,-124.97,7.12174
4571,-12.0426,81.4177,8.16247
4572,-12.042,156.376,6.02273
4573,-12.0406,-130.872,6.04165
4574,-12.0393,-162.971,9.23541
4575,-12.0374,177.148,6.19596
4576,-12.0341,38.3181,6.23751
4577,-12.0327,146.195,6.88526
4578,-12.0321,148.131,6.47573
4579,-12.0309,170.619,6.07647
4580,-12.0285,17.155,7.60923
4581,-12.0285,171.86,7.88462
4582,-12.0219,-151.934,6.37742
4583,-12.0219,103.412,9.76407
4584,-12.0167,-148.217,6.49452
4585,-12.0082,154.407,9.20685
4586,-12.0044,-150.67,9.10231
4587,-11.9998,-14.63,6.78714
4588,-11.9969,46.7217,8.29504
4589,-11.9968,-70.821,6.51328
4590,-11.9941,8.93508,6.28609
4591,-11.986,-140.896,7.79849
4592,-11.9842,-165.173,7.7079
4593,-11.9812,132.421,6.94877
4594,-11.9769,-139.37,8.65663
4595,-11.9705,-160.342,7.06153
4596,-11.9637,153.758,9.24421
4597,-11.9633,97.5885,8.79566
4598,-11.9619,-141.01,6.45252
4599,-11.9576,-75.536,7.38129
4600,-11.9564,87.6823,8.87287
4601,-11.9541,170.813,7.26377
4602,-11.9532,133.892,7.24909
4603,-11.9403,1.49338,9.12407
4604,-11.9383,-167.758,8.44096
4605,-11.9374,-170.756,6.09391
4606,-11.9342,88.3378,6.56629
4607,-11.9192,-152.087,8.27046
4608,-11.9173,-122.852,7.47278
4609,-11.9148,-138.776,8.28956
4610,-11.9066,88.8684,8.97726
4611,-11.902,-148.016,6.99766
4612,-11.8808,-70.574,6.77377
4613,-11.8721,146.572,7.84393
4614,-11.8677,-125.651,6.00858
4615,-11.8646,139.419,8.72535
4616,-11.8618,-112.417,6.3382
4617,-11.8613,167.101,8.03531
4618,-11.8588,90.1696,7.61749
4619,-11.8355,-154.242,8.96621
4620,-11.8328,-148.733,6.26257
4621,-11.8322,-136.697,8.35938
4622,-11.8316,-168.117,6.77923
4623,-11.8275,60.0738,6.14907
4624,-11.8273,-94.844,6.13317
4625,-11.8261,-4.747,6.31713
4626,-11.8252,-148.478,7.39424
4627,-11.8242,157.157,6.41202
4628,-11.8186,177.083,9.97571
4629,-11.8175,-131.992,6.83434
4630,-11.8162,156.863,9.94712
4631,-11.8146,-0.554,6.09364
4632,-11.8012,-64.091,8.66054
4633,-11.8008,-155.845,6.41534
4634,-11.7956,91.8884,9.82477
4635,-11.786,-160.783,6.15674
4636,-11.7853,171.817,6.5845
4637,-11.7797,-162.842,7.68337
4638,-11.7789,98.4183,7.31602
4639,-11.7685,94.345,6.24531
4640,-11.7683,92.0314,6.867
4641,-11.7679,-73.656,9.10284
4642,-11.7639,-133.621,6.58942
4643,-11.7523,148.657,6.40914
4644,-11.7363,43.0882,6.71995
4645,-11.7338,-170.377,7.36708
4646,-11.7334,86.1979,9.6515
4647,-11.7248,-163.191,6.67233
4648,-11.7238,67.1506,7.2618
4649,-11.7223,154.421,6.70407
4650,-11.7214,8.97128,7.09626
4651,-11.7207,153.964,6.48921
4652,-11.6954,149.604,6.08548
4653,-11.6945,150.104,6.96788
4654,-11.6942,166.299,7.83232
4655,-11.6938,10.9777,7.59985
4656,-11.6901,148.182,8.93167
4657,-11.6819,148.844,6.6069
4658,-11.6802,159.665,8.45504
4659,-11.6792,88.9511,6.89202
4660,-11.6783,-122.383,6.7001
4661,-11.6764,-4.763,6.97291
4662,-11.671,-61.305,6.27564
4663,-11.6675,170.847,6.794
4664,-11.6652,-87.868,6.92118
4665,-11.665,-179.231,8.78136
4666,-11.6534,38.0681,6.56174
4667,-11.6502,42.0951,6.65737
4668,-11.6278,159.392,6.33432
4669,-11.6118,40.2673,8.60901
4670,-11.6101,66.4595,9.08898
4671,-11.6084,92.5774,6.40779
4672,-11.6027,-173.709,6.65615
4673,-11.6021,-157.614,6.05147
4674,-11.5936,-130.102,7.22192
4675,-11.5853,-139.942,7.21771
4676,-11.5833,153.557,6.50991
4677,-11.5813,-74.796,6.17085
4678,-11.571,84.7263,7.24323
4679,-11.5707,1.04786,7.99881
4680,-11.5705,94.549,7.73848
4681,-11.5678,-155.847,7.87839
4682,-11.5649,-160.867,6.86957
4683,-11.5595,37.8117,8.76447
4684,-11.5528,-168.564,7.147
4685,-11.547,130.691,6.73066
4686,-11.5443,-177.105,9.49318
4687,-11.5429,154.156,7.31715
4688,-11.5424,165.15,8.07319
4689,-11.5385,126.147,8.09414
4690,-11.5378,110.693,7.76303
4691,-11.5369,174.9,8.14089
4692,-11.5358,155.384,8.68352
4693,-11.5289,-169.368,9.36063
4694,-11.5188,168.303,7.3549
4695,-11.5181,86.654,9.90398
4696,-11.5143,140.011,9.20406
4697,-11.5124,56.0428,6.00625
4698,-11.511,-61.334,7.90373
4699,-11.5081,-178.028,6.15327
4700,-11.5032,-167.201,6.23813
4701,-11.4994,-58.873,6.10593
4702,-11.4945,-138.273,8.17636
4703,-11.4889,179.893,8.84982
4704,-11.4879,-168.636,6.97611
4705,-11.4803,-132.948,8.99215
4706,-11.4757,-113.804,6.72279
4707,-11.4667,-125.798,9.13815
4708,-11.4661,149.014,7.3221
4709,-11.4636,151.605,6.80303
4710,-11.4618,-0.853,9.25358
4711,-11.4574,11.9698,9.43302
4712,-11.4541,-130.849,9.00371
4713,-11.4539,156.258,9.67583
4714,-11.4484,-174.595,6.35889
4715,-11.4428,38.1228,6.76273
4716,-11.4312,-135.387,9.57847
4717,-11.4301,9.73043,6.34422
4718,-11.4246,84.8459,6.27701
4719,-11.4168,168.724,8.57563
4720,-11.4161,156.85,7.22678
4721,-11.4147,114.738,6.17827
4722,-11.4119,94.5213,6.43553
4723,-11.4118,178.764,7.30267
4724,-11.3948,-72.867,6.80134
4725,-11.391,2.97906,8.26497
4726,-11.3904,115.184,8.97656
4727,-11.3883,154.983,8.41293
4728,-11.3868,-57.408,6.63437
4729,-11.3736,11.0372,8.40771
4730,-11.3688,-174.356,9.13442
4731,-11.3672,145.852,6.56699
4732,-11.3671,-80.863,7.34208
4733,-11.3605,-171.946,9.00023
4734,-11.3595,10.5734,6.44681
4735,-11.3583,130.689,7.25655
4736,-11.3531,7.14927,8.18859
4737,-11.3483,-162.092,6.9438
4738,-11.3427,146.535,8.19197
4739,-11.333,-178.056,7.64602
4740,-11.3322,138.734,7.82824
4741,-11.3246,-139.127,7.16968
4742,-11.3167,131.263,9.9891
4743,-11.3124,-151.699,7.77039
4744,-11.3109,-157.015,9.36844
4745,-11.3081,41.5232,7.73744
4746,-11.299,-173.897,6.74909
4747,-11.2911,-156.707,7.21207
4748,-11.282,-164.19,7.04611
4749,-11.2691,-150.875,8.80745
4750,-11.251,78.7967,7.4681
4751,-11.2503,-174.647,7.91031
4752,-11.2495,-154.64,6.41061
4753,-11.2491,154.654,7.13771
4754,-11.248,63.9907,6.7128
4755,-11.2302,-150.014,6.96959
4756,-11.2266,-68.015,6.45246
4757,-11.2262,112.771,7.52569
4758,-11.2198,-151.338,6.15029
4759,-11.213,139.826,9.92519
4760,-11.2103,103.495,6.46276
4761,-11.2093,-94.086,7.77377
4762,-11.2084,72.5575,6.99346
4763,-11.2069,104.321,9.39477
4764,-11.2055,-178.365,6.62505
4765,-11.2047,-69.941,8.23513
4766,-11.1845,-126.571,6.15471
4767,-11.1793,39.1615,9.77336
4768,-11.1774,-176.516,8.37425
4769,-11.1747,171.083,6.40965
4770,-11.1722,-15.105,7.06766
4771,-11.1704,76.5736,6.44713
4772,-11.1689,148.676,6.31494
4773,-11.1549,6.19362,6.07918
4774,-11.1489,179.129,6.30017
4775,-11.1466,149.56,7.86506
4776,-11.1444,133.45,6.67359
4777,-11.1391,-127.153,8.67139
4778,-11.1335,-173.878,8.81501
4779,-11.1333,-153.963,6.20653
4780,-11.1298,131.247,6.11417
4781,-11.1296,170.208,8.56234
4782,-11.1278,-117.552,8.77606
4783,-11.1266,24.1792,7.1898
4784,-11.1217,-169.173,9.68265
4785,-11.1156,-95.608,6.40867
4786,-11.1075,-150.272,9.71084
4787,-11.1074,135.465,9.84226
4788,-11.105,-179.702,6.31169
4789,-11.0995,133.112,6.65148
4790,-11.0984,130.998,7.28314
4791,-11.094,-4.123,6.29399
4792,-11.084,154.515,6.26782
4793,-11.0738,114.47,8.09773
4794,-11.0634,-142.136,7.91305
4795,-11.0569,174.987,8.62947
4796,-11.0548,-141.223,7.66697
4797,-11.0524,-166.772,8.24683
4798,-11.0506,-134.578,8.32607
4799,-11.0415,103.682,8.6894
4800,-11.0349,179.012,8.71839
4801,-11.0339,19.2237,9.10951
4802,-11.0334,86.3613,6.67176
4803,-11.0265,-70.84,8.79679
4804,-11.0216,-153.795,6.00537
4805,-11.0208,142.62,9.47218
4806,-11.0198,0.284798,6.16105
4807,-11.0188,91.385,6.09577
4808,-11.0149,-156.642,9.4074
4809,-10.9876,-146.824,9.21221
4810,-10.9867,84.1031,6.29392
4811,-10.9791,148.352,7.5175
4812,-10.9786,-175.673,9.1012
4813,-10.9657,146.956,6.32194
4814,-10.9635,-4.172,7.08594
4815,-10.9488,94.8255,7.99106
4816,-10.9467,88.8175,8.82653
4817,-10.9465,177.434,9.09748
4818,-10.9417,-148.134,6.61719
4819,-10.9302,-172.497,7.90714
4820,-10.9283,93.0507,6.04996
4821,-10.9274,103.876,9.66394
4822,-10.9159,170.407,6.60079
4823,-10.9064,-69.233,8.58307
4824,-10.8997,66.2728,8.58263
4825,-10.8988,142.406,7.45005
4826,-10.8977,-142.683,6.77079
4827,-10.8965,-8.924,6.46502
4828,-10.8873,142.038,7.74601
4829,-10.8867,-160.833,7.15937
4830,-10.8852,126.808,7.72017
4831,-10.8852,165.181,7.4038
4832,-10.8838,154.667,6.46338
4833,-10.88,-129.033,7.55852
4834,-10.8536,-34.202,6.45631
4835,-10.8493,46.8862,7.08022
4836,-10.8487,-160.452,8.44694
4837,-10.8475,-59.957,7.08931
4838,-10.8398,117.01,7.04868
4839,-10.8381,-160.31,7.36113
4840,-10.8267,179.351,7.44694
4841,-10.8158,63.9606,8.11236
4842,-10.809,85.55,9.87458
4843,-10.7955,109.71,6.71632
4844,-10.7941,91.6535,7.94739
4845,-10.7898,96.933,6.59237
4846,-10.7844,-172.726,9.50671
4847,-10.7826,11.715,6.18463
4848,-10.7785,167.666,6.31353
4849,-10.7775,-132.925,7.29278
4850,-10.7454,-136.92,6.95706
4851,-10.7434,39.0088,9.73785
4852,-10.7407,-148.906,9.90901
4853,-10.7272,-5.14,6.32338
4854,-10.7239,-131.931,6.59606
4855,-10.719,179.956,7.40696
4856,-10.7167,175.802,8.41119
4857,-10.7161,-59.92,8.14744
4858,-10.7121,127.01,6.30249
4859,-10.7094,125.685,6.58386
4860,-10.7064,-120.809,7.78294
4861,-10.7043,153.538,9.04681
4862,-10.702,125.331,8.28515
4863,-10.6985,-126.228,9.41065
4864,-10.6841,-176.286,7.81014
4865,-10.6718,176.918,7.26212
4866,-10.6655,-168.436,7.24444
4867,-10.6655,-8.326,6.62209
4868,-10.6653,-15.329,8.32744
4869,-10.6565,81.9105,6.13756
4870,-10.6514,86.9741,9.21643
4871,-10.6362,-154.37,6.90815
4872,-10.6347,152.885,8.22132
4873,-10.6343,-58.287,8.19917
4874,-10.6277,122.981,6.27415
4875,-10.6221,-178.384,7.88335
4876,-10.6221,-130.605,7.73485
4877,-10.6214,-173.103,6.45493
4878,-10.6204,150.799,7.19605
4879,-10.62,-13.422,6.23664
4880,-10.5992,-154.149,6.90556
4881,-10.5951,25.2391,7.82298
4882,-10.586,-160.697,6.52698
4883,-10.5845,172.147,6.44441
4884,-10.5724,126.883,6.82269
4885,-10.5716,97.0001,7.41199
4886,-10.5587,80.4543,7.82026
4887,-10.5573,177.98,9.27256
4888,-10.5548,-167.914,9.63953
4889,-10.5489,128.031,7.77278
4890,-10.5486,-126.499,6.06464
4891,-10.5436,89.964,7.36357
4892,-10.5394,11.7248,8.05744
4893,-10.5393,110.291,7.77446
4894,-10.5384,-114.584,6.08153
4895,-10.5326,93.9826,7.00777
4896,-10.5277,-69.795,7.94249
4897,-10.5276,172.729,7.19587
4898,-10.5209,-175.738,8.35737
4899,-10.5203,171.891,6.96191
4900,-10.5198,140.462,7.38954
4901,-10.5197,105.532,8.80155
4902,-10.518,85.406,8.41958
4903,-10.5099,148.141,6.8453
4904,-10.5081,-154.329,6.62853
4905,-10.4988,168.885,9.15636
4906,-10.492,-137.269,9.33
4907,-10.4878,-174.979,6.37962
4908,-10.4854,108.255,8.15927
4909,-10.4845,-167.556,6.2289
4910,-10.4832,88.2843,8.47523
4911,-10.4809,-110.373,8.72075
4912,-10.4805,83.9276,6.63098
4913,-10.4805,105.718,7.54223
4914,-10.4803,138.977,6.07595
4915,-10.4702,18.7642,7.11494
4916,-10.4672,40.11,6.17484
4917,-10.4604,6.31098,6.70854
4918,-10.4572,148.753,6.20694
4919,-10.4544,-69.697,8.57439
4920,-10.4516,-118.926,6.68936
4921,-10.4494,-125.802,6.15945
4922,-10.4493,-126.117,6.91088
4923,-10.4491,55.7766,8.65109
4924,-10.4455,-65.114,8.25776
4925,-10.4444,100.438,6.37751
4926,-10.4361,174.278,6.31796
4927,-10.428,110.871,8.26522
4928,-10.4259,132.226,6.25302
4929,-10.4236,142.368,8.42689
4930,-10.4085,-153.014,7.56273
4931,-10.4067,80.4943,8.61219
4932,-10.4027,-158.365,8.31774
4933,-10.4024,94.164,8.67308
4934,-10.3928,-155.309,6.31365
4935,-10.3919,-57.468,6.93009
4936,-10.3876,152.167,7.82156
4937,-10.3852,96.5903,9.84102
4938,-10.3775,68.6637,9.87715
4939,-10.3736,114.763,6.89415
4940,-10.3717,156.84,8.06743
4941,-10.3713,-154.577,9.0299
4942,-10.3676,-160.486,6.21936
4943,-10.3674,140.066,7.47198
4944,-10.3655,171.429,7.28144
4945,-10.3652,-69.002,8.08709
4946,-10.358,-13.4,8.83881
4947,-10.3557,-134.747,9.63329
4948,-10.3555,-156.826,8.53816
4949,-10.3539,-153.811,6.55623
4950,-10.3527,-156.092,7.44491
4951,-10.3329,18.6453,8.25821
4952,-10.3254,-168.409,7.44082
4953,-10.3228,-168.75,8.48709
4954,-10.3208,167.881,6.87919
4955,-10.3202,-144.052,9.52228
4956,-10.3201,-8.522,8.14324
4957,-10.3195,-113.097,7.25035
4958,-10.3142,152.359,6.45853
4959,-10.3131,38.1358,9.14234
4960,-10.3016,2.78047,6.37775
4961,-10.2838,-44.423,6.35533
4962,-10.2834,-177.911,7.06034
4963,-10.2764,93.7078,6.16502
4964,-10.2726,103.629,7.65953
4965,-10.2627,8.15571,8.91897
4966,-10.2614,153.339,6.16614
4967,-10.2595,-120.458,9.62968
4968,-10.2573,175.602,8.67493
4969,-10.2559,116.419,8.25603
4970,-10.2554,-68.163,7.64941
4971,-10.255,-177.546,8.94525
4972,-10.2458,-71.65,9.21541
4973,-10.2398,-131.538,7.80555
4974,-10.2327,178.108,6.82063
4975,-10.2315,11.3412,7.1258
4976,-10.2306,-131.709,8.7799
4977,-10.2295,-176.32,7.0975
4978,-10.2292,42.6161,6.95996
4979,-10.2228,143.47,9.06861
4980,-10.2218,-179.677,9.86395
4981,-10.2193,-149.262,7.34491
4982,-10.2047,173.003,6.86006
4983,-10.204,-158.126,8.09434
4984,-10.1929,115.866,7.42129
4985,-10.1848,-142.767,7.4256
4986,-10.1822,112.55,9.51586
4987,-10.1769,105.689,7.16915
4988,-10.166,152.345,8.22889
4989,-10.1638,149.484,6.8493
4990,-10.1569,-150.807,9.72132
4991,-10.1539,82.8799,7.66882
4992,-10.145,-154.959,7.51027
4993,-10.1361,-139.813,7.96556
4994,-10.1329,5.32216,7.58909
4995,-10.1189,125.299,6.35319
4996,-10.1186,-133.85,6.9672
4997,-10.1167,89.0748,7.74807
4998,-10.1134,175.475,9.71549
4999,-10.1101,154.895,8.24028
5000,-10.108,105.654,9.59139
5001,-10.1033,-175.967,9.39559
5002,-10.0967,155.5,9.41202
5003,-10.0866,-80.931,9.47349
5004,-10.0819,-153.219,7.3489
5005,-10.0581,-140.399,6.42122
5006,-10.0517,147.835,8.98258
5007,-10.0511,177.8,9.13286
5008,-10.0361,-126.259,6.4425
5009,-10.0353,3.3517,6.35898
5010,-10.035,-150.286,7.15235
5011,-10.0312,51.4761,6.63787
5012,-10.0234,93.1422,9.67789
5013,-10.0204,38.0443,6.59812
5014,-10.0188,-133.122,7.7887
5015,-10.0127,105.924,8.7189
5016,-10.0057,106.385,8.81654
5017,-9.99958,114.452,6.01304
5018,-9.99655,-141.557,9.917
5019,-9.99632,-178.208,9.57297
5020,-9.99003,153.085,8.10514
5021,-9.98081,-79.439,8.19168
5022,-9.97859,179.507,6.19891
5023,-9.97828,13.5368,8.21986
5024,-9.97176,-170.311,6.72466
5025,-9.96943,-179.748,7.12246
5026,-9.96028,0.786708,7.19735
5027,-9.95866,-159.089,8.18951
5028,-9.94529,-138.821,7.77924
5029,-9.94069,-170.009,7.17541
5030,-9.93735,-150.263,7.88249
5031,-9.93535,-155.128,8.98099
5032,-9.93058,155.265,8.34374
5033,-9.92889,170.794,7.04576
5034,-9.92518,-177.039,6.17882
5035,-9.92371,-177.927,9.85832
5036,-9.91961,19.7284,9.48096
5037,-9.91831,172.604,7.56205
5038,-9.91792,-177.2,7.55666
5039,-9.91694,84.0053,6.5725
5040,-9.91408,2.01755,9.96398
5041,-9.90517,4.94996,6.98398
5042,-9.90408,154.311,6.5075
5043,-9.89649,175.468,8.29374
5044,-9.89334,141.071,6.2545
5045,-9.89024,4.54438,8.77874
5046,-9.88691,-125.512,8.08758
5047,-9.87992,82.7915,9.00645
5048,-9.8788,2.84164,7.76847
5049,-9.87677,130.561,8.97554
5050,-9.87337,-175.383,9.24375
5051,-9.87032,146.92,8.0127
5052,-9.86894,39.5295,9.24675
5053,-9.851,5.25537,9.86059
5054,-9.84815,113.333,7.22958
5055,-9.84791,-129.845,6.05988
5056,-9.84529,153.993,9.34954
5057,-9.84278,-136.918,8.52842
5058,-9.84117,29.3631,7.03867
5059,-9.83457,114.979,6.94641
5060,-9.81942,179.405,6.92204
5061,-9.8175,-142.501,9.1912
5062,-9.81412,-126.266,7.17854
5063,-9.81167,86.6508,7.29006
5064,-9.80877,169.091,8.04062
5065,-9.80284,92.1154,8.90886
5066,-9.80101,-155.413,9.15653
5067,-9.79971,-71.572,8.41981
5068,-9.78553,43.66,9.92681
5069,-9.77997,-22.676,6.24026
5070,-9.77899,116.695,9.40648
5071,-9.77421,125.266,6.40622
5072,-9.77148,-8.183,8.95261
5073,-9.76398,10.5225,6.57345
5074,-9.76181,-127.787,8.76342
5075,-9.76055,-150.504,6.44969
5076,-9.75949,172.415,6.94539
5077,-9.7414,174.261,7.15886
5078,-9.73224,128.183,6.12467
5079,-9.73132,150.541,6.92906
5080,-9.72484,-159.004,6.4107
5081,-9.72255,-164.386,6.49845
5082,-9.72059,-140.246,9.788
5083,-9.7071,-151.319,8.06604
5084,-9.705,0.794532,8.09428
5085,-9.70438,-138.645,6.32811
5086,-9.69871,139.897,6.60606
5087,-9.69787,163.28,7.98677
5088,-9.69469,149.368,6.37467
5089,-9.69145,-70.827,6.19718
5090,-9.68807,130.366,8.19672
5091,-9.67753,104.312,9.29145
5092,-9.67362,106.323,8.74976
5093,-9.67281,-116.541,6.54308
5094,-9.67193,-139.807,8.27755
5095,-9.67024,127.14,6.79682
5096,-9.66641,171.487,7.35544
5097,-9.66458,4.38036,6.28336
5098,-9.66375,96.2126,8.20931
5099,-9.66199,98.9874,8.82723
5100,-9.65974,42.8118,9.08066
5101,-9.65846,153.502,6.7165
5102,-9.65123,-135.828,6.62231
5103,-9.65079,67.1227,7.26624
5104,-9.6505,21.2327,6.5139
5105,-9.65023,110.382,6.03963
5106,-9.64984,-175.265,8.07452
5107,-9.64604,148.122,6.12471
5108,-9.64446,-142.245,9.31889
5109,-9.63694,-78.898,6.97659
5110,-9.63543,89.2734,9.35027
5111,-9.62717,-134.858,6.2864
5112,-9.62574,-157.728,7.27419
5113,-9.62541,30.1067,8.13555
5114,-9.61882,34.8588,9.3576
5115,-9.61619,-58.131,8.01634
5116,-9.61183,13.1409,6.19989
5117,-9.6085,17.6363,6.47897
5118,-9.60497,-175.882,8.46311
5119,-9.60276,-128.191,8.65296
5120,-9.59766,-142.008,7.02892
5121,-9.57225,124.832,8.81088
5122,-9.57211,-68.238,7.18885
5123,-9.57,3.62852,7.2807
5124,-9.56938,154.015,6.20657
5125,-9.56328,150.519,8.66497
5126,-9.55816,-178.536,6.33316
5127,-9.55799,154.952,6.68632
5128,-9.55765,4.64524,7.16297
5129,-9.55249,69.8082,8.32707
5130,-9.55047,-155.576,8.10505
5131,-9.54969,-64.176,7.27633
5132,-9.54609,127.017,7.3684
5133,-9.54318,115.006,8.13114
5134,-9.54315,34.6509,8.46721
5135,-9.54202,109.954,7.44084
5136,-9.5419,2.97991,7.59671
5137,-9.53853,-116.306,9.00978
5138,-9.53719,-153.417,6.65118
5139,-9.53588,153.057,8.9406
5140,-9.52333,142.024,7.32507
5141,-9.52123,147.992,6.03023
5142,-9.5192,-70.891,6.082
5143,-9.51544,37.7913,9.46439
5144,-9.50578,-149.71,6.59584
5145,-9.49637,36.0577,8.89418
5146,-9.49402,106.121,7.86306
5147,-9.48841,-150.631,7.35138
5148,-9.48584,174.708,9.31283
5149,-9.48396,-150.293,8.44246
5150,-9.48278,36.8758,8.69236
5151,-9.47803,151.04,8.05669
5152,-9.4716,-150.783,6.48947
5153,-9.46731,-131.565,9.0691
5154,-9.46661,-160.854,8.1524
5155,-9.45523,97.8962,8.36227
5156,-9.44954,3.9664,9.48125
5157,-9.44523,-14.407,7.70679
5158,-9.43725,-59.566,7.21636
5159,-9.43602,88.236,8.4795
5160,-9.4338,116.507,6.14728
5161,-9.43171,127.404,8.06298
5162,-9.42962,-68.118,6.11831
5163,-9.41586,-30.061,9.73479
5164,-9.4155,-119.891,6.26339
5165,-9.41515,-176.131,8.76483
5166,-9.41419,-162.345,9.23714
5167,-9.4112,-80.334,7.53555
5168,-9.40813,-175.324,9.50023
5169,-9.40503,169.072,8.81484
5170,-9.40338,105.061,8.74773
5171,-9.4018,14.5903,6.37053
5172,-9.39592,42.6219,7.01736
5173,-9.39209,-71.06,6.74328
5174,-9.39084,-142.371,9.85382
5175,-9.38775,140.375,6.25089
5176,-9.38695,86.1176,6.8589
5177,-9.38411,-158.519,7.52026
5178,-9.37688,127.933,8.21229
5179,-9.3632,-83.318,9.21843
5180,-9.3625,125.318,6.42595
5181,-9.35974,-64.345,9.39996
5182,-9.35666,104.181,9.85813
5183,-9.35152,155.495,9.36574
5184,-9.3513,-68.587,6.81888
5185,-9.34839,-141.889,6.13716
5186,-9.3483,3.03831,6.7188
5187,-9.33953,-119.733,6.06752
5188,-9.3348,27.6774,6.98201
5189,-9.33439,18.0872,6.81195
5190,-9.32464,-140.884,7.97028
5191,-9.32437,-156.228,7.51109
5192,-9.31203,168.467,6.77346
5193,-9.30984,85.3431,6.6283
5194,-9.30578,-164.479,7.19177
5195,-9.29764,154.621,7.1116
5196,-9.29608,-159.002,7.02756
5197,-9.29591,-82.745,9.89923
5198,-9.29509,-137.545,8.60314
5199,-9.29178,4.81281,6.14048
5200,-9.28967,140.605,6.19395
5201,-9.28278,-150.488,7.68308
5202,-9.2734,136.067,9.42321
5203,-9.27096,156.35,6.19673
5204,-9.26759,-128.647,8.71531
5205,-9.26592,-145.648,8.34582
5206,-9.25882,128.853,6.92948
5207,-9.2588,170.875,6.36046
5208,-9.25808,107.919,8.30599
5209,-9.25743,130.992,7.04861
5210,-9.25694,172.658,6.74264
5211,-9.25614,69.6555,6.7017
5212,-9.24952,-131.936,8.94249
5213,-9.24424,85.0509,6.92575
5214,-9.24208,-46.132,7.59507
5215,-9.23573,155.162,7.80623
5216,-9.23294,-65.557,7.30438
5217,-9.23002,35.8354,6.42174
5218,-9.22984,173.197,6.50582
5219,-9.22618,44.4859,6.96664
5220,-9.22559,107.646,8.18886
5221,-9.22158,35.2626,7.17394
5222,-9.21805,-79.024,6.20499
5223,-9.21178,96.393,8.00878
5224,-9.20079,43.6896,9.06286
5225,-9.19161,-128.805,6.8702
5226,-9.19006,21.2607,6.6417
5227,-9.18953,-63.367,9.00522
5228,-9.18365,-109.824,6.41401
5229,-9.17615,-153.958,9.513
5230,-9.1593,84.9068,6.62691
5231,-9.15705,33.4872,9.98777
5232,-9.15639,20.838,7.73487
5233,-9.15545,3.84038,6.05488
5234,-9.1551,64.883,8.04944
5235,-9.1483,85.7261,9.87197
5236,-9.14225,4.4355,6.06492
5237,-9.13828,-156.844,7.41118
5238,-9.12747,-119.923,6.0996
5239,-9.12361,126.549,9.57926
5240,-9.12328,-171.435,6.7746
5241,-9.12002,173.315,7.61073
5242,-9.11864,-149.931,8.13257
5243,-9.11523,127.457,6.96895
5244,-9.11492,42.7266,6.76943
5245,-9.11202,130.157,6.91373
5246,-9.10568,67.5577,6.11714
5247,-9.10398,-144.136,7.08717
5248,-9.10336,141.619,6.04043
5249,-9.09938,105.913,8.28544
5250,-9.09445,88.7466,9.88678
5251,-9.09207,104.663,8.17334
5252,-9.09076,4.34451,7.48898
5253,-9.08623,123.662,6.64131
5254,-9.0766,23.155,6.33213
5255,-9.07574,179.619,8.81092
5256,-9.07495,-132.21,6.17447
5257,-9.07006,-70.624,7.07663
5258,-9.06806,121.792,8.21415
5259,-9.05671,94.2892,8.74202
5260,-9.05304,-170.258,6.35641
5261,-9.03887,101.509,6.97827
5262,-9.0384,136.519,6.79013
5263,-9.03796,140.505,6.00849
5264,-9.03261,114.923,9.35102
5265,-9.03061,-158.24,7.4864
5266,-9.02846,-8.184,9.5079
5267,-9.02461,-62.353,7.39983
5268,-9.02223,-68.081,7.0479
5269,-9.01922,38.8971,7.91919
5270,-9.00654,1.85856,6.68082
5271,-8.99972,29.8852,8.12522
5272,-8.99682,99.1051,9.03003
5273,-8.98892,67.0306,6.16304
5274,-8.98866,20.6476,6.67268
5275,-8.98829,137.158,9.10447
5276,-8.98482,36.7144,6.6452
5277,-8.97998,155.562,6.73517
5278,-8.96919,3.18325,6.30319
5279,-8.95545,136.332,8.162
5280,-8.95541,-132.169,7.87163
5281,-8.94384,156.191,8.92619
5282,-8.94359,162.041,9.31096
5283,-8.93546,166.615,6.41763
5284,-8.93356,-112.668,9.38566
5285,-8.92707,4.15423,7.86382
5286,-8.92274,33.345,7.19603
5287,-8.90921,170.738,8.79438
5288,-8.90764,89.5356,6.91238
5289,-8.90387,32.1987,6.93675
5290,-8.90015,116.362,7.36166
5291,-8.89989,-138.544,6.93337
5292,-8.89707,-178.135,8.31116
5293,-8.8963,53.4365,6.4173
5294,-8.89341,-119.388,7.22072
5295,-8.89071,-62.222,7.64328
5296,-8.89024,154.543,9.36354
5297,-8.88791,138.192,9.49146
5298,-8.88395,-160.05,7.30666
5299,-8.88231,98.8649,6.32074
5300,-8.88127,-175.255,7.89799
5301,-8.87523,-143.75,7.222
5302,-8.87131,171.741,9.03514
5303,-8.86398,-176.818,7.44126
5304,-8.86123,163.491,7.00025
5305,-8.85685,169.328,6.52463
5306,-8.84621,-81.296,7.25872
5307,-8.8462,-68.205,8.53921
5308,-8.84226,113.889,6.33941
5309,-8.83559,172.671,7.31805
5310,-8.83067,6.34023,6.20673
5311,-8.82976,149.227,9.71712
5312,-8.82578,172.154,7.50568
5313,-8.8228,115.014,6.01059
5314,-8.81793,143.561,6.5926
5315,-8.80467,64.4633,8.29139
5316,-8.80105,-62.041,8.80508
5317,-8.80093,5.60563,8.6525
5318,-8.79702,-140.748,8.20332
5319,-8.78264,122.534,6.67884
5320,-8.77562,-130.255,7.87227
5321,-8.76896,177.513,8.56592
5322,-8.76757,-136.094,6.45133
5323,-8.76204,131.218,6.814
5324,-8.7515,92.7908,9.79101
5325,-8.74047,92.3897,7.60204
5326,-8.73577,-141.011,8.62623
5327,-8.7313,154.739,7.07293
5328,-8.72971,18.3434,7.40199
5329,-8.72899,38.2728,8.92652
5330,-8.7232,-162.411,7.16089
5331,-8.72235,64.2112,6.98842
5332,-8.72024,-66.329,7.82891
5333,-8.7147,-69.842,8.61115
5334,-8.71179,7.44212,6.8603
5335,-8.69751,-68.438,8.32993
5336,-8.69455,174.767,6.26751
5337,-8.69375,114.05,6.63223
5338,-8.69128,176.903,9.17149
5339,-8.6912,-6.9,7.40127
5340,-8.68264,95.884,6.62537
5341,-8.67087,-147.718,7.07748
5342,-8.66725,113.534,7.14339
5343,-8.66723,2.37327,6.29583
5344,-8.6532,-176.866,7.31172
5345,-8.65218,-152.747,8.10387
5346,-8.65139,13.7111,8.93991
5347,-8.6476,-158.207,9.47193
5348,-8.64202,172.821,8.28631
5349,-8.63519,128.01,6.39586
5350,-8.6274,70.6662,6.62583
5351,-8.62414,154.881,7.97003
5352,-8.61753,-68.226,6.32604
5353,-8.616,70.0607,6.70132
5354,-8.61581,-4.5,9.14307
5355,-8.60869,-66.398,6.27318
5356,-8.60797,122.629,7.26811
5357,-8.60782,142.401,6.96281
5358,-8.60479,106.664,9.30445
5359,-8.60216,-138.103,6.34218
5360,-8.5987,-133.115,6.47923
5361,-8.59805,139.233,7.10879
5362,-8.59557,-172.712,6.15563
5363,-8.58031,-63.988,6.03676
5364,-8.57431,88.3524,6.51661
5365,-8.57401,177.086,6.74636
5366,-8.5732,170.292,6.48912
5367,-8.57248,-149.542,7.44052
5368,-8.57127,-179.048,9.33075
5369,-8.56995,165.669,6.85327
5370,-8.56892,-172.57,9.02409
5371,-8.56574,-152.93,9.5048
5372,-8.56536,-133.65,6.81526
5373,-8.56407,128.125,9.04788
5374,-8.56092,9.06463,6.01908
5375,-8.55417,-147.119,6.20846
5376,-8.55314,87.7273,9.37213
5377,-8.54524,175.729,8.65058
5378,-8.53975,-54.983,7.05878
5379,-8.52916,74.2899,9.11509
5380,-8.52668,-71.368,8.59472
5381,-8.52424,-0.829,8.25911
5382,-8.51902,107.483,8.02184
5383,-8.51823,92.2877,6.12634
5384,-8.51494,154.552,6.45967
5385,-8.50505,131.215,6.86037
5386,-8.50347,2.87438,6.92779
5387,-8.49899,156.454,7.74662
5388,-8.49674,-67.299,8.46077
5389,-8.48298,-109.558,6.35859
5390,-8.48042,-160.242,6.06127
5391,-8.48022,121.187,6.73812
5392,-8.47151,143.16,7.84784
5393,-8.45752,-133.785,6.47469
5394,-8.45393,136.389,7.12483
5395,-8.45347,126.59,9.21316
5396,-8.44155,-172.594,6.73747
5397,-8.43415,-113.243,6.75053
5398,-8.43334,-115.343,7.01038
5399,-8.42849,165.786,8.54188
5400,-8.42777,-79.989,7.20257
5401,-8.42403,146.557,6.65717
5402,-8.4235,140.191,7.28739
5403,-8.42078,25.4439,6.37779
5404,-8.42056,4.779,9.58495
5405,-8.41505,134.178,6.7059
5406,-8.41488,89.0364,6.0522
5407,-8.41298,-123.736,6.98542
5408,-8.41008,142.524,8.28571
5409,-8.40651,-133.451,6.01668
5410,-8.3984,112.906,8.09203
5411,-8.39809,-16.356,6.1613
5412,-8.39763,-149.894,9.97917
5413,-8.39166,108.129,6.94347
5414,-8.38895,-81.286,7.90558
5415,-8.38705,175.446,6.90056
5416,-8.38071,-159.548,7.00259
5417,-8.38042,126.3,9.96024
5418,-8.3789,-123.236,7.27503
5419,-8.37576,8.92569,6.6763
5420,-8.37561,168.305,8.55079
5421,-8.37034,178.296,6.85325
5422,-8.36763,86.9402,9.83337
5423,-8.36522,147.208,8.11801
5424,-8.3643,133.962,6.82191
5425,-8.35489,6.52526,6.37313
5426,-8.34774,146.91,9.42325
5427,-8.34714,92.9963,7.20322
5428,-8.3457,115.023,6.10049
5429,-8.34427,11.082,8.92471
5430,-8.34319,148.794,6.24191
5431,-8.33331,-19.243,8.59038
5432,-8.33218,66.7811,8.2273
5433,-8.32764,-177.067,7.92719
5434,-8.32078,-134.082,6.60699
5435,-8.31674,-81.72,6.51505
5436,-8.31132,127.147,6.03681
5437,-8.30883,131.125,8.52078
5438,-8.304,-8.285,7.27323
5439,-8.3039,168.737,6.21897
5440,-8.30177,156.226,7.5573
5441,-8.29943,178.74,6.23949
5442,-8.29784,-84.159,7.16974
5443,-8.29292,149.598,8.03971
5444,-8.29112,155.836,7.15542
5445,-8.28278,126.626,6.18963
5446,-8.27989,121.016,6.94215
5447,-8.27589,-59.109,8.62216
5448,-8.27369,-144.793,7.92845
5449,-8.27171,-146.653,6.58336
5450,-8.26428,-148.148,8.78353
5451,-8.26035,84.7938,6.56624
5452,-8.25914,139.454,8.53401
5453,-8.25667,107.319,6.97673
5454,-8.25115,148.986,8.9654
5455,-8.2479,-142.34,7.62412
5456,-8.24212,-4.67,8.28565
5457,-8.24034,-167.042,6.94681
5458,-8.23589,75.325,6.55464
5459,-8.23484,-8.186,9.47288
5460,-8.23412,166.207,7.73156
5461,-8.23099,158.02,6.89803
5462,-8.22791,121.787,7.7248
5463,-8.22341,-61.28,6.08678
5464,-8.22154,-90.155,6.64969
5465,-8.20889,-153.992,6.93315
5466,-8.20007,12.5206,8.40979
5467,-8.19468,-76.148,6.84928
5468,-8.19356,-163.954,8.02774
5469,-8.18589,-159.21,8.7814
5470,-8.17651,-113.816,7.20315
5471,-8.17519,89.0155,6.58417
5472,-8.17126,-73.526,7.19989
5473,-8.16878,37.3807,8.87707
5474,-8.16487,174.543,7.07918
5475,-8.15637,142.773,9.42682
5476,-8.15598,172.605,8.524
5477,-8.15547,-154.208,6.63151
5478,-8.15191,169.083,8.23045
5479,-8.14741,65.299,6.25371
5480,-8.14555,-27.499,7.78587
5481,-8.14498,-177.628,6.19034
5482,-8.1403,156.12,7.53986
5483,-8.14004,-67.148,9.86958
5484,-8.13687,148.726,8.60194
5485,-8.13653,-153.83,9.69872
5486,-8.13336,2.13733,8.96522
5487,-8.12967,9.34317,7.3677
5488,-8.1257,153.04,7.94436
5489,-8.1236,130.704,9.12672
5490,-8.11981,-175.767,6.68014
5491,-8.11493,-149.549,6.05032
5492,-8.11491,178.895,7.78887
5493,-8.10934,-172.818,7.37927
5494,-8.10363,177.251,8.41944
5495,-8.10293,170.878,6.98072
5496,-8.0988,153.4,8.05101
5497,-8.09482,-112.45,6.8133
5498,-8.09365,128.274,8.71943
5499,-8.09282,8.62183,7.92954
5500,-8.09139,3.24138,6.05945
5501,-8.08026,-4.278,8.3706
5502,-8.07751,126.747,9.44434
5503,-8.05819,35.6257,8.46707
5504,-8.05528,174.597,9.12747
5505,-8.05255,-16.689,6.25847
5506,-8.04435,-79.174,6.15623
5507,-8.03704,-154.668,7.16716
5508,-8.03187,128.517,6.74608
5509,-8.01403,-131.356,7.4303
5510,-8.00904,103.98,8.76116
5511,-8.00492,-157.828,8.70223
5512,-7.993,156.063,7.5768
5513,-7.98587,125.279,9.7535
5514,-7.98449,-134.086,6.2973
5515,-7.98281,-115.737,9.42638
5516,-7.9794,-163.606,9.12343
5517,-7.9781,-127.397,6.1697
5518,-7.97617,148.034,6.43162
5519,-7.97385,155.187,6.90124
5520,-7.97126,176.331,8.59934
5521,-7.97073,113.607,7.17571
5522,-7.96666,-127.81,9.73499
5523,-7.96646,-177.926,6.57841
5524,-7.96119,126.029,6.09225
5525,-7.95115,172.741,9.3802
5526,-7.9488,96.8568,8.12118
5527,-7.93919,9.48871,7.63191
5528,-7.93727,0.625856,9.33613
5529,-7.93597,123.567,6.7314
5530,-7.92969,17.528,7.73118
5531,-7.92635,8.42028,8.61038
5532,-7.92524,127.014,6.32253
5533,-7.92028,-139.518,6.50505
5534,-7.92004,-130.778,6.46213
5535,-7.90876,-139.223,6.62225
5536,-7.90862,-92.762,6.52554
5537,-7.90598,85.5229,6.6462
5538,-7.90222,-176.357,7.43595
5539,-7.89653,-153.779,9.47428
5540,-7.89211,-165.617,9.12385
5541,-7.89045,142.685,9.43275
5542,-7.89024,2.41267,9.89518
5543,-7.88627,112.653,6.57281
5544,-7.88023,15.4633,6.70681
5545,-7.87951,108.823,7.77829
5546,-7.8675,173.212,6.14394
5547,-7.86694,154.168,6.74939
5548,-7.86087,144.821,7.61757
5549,-7.85701,152.952,6.23811
5550,-7.85639,-135.26,8.20403
5551,-7.85594,66.1324,6.4693
5552,-7.85448,33.196,6.06644
5553,-7.8523,95.7933,7.99733
5554,-7.84812,112.19,6.65521
5555,-7.84718,113.115,6.0895
5556,-7.84511,22.0417,7.41769
5557,-7.84354,-158.329,7.09785
5558,-7.83652,167.426,6.94935
5559,-7.83133,100.115,9.17576
5560,-7.82891,-160.695,8.14186
5561,-7.82476,-156.644,7.50735
5562,-7.82405,-77.185,8.49341
5563,-7.82097,93.2371,7.2773
5564,-7.81953,109.083,6.43194
5565,-7.81603,-161.368,6.60623
5566,-7.81114,-58.665,6.07623
5567,-7.80974,-21.484,6.48171
5568,-7.80665,125.291,9.22795
5569,-7.80423,102.578,9.42038
5570,-7.80215,156.57,6.23142
5571,-7.80111,99.764,7.52154
5572,-7.79576,112.934,8.8891
5573,-7.79535,139.084,6.93952
5574,-7.79438,138.454,6.01072
5575,-7.78527,127.662,6.98031
5576,-7.77722,168.172,6.01687
5577,-7.77427,21.5487,7.70112
5578,-7.76892,-179.557,6.47404
5579,-7.7545,170.827,9.5372
5580,-7.75353,-159.21,6.84135
5581,-7.74396,58.7827,7.38073
5582,-7.73653,-166.811,8.79072
5583,-7.73494,-6.464,8.21436
5584,-7.73248,83.7468,6.16945
5585,-7.73004,-164.603,6.81824
5586,-7.72562,96.8229,9.04103
5587,-7.72151,120.172,6.75199
5588,-7.72146,129.03,8.0562
5589,-7.72061,-156.323,9.83968
5590,-7.71475,106.133,6.11589
5591,-7.71305,-173.517,7.25726
5592,-7.70881,156.051,9.12168
5593,-7.70079,98.5757,6.14811
5594,-7.69929,5.22631,6.76575
5595,-7.6949,-165.806,7.42277
5596,-7.6926,-172.319,6.14251
5597,-7.68164,144.978,7.01968
5598,-7.67852,-179.396,7.41725
5599,-7.6764,134.808,6.29406
5600,-7.67253,176.473,8.64784
5601,-7.67153,98.3776,6.25472
5602,-7.66352,112.267,9.13007
5603,-7.661,119.846,6.25491
5604,-7.65108,135.911,7.32745
5605,-7.65092,-8.373,8.5854
5606,-7.64978,-64.87,9.13431
5607,-7.64757,-156.743,7.53587
5608,-7.64617,108.748,6.35191
5609,-7.64453,-4.974,7.36931
5610,-7.64357,156.197,7.9157
5611,-7.64141,111.183,6.79943
5612,-7.6407,-18.805,6.47069
5613,-7.61569,152.167,6.7066
5614,-7.60809,167.34,9.99727
5615,-7.60279,174.434,7.01753
5616,-7.60191,143.555,7.99618
5617,-7.59967,-166,7.07115
5618,-7.59334,126.751,6.10491
5619,-7.59311,70.4523,7.78314
5620,-7.58607,-174.251,8.95747
5621,-7.58357,-158.749,6.16727
5622,-7.57755,-164.913,6.31492
5623,-7.57532,-66.713,7.27812
5624,-7.5738,-92.884,7.35283
5625,-7.56817,154.986,6.00113
5626,-7.56532,177.494,7.72196
5627,-7.56409,-130.63,7.15923
5628,-7.55669,-111.148,7.21813
5629,-7.5565,124.036,7.44351
5630,-7.55196,116.81,7.63776
5631,-7.54852,176.232,6.73934
5632,-7.53513,111.655,6.87215
5633,-7.5344,153.117,7.54587
5634,-7.53292,-38.127,9.70922
5635,-7.53234,99.1062,9.27742
5636,-7.53014,-117.576,8.658
5637,-7.52989,156.327,6.52017
5638,-7.52591,-149.897,6.48616
5639,-7.52235,156.814,9.6585
5640,-7.52158,99.6509,8.70997
5641,-7.52118,-131.113,9.64805
5642,-7.50169,-172.953,6.27416
5643,-7.49702,153.962,6.35938
5644,-7.49683,-156.517,6.70968
5645,-7.49599,-16.662,6.07492
5646,-7.49563,-0.005,6.23178
5647,-7.49442,-166.248,6.09801
5648,-7.49229,-168.378,7.91718
5649,-7.48453,-159.276,7.30559
5650,-7.48435,99.4747,8.88478
5651,-7.48068,147.13,6.84275
5652,-7.47561,167.252,6.41104
5653,-7.47275,176.807,6.50952
5654,-7.46967,113.774,7.74596
5655,-7.46326,-175.763,6.40504
5656,-7.46258,136.59,6.39596
5657,-7.4494,144.87,7.67283
5658,-7.44737,101.567,8.85204
5659,-7.44521,169.839,9.80635
5660,-7.44472,163.688,6.06426
5661,-7.43285,166.847,6.77193
5662,-7.4305,-150.428,9.41932
5663,-7.42932,-152.959,6.43651
5664,-7.42932,-135.295,9.23129
5665,-7.41606,168.98,7.08649
5666,-7.41588,152.105,6.54538
5667,-7.40718,-113.113,6.4106
5668,-7.40459,127.528,9.64001
5669,-7.40285,156.075,6.35348
5670,-7.39658,-159.452,6.22324
5671,-7.39541,144.769,6.16369
5672,-7.38955,-160.502,6.04874
5673,-7.38052,-156.697,6.06384
5674,-7.37893,115.555,6.20364
5675,-7.37532,-131.429,6.22407
5676,-7.36746,12.4242,9.16327
5677,-7.36417,-154.231,7.48728
5678,-7.36236,-171.7,9.15326
5679,-7.36013,176.603,8.58262
5680,-7.35848,154.535,6.67419
5681,-7.35285,9.98469,7.46741
5682,-7.35164,168.027,6.18383
5683,-7.34317,-131.664,6.70111
5684,-7.34122,146.822,6.57916
5685,-7.33234,150.809,8.5502
5686,-7.32394,-179.455,7.50647
5687,-7.32249,-177.018,8.60263
5688,-7.31321,-158.159,7.7419
5689,-7.31239,20.9303,6.74808
5690,-7.30532,158.902,6.11729
5691,-7.30038,115.01,6.88055
5692,-7.29999,-131.035,8.56072
5693,-7.29992,-144.833,8.30976
5694,-7.29982,37.6739,7.86409
5695,-7.29434,119.115,6.46156
5696,-7.28863,152.462,6.63877
5697,-7.28642,-157.25,7.85334
5698,-7.2821,172.714,7.19302
5699,-7.2812,-78.69,8.36828
5700,-7.27983,-160.193,7.57036
5701,-7.27459,-124.58,7.44349
5702,-7.27218,171.184,6.39866
5703,-7.26974,100.67,7.75009
5704,-7.26312,-138.669,8.23956
5705,-7.26285,-61.149,8.85785
5706,-7.26214,119.542,9.56713
5707,-7.26206,99.3955,8.34619
5708,-7.25949,-172.001,8.88831
5709,-7.25865,-65.264,9.23915
5710,-7.25724,-72.099,6.11975
5711,-7.25618,174.017,8.23203
5712,-7.25581,-159.444,8.37842
5713,-7.25569,-158.67,8.19251
5714,-7.2502,169.567,7.31036
5715,-7.2486,66.892,6.74841
5716,-7.24748,85.4128,7.26018
5717,-7.24705,-164.187,7.99357
5718,-7.2442,-6.372,6.9549
5719,-7.24262,-115.319,7.41958
5720,-7.2345,156.829,6.9734
5721,-7.2344,66.6458,6.22045
5722,-7.23156,143.693,8.38043
5723,-7.22487,-143.192,8.74683
5724,-7.2206,164.751,8.83689
5725,-7.21634,-175.908,8.88363
5726,-7.21618,124.871,8.56855
5727,-7.21233,11.2077,8.92365
5728,-7.20792,68.8629,6.25299
5729,-7.20613,88.153,7.20985
5730,-7.20233,158.789,6.92077
5731,-7.19969,-83.009,9.48543
5732,-7.1985,119.938,8.73745
5733,-7.19484,-4.027,6.76641
5734,-7.19375,91.464,7.38401
5735,-7.18339,169.088,6.8454
5736,-7.18279,12.2892,6.72504
5737,-7.18139,12.0477,7.46491
5738,-7.17467,99.1305,9.13121
5739,-7.16253,97.6337,6.76731
5740,-7.16249,86.2404,7.89755
5741,-7.16072,19.5529,9.38451
5742,-7.15723,0.0156123,9.13764
5743,-7.15686,7.96177,8.03806
5744,-7.15417,125.168,7.43303
5745,-7.15244,155.993,6.6907
5746,-7.14943,3.54874,7.01041
5747,-7.14518,174.452,6.372
5748,-7.14304,-142.555,8.84175
5749,-7.14166,113.625,6.2063
5750,-7.13601,113.274,6.68075
5751,-7.12979,-132.468,9.36469
5752,-7.12904,-140.969,6.22812
5753,-7.12709,-5.439,6.55839
5754,-7.12664,150.381,9.25825
5755,-7.12407,164.502,6.34449
5756,-7.11855,98.3642,8.58653
5757,-7.11839,166.141,8.33633
5758,-7.10658,-62.483,6.08856
5759,-7.1031,81.8109,8.88171
5760,-7.10258,49.3139,6.35361
5761,-7.10129,-172.094,6.21977
5762,-7.09618,19.1399,6.38581
5763,-7.08565,-149.497,7.14041
5764,-7.08274,40.4326,6.15303
5765,-7.08051,-0.757,6.26917
5766,-7.07752,21.4835,6.39603
5767,-7.07134,163.418,6.26737
5768,-7.06412,10.7381,6.77676
5769,-7.05823,112.056,7.42188
5770,-7.05602,100.024,6.01371
5771,-7.0509,163.771,8.54413
5772,-7.04844,124.454,6.00307
5773,-7.04811,-160.814,6.01729
5774,-7.04478,155.567,6.27598
5775,-7.04368,86.6241,8.26444
5776,-7.0321,19.8734,8.77515
5777,-7.02836,138.529,6.35939
5778,-7.02785,131.855,9.81081
5779,-7.01473,-62.378,7.61966
5780,-7.00986,-132.198,7.91788
5781,-7.00699,-143.191,9.07136
5782,-7.00446,175.548,6.07527
5783,-6.9965,-118.737,6.34682
5784,-6.99115,155.756,9.94064
5785,-6.98485,-159.405,8.37015
5786,-6.982,143.593,7.34311
5787,-6.97753,129.54,6.02436
5788,-6.9763,97.5183,8.09584
5789,-6.97461,-136.324,6.73544
5790,-6.97002,63.5075,6.28781
5791,-6.96665,169.304,9.02667
5792,-6.96352,137.378,8.03769
5793,-6.95883,96.8865,6.80543
5794,-6.95625,-61.806,6.42642
5795,-6.94944,137.71,7.3438
5796,-6.94205,132.673,9.178
5797,-6.93985,69.1799,9.47261
5798,-6.93944,-139.953,6.96261
5799,-6.939,-138.196,6.84346
5800,-6.93597,59.2256,6.48754
5801,-6.92379,-142.296,8.36497
5802,-6.92249,120.531,7.57138
5803,-6.92061,-159.829,6.86886
5804,-6.9153,-157.403,6.32559
5805,-6.91386,122.436,7.27174
5806,-6.91107,90.3721,9.98041
5807,-6.90623,-71.678,7.13635
5808,-6.90487,-147.413,6.47004
5809,-6.90141,-127.402,7.46504
5810,-6.90136,-139.721,7.89819
5811,-6.89868,-171.337,9.12027
5812,-6.89705,123.432,7.39438
5813,-6.8952,174.787,8.44743
5814,-6.89248,128.778,8.47065
5815,-6.88889,-121.204,7.1519
5816,-6.88147,101.761,8.54716
5817,-6.88138,156.018,7.00283
5818,-6.87585,155.13,9.53438
5819,-6.874,90.0483,9.92022
5820,-6.87255,167.716,9.47494
5821,-6.86784,97.6773,9.30605
5822,-6.86603,-174.554,8.26513
5823,-6.86474,154.576,7.0541
5824,-6.86184,-65.101,6.43121
5825,-6.85996,147.843,7.70011
5826,-6.85918,-137.432,8.76126
5827,-6.85807,-74.451,8.02266
5828,-6.85407,120.787,7.87056
5829,-6.853,70.3448,7.71484
5830,-6.84384,127.089,7.56124
5831,-6.84287,-123.823,6.45929
5832,-6.84246,-64.082,6.26688
5833,-6.83735,-3.33,9.49989
5834,-6.83652,-152.805,8.11368
5835,-6.83269,138.033,6.05985
5836,-6.83037,0.881914,7.49391
5837,-6.82941,159.975,6.21304
5838,-6.82073,115.266,7.02543
5839,-6.82063,-157.455,7.97726
5840,-6.81417,-160.267,7.04178
5841,-6.80777,63.0549,6.00331
5842,-6.80575,-160.118,6.78427
5843,-6.79533,172.343,7.41876
5844,-6.7932,165.339,8.98821
5845,-6.79258,-64.971,6.89762
5846,-6.78964,176.881,8.86683
5847,-6.7892,35.7422,6.3943
5848,-6.78639,37.5343,7.70458
5849,-6.77899,-139.516,6.57723
5850,-6.77493,155.783,9.86599
5851,-6.77301,3.55108,7.31268
5852,-6.7726,-6.544,7.41961
5853,-6.77076,-167.774,9.75522
5854,-6.76992,145.674,7.55664
5855,-6.76759,-142.408,6.34027
5856,-6.76137,133.271,9.72926
5857,-6.75557,121.021,9.53525
5858,-6.75088,-85.205,6.27047
5859,-6.74472,176.559,8.20567
5860,-6.74255,109.683,6.05113
5861,-6.7374,59.2235,6.4336
5862,-6.73001,-136.651,7.0369
5863,-6.72682,13.6624,8.43656
5864,-6.72228,166.074,7.86758
5865,-6.71656,132.66,8.59214
5866,-6.71585,-154.441,6.64727
5867,-6.7156,64.801,8.52725
5868,-6.71461,109.197,7.16038
5869,-6.71196,168.659,6.04595
5870,-6.70186,-144.321,8.2917
5871,-6.70034,-33.571,6.4408
5872,-6.69895,-131.862,9.49809
5873,-6.69751,-157.61,9.32937
5874,-6.69662,136.747,7.50005
5875,-6.69401,69.1981,7.24958
5876,-6.69316,63.1597,7.00055
5877,-6.69092,58.3288,6.7222
5878,-6.69069,-113.84,7.60008
5879,-6.68701,-65.549,7.32164
5880,-6.68658,94.2944,8.59022
5881,-6.68513,-1.152,6.15741
5882,-6.68457,-173.23,6.03378
5883,-6.68311,111.728,9.09278
5884,-6.68222,153.611,9.3823
5885,-6.67907,99.4118,7.3609
5886,-6.6628,7.30945,7.61777
5887,-6.65562,159.072,8.2783
5888,-6.64771,155.156,6.70868
5889,-6.64753,-176.512,8.17499
5890,-6.64685,-166.169,6.01008
5891,-6.63893,-153.528,9.99564
5892,-6.631,-147.034,9.43888
5893,-6.63078,142.431,6.79762
5894,-6.62779,-108.551,6.74057
5895,-6.61601,-158.188,6.22016
5896,-6.60445,-157.743,8.02149
5897,-6.60342,159.361,7.44928
5898,-6.6001,125.171,9.05487
5899,-6.59794,37.3791,7.23081
5900,-6.59594,-169.398,9.13504
5901,-6.58864,19.0822,9.28694
5902,-6.58308,115.099,6.1976
5903,-6.58232,54.2342,6.73486
5904,-6.58037,42.9973,8.2446
5905,-6.57989,-130.899,6.27392
5906,-6.57876,-167.176,7.0819
5907,-6.57697,33.0454,9.28026
5908,-6.57388,-126.864,7.65056
5909,-6.57353,-120.625,9.99114
5910,-6.56953,-154.609,6.00285
5911,-6.56704,-150.335,6.61168
5912,-6.56605,121.112,8.94522
5913,-6.55997,33.4052,6.28271
5914,-6.55742,-159.463,8.07237
5915,-6.55118,97.6369,7.69764
5916,-6.55099,125.541,6.26865
5917,-6.53465,97.1356,8.28675
5918,-6.53042,20.8203,7.09076
5919,-6.52264,64.9876,6.10111
5920,-6.52252,13.1412,6.19142
5921,-6.51673,103.908,6.04342
5922,-6.51565,-175.934,9.11213
5923,-6.50998,150.176,6.98182
5924,-6.50652,-176.245,9.53835
5925,-6.50029,-154.169,9.4058
5926,-6.48936,-127.072,6.78259
5927,-6.48027,126.236,6.32104
5928,-6.47959,62.9071,6.45721
5929,-6.47752,-166.465,8.62858
5930,-6.47323,-166.098,6.4884
5931,-6.47244,106.758,9.63763
5932,-6.47019,3.895,7.03391
5933,-6.46578,156.377,8.67193
5934,-6.4653,129.996,6.92497
5935,-6.45859,-153.254,7.59355
5936,-6.4561,-86.352,7.728
5937,-6.45046,176.125,7.86995
5938,-6.4503,155.932,6.76314
5939,-6.44855,26.0292,6.30877
5940,-6.44417,120.773,8.73805
5941,-6.44325,-27.253,6.25298
5942,-6.44181,7.12653,8.99661
5943,-6.43762,4.23303,9.29793
5944,-6.4347,113.109,7.14053
5945,-6.43277,-6.661,6.69345
5946,-6.42799,-147.605,9.314
5947,-6.42441,-157.076,8.24796
5948,-6.41765,113.475,9.87085
5949,-6.4167,31.6648,6.97531
5950,-6.41647,-126.674,7.54491
5951,-6.41363,143.849,8.19397
5952,-6.39516,13.1957,6.02936
5953,-6.38946,42.4529,9.17389
5954,-6.38941,-98.008,6.82263
5955,-6.38905,90.0698,6.07255
5956,-6.38167,9.6497,8.70003
5957,-6.37967,-175.426,6.78118
5958,-6.37809,-133.481,7.16705
5959,-6.37703,-131.992,7.05079
5960,-6.37481,-146.09,6.19183
5961,-6.37367,36.3686,8.92393
5962,-6.36624,-156.172,7.33848
5963,-6.36331,-144.121,7.35921
5964,-6.35966,-164.236,6.32079
5965,-6.35774,168.787,6.30289
5966,-6.34681,130.102,6.2298
5967,-6.34642,124.168,8.62539
5968,-6.34111,127.93,8.08757
5969,-6.33633,157.118,6.54681
5970,-6.32301,123.608,8.75189
5971,-6.32119,-159.59,7.57458
5972,-6.31174,-14.688,6.62359
5973,-6.31116,-120.705,7.65229
5974,-6.30894,65.1728,9.29733
5975,-6.30392,157.617,6.60798
5976,-6.29789,136.659,7.03429
5977,-6.29779,-171.213,9.83497
5978,-6.29091,139.419,8.1411
5979,-6.28245,-110.68,6.19609
5980,-6.27766,-170.951,9.17894
5981,-6.2754,99.0242,8.65947
5982,-6.27079,-0.083,7.30663
5983,-6.2534,99.8614,7.84867
5984,-6.24577,63.944,7.62374
5985,-6.24505,176.779,6.60036
5986,-6.23667,16.7738,6.77498
5987,-6.23204,-166.093,6.00881
5988,-6.22557,-135.573,6.18096
5989,-6.22335,140.455,7.52822
5990,-6.22328,3.55382,7.75259
5991,-6.22267,125.928,6.89197
5992,-6.22205,17.0122,8.03795
5993,-6.20886,121.206,6.86355
5994,-6.20064,-7.468,7.08747
5995,-6.19788,140.351,6.08071
5996,-6.18607,-153.533,7.81524
5997,-6.18314,-143.019,8.92925
5998,-6.18091,124.822,6.59629
5999,-6.18058,63.7129,6.76279
6000,-6.17959,166,6.49718
6001,-6.17681,-153.243,9.04025
6002,-6.17664,-125.633,6.09931
6003,-6.15936,170.092,8.5662
6004,-6.15903,57.2543,6.13698
6005,-6.15789,120.573,9.72317
6006,-6.13239,140.678,7.73999
6007,-6.13228,-173.713,8.11744
6008,-6.1084,-2.895,8.06592
6009,-6.09063,-143.335,8.99641
6010,-6.07471,-161.366,8.37486
6011,-6.07337,175.984,6.96775
6012,-6.07228,96.3106,8.05088
6013,-6.07188,-146.42,7.20298
6014,-6.06713,-61.337,7.58091
6015,-6.06664,-129.683,7.01409
6016,-6.06377,134.03,9.60025
6017,-6.06094,-164.409,6.13393
6018,-6.05926,176.56,7.73813
6019,-6.05912,-162.871,9.72232
6020,-6.05429,158.966,7.02843
6021,-6.05415,113.877,8.80468
6022,-6.04561,-158.567,8.21706
6023,-6.03999,162.481,8.5958
6024,-6.03967,135.019,6.69399
6025,-6.03872,171.78,9.05628
6026,-6.03675,35.2108,6.56815
6027,-6.03272,-135.401,9.61945
6028,-6.02653,-152.293,6.04069
6029,-6.02539,-142.103,9.69011
6030,-6.02272,9.72818,8.24973
6031,-6.02224,-143.591,6.47264
6032,-6.01739,112.676,6.17024
6033,-6.01565,-171.116,8.58199
6034,-6.00989,7.53126,6.1469
6035,-5.99978,144.412,9.07569
6036,-5.99554,-158.76,6.28086
6037,-5.99368,68.9541,7.53825
6038,-5.99317,-175.401,9.94443
6039,-5.98926,131.667,8.79479
6040,-5.98295,2.81768,7.28354
6041,-5.98145,-155.113,8.32533
6042,-5.97297,144.023,8.27799
6043,-5.97138,-61.683,6.18751
6044,-5.97034,-133.333,6.36856
6045,-5.96823,97.7534,6.73504
6046,-5.96147,100.076,6.35924
6047,-5.95571,-176.981,8.01095
6048,-5.95414,-158.392,6.74493
6049,-5.9509,122.941,9.0618
6050,-5.94754,124.09,6.0065
6051,-5.94642,-126.993,6.67707
6052,-5.94039,-151.693,8.76592
6053,-5.9375,-152.944,9.60463
6054,-5.93658,108.018,8.42576
6055,-5.93571,-43.804,9.20223
6056,-5.93433,161.375,6.14196
6057,-5.91401,165.694,6.01304
6058,-5.90997,19.8784,7.5504
6059,-5.89907,10.0742,9.95902
6060,-5.89622,139.058,6.08722
6061,-5.89348,54.0125,6.07029
6062,-5.88359,30.5977,8.91881
6063,-5.87982,-72.414,8.81843
6064,-5.87944,176.723,8.09543
6065,-5.87388,168.468,9.06205
6066,-5.86611,160.133,6.37684
6067,-5.86081,129.053,8.84645
6068,-5.85841,175.176,9.12134
6069,-5.85307,176.137,8.48451
6070,-5.84916,99.9623,9.22328
6071,-5.84797,172.2,8.21251
6072,-5.84318,-126.61,6.20935
6073,-5.8407,125.933,8.96318
6074,-5.83649,121.305,6.35391
6075,-5.83172,173.352,7.84985
6076,-5.83122,97.8851,8.46012
6077,-5.82981,115.801,6.80775
6078,-5.82809,-135.638,6.60255
6079,-5.82507,-162.201,9.97804
6080,-5.82279,93.4355,6.72792
6081,-5.81857,135.251,7.96354
6082,-5.81795,123.52,7.41476
6083,-5.81484,34.4637,7.6582
6084,-5.81115,157.251,6.38938
6085,-5.80194,-10.396,6.62141
6086,-5.80039,-124.029,7.07875
6087,-5.79978,10.3715,8.39096
6088,-5.79656,-164.372,6.78513
6089,-5.79123,-72.949,8.26179
6090,-5.79082,160.07,7.46861
6091,-5.78822,-62.982,8.26262
6092,-5.7858,-139.38,8.24352
6093,-5.78357,-4.382,6.1373
6094,-5.7834,117.268,9.55899
6095,-5.77916,-10.816,7.9969
6096,-5.77798,-61.66,8.34458
6097,-5.77693,-159.341,6.54483
6098,-5.77014,20.6382,8.86933
6099,-5.7694,-145.504,6.68024
6100,-5.76406,-79.867,9.77889
6101,-5.75978,-128.795,6.23612
6102,-5.75913,36.3847,9.65551
6103,-5.75573,165.781,6.22794
6104,-5.75539,77.2191,6.07614
6105,-5.75154,100.229,9.06019
6106,-5.7451,-161.211,8.35834
6107,-5.74483,-135.405,7.62459
6108,-5.74449,127.654,7.64231
6109,-5.73896,98.1698,8.33902
6110,-5.73779,121.859,7.41762
6111,-5.73298,120.943,9.70607
6112,-5.73179,-115.976,6.92897
6113,-5.72597,156.256,9.67105
6114,-5.7097,-168.125,9.00065
6115,-5.70687,161.725,9.92948
6116,-5.70261,-24.064,8.34013
6117,-5.7001,35.6906,9.69285
6118,-5.69704,88.755,8.41559
6119,-5.69572,106.293,7.39568
6120,-5.68614,-164.281,9.02707
6121,-5.68289,160.611,7.90269
6122,-5.6827,-124.156,8.8805
6123,-5.68164,31.0509,6.12828
6124,-5.6775,-61.986,7.65135
6125,-5.66843,130.69,8.68905
6126,-5.66834,154.701,6.02155
6127,-5.66674,12.5082,9.3479
6128,-5.66538,-154.778,6.42577
6129,-5.66515,-151.746,7.35943
6130,-5.65742,-134.053,8.60644
6131,-5.65635,168.388,6.07014
6132,-5.65247,62.351,6.18132
6133,-5.64481,133.887,8.98974
6134,-5.63888,131.772,8.7739
6135,-5.63536,112.329,9.57358
6136,-5.63369,-162.183,8.22725
6137,-5.63239,127.755,7.47508
6138,-5.62551,127.147,8.83554
6139,-5.62183,-128.367,7.59432
6140,-5.61999,88.2059,6.8825
6141,-5.61768,-142.457,6.59106
6142,-5.61154,101.041,8.84781
6143,-5.60712,-89.607,6.10088
6144,-5.59601,113.948,8.7349
6145,-5.59467,-126.903,7.13664
6146,-5.59345,-136.691,7.35757
6147,-5.58907,-151.88,6.06981
6148,-5.58707,-72.422,6.54902
6149,-5.58675,-127.375,8.41191
6150,-5.57455,33.9878,6.18378
6151,-5.56498,-170.726,8.8659
6152,-5.56489,120.973,7.2946
6153,-5.56195,33.6774,6.56471
6154,-5.559,158.848,8.30284
6155,-5.55771,33.484,7.39081
6156,-5.55326,-167.667,6.86212
6157,-5.5514,-138.983,8.17384
6158,-5.55129,-152.576,6.9272
6159,-5.55075,-50.52,7.2224
6160,-5.54182,168.833,6.96265
6161,-5.54053,-113.484,6.4416
6162,-5.52893,-150.33,7.87011
6163,-5.52577,-154.657,6.00092
6164,-5.52234,-46.325,8.97702
6165,-5.52143,65.0954,8.30147
6166,-5.5127,-2.277,8.09572
6167,-5.50972,8.66551,9.61929
6168,-5.50615,63.0297,6.19843
6169,-5.50045,-175.192,7.18684
6170,-5.49935,-176.366,6.10026
6171,-5.49312,-132.191,7.30778
6172,-5.48695,159.246,7.44154
6173,-5.48564,78.0395,6.94605
6174,-5.48416,159.649,9.37971
6175,-5.47389,-20.961,9.52304
6176,-5.46663,175.162,6.20647
6177,-5.4575,118.553,6.74598
6178,-5.4494,-148.704,9.75992
6179,-5.44792,97.9258,6.39828
6180,-5.44419,147.179,7.55384
6181,-5.43639,-153.718,9.79142
6182,-5.43451,-151.242,8.25001
6183,-5.43257,99.4121,6.70218
6184,-5.42479,-108.131,9.15659
6185,-5.4095,62.0772,6.74179
6186,-5.4089,-153.341,6.40002
6187,-5.39959,-154.891,8.28405
6188,-5.39929,94.0302,6.14846
6189,-5.39857,-62.422,8.88907
6190,-5.3927,-121.976,9.41749
6191,-5.3806,173.305,6.26286
6192,-5.36479,153.713,9.14805
6193,-5.35778,176.588,8.55759
6194,-5.35706,-161.122,6.46871
6195,-5.35631,-28.545,6.5035
6196,-5.35245,167.718,8.22492
6197,-5.34822,172.625,8.27989
6198,-5.34796,-174.994,7.95635
6199,-5.34448,115.701,6.55985
6200,-5.34323,15.691,7.30948
6201,-5.34131,35.1858,6.24634
6202,-5.34043,174.034,9.18511
6203,-5.33516,-178.831,7.72546
6204,-5.32963,32.0213,7.20375
6205,-5.32375,165.981,6.75295
6206,-5.31612,77.986,7.23883
6207,-5.30905,-148.289,6.69817
6208,-5.29629,-174.873,6.14579
6209,-5.29526,128.894,6.38999
6210,-5.28829,77.3166,7.47532
6211,-5.287,89.3184,9.34505
6212,-5.28649,-61.755,7.90499
6213,-5.28216,-66.03,6.47921
6214,-5.27823,-78.811,6.31401
6215,-5.27496,153.13,9.43412
6216,-5.27364,153.931,9.04081
6217,-5.26972,65.342,7.90935
6218,-5.26661,-150.922,6.04445
6219,-5.26223,-175.168,6.98029
6220,-5.26009,127.909,7.26869
6221,-5.25036,142.144,8.17811
6222,-5.24793,166.427,7.48148
6223,-5.23563,-168.128,7.85054
6224,-5.23016,-108.325,6.94172
6225,-5.2291,-159.771,6.09912
6226,-5.22729,-144.004,8.98748
6227,-5.21084,-129.676,8.84736
6228,-5.20233,124.352,9.52588
6229,-5.1996,116.379,9.33032
6230,-5.19657,58.7177,6.35869
6231,-5.1923,118.229,9.15849
6232,-5.18593,-175.477,6.33861
6233,-5.18312,-167.462,6.72405
6234,-5.17339,-161.019,8.50038
6235,-5.17072,-98.393,8.81403
6236,-5.15943,38.3497,6.2274
6237,-5.15767,69.8549,7.94656
6238,-5.15123,-159.865,6.02158
6239,-5.14962,13.1668,8.89554
6240,-5.14357,100.623,9.61154
6241,-5.13182,100.32,8.36422
6242,-5.12483,-121.194,6.00791
6243,-5.1241,-159.083,8.2668
6244,-5.12328,128.087,7.94859
6245,-5.12211,-129.801,8.75788
6246,-5.12201,147.21,6.54906
6247,-5.11793,-130.656,6.69232
6248,-5.11613,132.523,7.99709
6249,-5.11388,173.991,7.58875
6250,-5.11308,-138.869,7.57573
6251,-5.1126,-113.604,6.23869
6252,-5.11032,129.584,7.70791
6253,-5.10506,-142.26,6.45894
6254,-5.09913,-92.112,6.30729
6255,-5.09846,12.8049,7.73117
6256,-5.08778,-50.07,8.73329
6257,-5.08728,-129.357,7.67118
6258,-5.08718,127.659,8.72964
6259,-5.0837,-177.534,6.03094
6260,-5.08305,-62.487,8.96347
6261,-5.08035,12.5293,7.31777
6262,-5.07745,-148.956,8.09717
6263,-5.07494,114.846,8.68861
6264,-5.07463,31.6037,9.91828
6265,-5.07249,155.358,7.73512
6266,-5.06508,-90.007,9.45489
6267,-5.06413,-166.403,8.13635
6268,-5.06107,-26.37,6.23397
6269,-5.06065,173.156,6.75939
6270,-5.05862,-142.546,7.47445
6271,-5.0558,11.8493,9.98187
6272,-5.05262,-173.911,8.97877
6273,-5.05137,-128.642,8.60936
6274,-5.04117,117.952,6.30305
6275,-5.03922,-161.67,7.24315
6276,-5.0389,108.675,7.52314
6277,-5.03566,64.0897,6.03389
6278,-5.03249,153.874,7.56327
6279,-5.03105,-91.625,8.36233
6280,-5.02114,-79.933,7.09446
6281,-5.01991,140.931,7.60854
6282,-5.0197,136.731,9.70268
6283,-5.01895,158.955,7.42979
6284,-5.01416,-177.708,7.01854
6285,-5.01143,15.294,6.60317
6286,-5.00998,-3.178,9.71911
6287,-5.00545,-161.777,7.90274
6288,-4.99922,-135.36,6.61841
6289,-4.99687,-142.68,6.90524
6290,-4.99541,39.2948,6.35379
6291,-4.99341,167.888,6.47273
6292,-4.99289,-85.146,7.73879
6293,-4.98665,129.923,7.61231
6294,-4.98148,103.987,7.28705
6295,-4.98068,166.733,9.08253
6296,-4.966,174.128,6.39165
6297,-4.96495,140.788,8.03656
6298,-4.95557,-124.316,6.90827
6299,-4.95398,160.062,6.18859
6300,-4.95395,-129.549,8.38561
6301,-4.94985,91.932,6.13754
6302,-4.94442,-131.174,7.78584
6303,-4.93891,-130.769,7.96934
6304,-4.92969,-166.282,9.9324
6305,-4.92786,-77.75,6.67239
6306,-4.92396,17.3271,9.96754
6307,-4.91851,168.117,6.42502
6308,-4.91517,15.2229,7.5174
6309,-4.91391,97.9238,8.58562
6310,-4.91033,67.5415,7.58768
6311,-4.905,-124.123,8.3756
6312,-4.8997,132.876,9.66538
6313,-4.89726,118.161,8.0565
6314,-4.89725,-142.866,6.63926
6315,-4.89489,140.68,6.01726
6316,-4.88851,-71.528,9.14259
6317,-4.88843,15.0407,6.11162
6318,-4.88331,-140.985,9.43747
6319,-4.88171,39.8933,7.87018
6320,-4.88049,-1.046,8.0915
6321,-4.87735,91.3908,7.76633
6322,-4.87711,153.184,6.06711
6323,-4.87604,173.165,6.20099
6324,-4.87601,166.817,6.75928
6325,-4.8609,-58.717,9.04047
6326,-4.85457,78.6823,9.61355
6327,-4.85436,116.202,7.85995
6328,-4.85308,125.313,7.10884
6329,-4.85178,122.259,6.18664
6330,-4.8505,-130.113,9.17071
6331,-4.84444,64.9671,6.42978
6332,-4.84019,107.225,7.72028
6333,-4.83586,114.76,8.73475
6334,-4.8313,-122.86,6.97568
6335,-4.82865,163.683,6.41608
6336,-4.81844,-0.784,7.52089
6337,-4.81768,128.101,8.28057
6338,-4.81538,155.118,7.28575
6339,-4.81434,63.3084,6.92698
6340,-4.812,18.525,6.47806
6341,-4.81143,-167.363,9.31907
6342,-4.80493,-141.887,6.12069
6343,-4.80008,-149.772,6.94375
6344,-4.79721,8.19988,6.26826
6345,-4.788,172.267,7.05157
6346,-4.78531,31.6623,7.95567
6347,-4.78344,117.255,6.17604
6348,-4.7749,-156.731,9.56757
6349,-4.76929,-165.687,6.83688
6350,-4.76719,-150.759,7.25963
6351,-4.7646,7.1861,8.27951
6352,-4.76253,57.4399,6.58402
6353,-4.75814,-142.13,8.51889
6354,-4.75746,22.9418,6.9858
6355,-4.75118,131.532,6.72881
6356,-4.74894,176.722,8.54582
6357,-4.74799,156.27,6.30335
6358,-4.74768,147.177,7.50166
6359,-4.74546,-121.87,7.19902
6360,-4.73629,153.001,7.39671
6361,-4.73386,86.7193,8.32629
6362,-4.73315,145.556,6.09244
6363,-4.72688,-149.283,6.72841
6364,-4.72664,-166.123,9.52079
6365,-4.72549,39.4231,7.68762
6366,-4.71996,159.222,7.3691
6367,-4.7181,-62.675,6.21539
6368,-4.70534,144.326,8.77853
6369,-4.70254,117.693,6.07157
6370,-4.70055,-85.43,8.1089
6371,-4.69893,-160.363,8.31606
6372,-4.69675,56.4133,7.37315
6373,-4.6967,-161.901,6.11445
6374,-4.69336,165.673,6.48917
6375,-4.68598,57.0257,7.69007
6376,-4.67573,175.371,8.01401
6377,-4.66984,-177.155,9.10791
6378,-4.66862,-169.249,7.1301
6379,-4.66027,-142.25,6.7834
6380,-4.65527,96.2152,9.12644
6381,-4.65457,-164.625,8.39922
6382,-4.65408,-175.794,8.44296
6383,-4.65408,135.29,6.54522
6384,-4.65125,-112.144,9.23329
6385,-4.64958,173.027,7.18281
6386,-4.6468,102.756,9.41835
6387,-4.63985,-154.918,6.97708
6388,-4.63838,162.356,7.18111
6389,-4.63625,-176.096,8.14132
6390,-4.61934,-0.828,7.89723
6391,-4.60553,12.2296,6.10444
6392,-4.59886,134.856,7.1606
6393,-4.59823,-149.384,7.25716
6394,-4.59321,156.331,6.85243
6395,-4.58953,84.3928,9.68182
6396,-4.58026,166.917,6.80919
6397,-4.57868,166.477,6.70378
6398,-4.5769,-149.884,8.97219
6399,-4.57383,63.3429,8.36437
6400,-4.57105,174.682,6.15312
6401,-4.57008,91.9397,7.01887
6402,-4.569,129.037,8.00496
6403,-4.55816,-178.202,8.38306
6404,-4.5553,79.6364,8.94038
6405,-4.54975,-177.952,9.79592
6406,-4.54529,139.462,6.95073
6407,-4.53972,-64.443,6.74062
6408,-4.53751,155.593,6.31804
6409,-4.53092,117.566,6.65301
6410,-4.52107,-130.921,8.56098
6411,-4.52047,124.456,9.35485
6412,-4.51578,-158.806,7.90529
6413,-4.51426,138.045,6.17872
6414,-4.51247,155.886,8.12971
6415,-4.50969,-176.244,6.43939
6416,-4.50935,56.7969,6.03207
6417,-4.50789,152.996,8.5479
6418,-4.50484,0.729731,9.63202
6419,-4.50079,-72.924,6.80006
6420,-4.49255,-62.331,7.28987
6421,-4.46522,123.998,6.76187
6422,-4.46204,70.057,6.25292
6423,-4.4545,0.876179,7.32471
6424,-4.45279,134.548,7.13834
6425,-4.45126,143.233,6.50271
6426,-4.44647,155.038,6.99451
6427,-4.44258,-149.333,9.65668
6428,-4.44216,-162.235,7.81839
6429,-4.42094,-178.358,9.88272
6430,-4.42046,-164.379,7.02304
6431,-4.41897,166.866,9.11496
6432,-4.40811,137.035,9.28528
6433,-4.39329,169.874,6.87247
6434,-4.39223,161.988,6.2245
6435,-4.38916,-133.15,6.38857
6436,-4.3847,143.518,7.12846
6437,-4.37733,23.3115,6.58665
6438,-4.37247,30.2183,7.02067
6439,-4.37043,170.051,9.02342
6440,-4.36635,71.2987,6.28652
6441,-4.36614,-84.016,9.54748
6442,-4.36359,111.077,8.00591
6443,-4.35247,176.08,6.27005
6444,-4.34841,68.1192,6.15117
6445,-4.34047,124.227,8.73454
6446,-4.33718,-4.585,7.14115
6447,-4.335,56.7575,8.15401
6448,-4.33093,170.535,7.76364
6449,-4.31912,133.201,8.25843
6450,-4.31155,7.61166,8.24426
6451,-4.30884,121.657,8.58314
6452,-4.30838,164.581,9.08081
6453,-4.30724,167.281,6.43599
6454,-4.30112,118.069,8.59515
6455,-4.3004,-178.533,6.64837
6456,-4.29637,-177.822,6.12064
6457,-4.29619,136.448,8.36128
6458,-4.29613,100.189,7.35042
6459,-4.2883,-171.397,8.27274
6460,-4.28821,66.7953,6.1686
6461,-4.2872,125.072,7.90398
6462,-4.28569,124.649,9.30426
6463,-4.2832,147.771,7.44362
6464,-4.2703,67.0952,6.36202
6465,-4.26429,55.7842,6.0386
6466,-4.2627,123.633,7.2204
6467,-4.25612,21.744,7.30879
6468,-4.2546,70.9016,7.47583
6469,-4.25252,-93.788,9.30285
6470,-4.24687,-134.169,6.36862
6471,-4.24686,128.281,6.3457
6472,-4.24661,152.781,8.38785
6473,-4.24001,55.9657,6.63874
6474,-4.23623,-132.992,6.73841
6475,-4.234,68.4611,7.95454
6476,-4.2309,169.313,6.32693
6477,-4.22821,132.24,7.97706
6478,-4.22684,163.279,9.54075
6479,-4.22126,29.3783,7.91217
6480,-4.21605,100.846,9.63083
6481,-4.21605,170.776,6.26472
6482,-4.2113,67.5347,6.52323
6483,-4.21074,164.74,6.45763
6484,-4.19885,2.46822,8.82208
6485,-4.18993,167.605,9.51838
6486,-4.18436,-148.609,8.14611
6487,-4.16744,-168.161,6.06782
6488,-4.16685,-49.641,6.28588
6489,-4.16615,-114.448,7.42503
6490,-4.16555,18.3182,7.52776
6491,-4.16196,176.776,8.65562
6492,-4.15168,-154.826,9.13647
6493,-4.15079,-150.056,6.16719
6494,-4.15037,21.4739,8.23046
6495,-4.14829,56.5536,6.50157
6496,-4.14531,129.442,8.24535
6497,-4.14163,111.86,9.44794
6498,-4.14104,135.933,8.53454
6499,-4.13606,172.217,6.62444
6500,-4.13468,-167.268,8.53971
6501,-4.13334,116.088,6.40234
6502,-4.13021,159.27,6.50065
6503,-4.12987,142.103,7.84662
6504,-4.12105,-169.311,8.33986
6505,-4.12064,-132.306,7.31113
6506,-4.11944,124.26,6.8339
6507,-4.11862,65.1416,6.32357
6508,-4.11701,159.681,6.07661
6509,-4.11635,92.5642,7.29052
6510,-4.11577,152.267,8.58398
6511,-4.11502,144.775,6.59176
6512,-4.11494,68.2916,6.37831
6513,-4.10995,163.613,7.9751
6514,-4.10121,-126.986,7.21578
6515,-4.08897,-0.409,6.04312
6516,-4.08454,-149.245,6.4295
6517,-4.08395,-133.099,7.73057
6518,-4.08308,176.503,7.1193
6519,-4.07755,-164.46,9.15931
6520,-4.07618,102.514,9.1509
6521,-4.0756,116.904,7.86062
6522,-4.07536,121.75,6.95152
6523,-4.07395,-165.896,8.88006
6524,-4.07321,-61.903,8.74709
6525,-4.07246,-132.945,6.24963
6526,-4.06714,-62.145,6.33816
6527,-4.05287,20.1413,8.15992
6528,-4.04926,-15.473,6.19836
6529,-4.04866,130.562,7.64902
6530,-4.04453,-174.721,8.66931
6531,-4.04385,-156.791,7.53264
6532,-4.03997,106.916,7.65037
6533,-4.03374,-96.29,7.5006
6534,-4.03118,-21.692,6.65583
6535,-4.02654,122.649,6.29987
6536,-4.02616,-129.08,7.20281
6537,-4.02589,-74.32,8.79763
6538,-4.02227,152.045,8.70414
6539,-4.01862,-103.377,8.52451
6540,-4.01713,90.0984,8.61893
6541,-4.01208,12.2555,7.36675
6542,-4.00783,170.018,6.1501
6543,-4.00641,0.881224,6.96783
6544,-3.99742,-82.19,6.34366
6545,-3.99349,143.471,9.94107
6546,-3.99155,-167.153,8.94307
6547,-3.99127,-114.283,7.84768
6548,-3.99085,135.389,8.41292
6549,-3.98711,128.641,8.88159
6550,-3.98079,160.917,9.80521
6551,-3.9777,103.179,6.31415
6552,-3.96205,-145.213,6.7043
6553,-3.95889,32.6355,6.80397
6554,-3.95823,-76.342,9.05378
6555,-3.9577,123.493,6.37264
6556,-3.95588,65.7181,8.2904
6557,-3.95494,-156.418,6.31025
6558,-3.95091,124.522,6.03102
6559,-3.9402,169.228,6.35493
6560,-3.92934,70.8142,6.05339
6561,-3.90734,-155.916,7.29683
6562,-3.89813,7.62024,6.37159
6563,-3.89392,94.8058,8.5885
6564,-3.89388,2.36347,9.1671
6565,-3.88702,-133.199,6.69885
6566,-3.88309,167.094,7.622
6567,-3.87829,179.206,8.67226
6568,-3.8715,-110.001,9.34567
6569,-3.8636,-1.267,6.45009
6570,-3.86037,-106.071,6.29756
6571,-3.85776,133.241,6.01999
6572,-3.85215,23.4654,8.601
6573,-3.82892,145.743,9.72345
6574,-3.82441,74.1819,7.41848
6575,-3.8233,170.874,6.91403
6576,-3.82157,1.01227,7.03536
6577,-3.80829,23.9303,8.20261
6578,-3.80184,-146.725,6.52221
6579,-3.79775,169.811,7.82276
6580,-3.79493,-65.853,7.23038
6581,-3.7942,165.586,6.11041
6582,-3.78995,-2.146,8.73447
6583,-3.78793,-127.81,9.91612
6584,-3.78199,152.686,8.39845
6585,-3.77931,66.8937,6.20356
6586,-3.77498,113.601,7.41743
6587,-3.7732,-107.314,6.81464
6588,-3.77201,-143.051,7.06246
6589,-3.75683,-138.221,6.12689
6590,-3.75542,122.974,6.91811
6591,-3.75145,-142.881,6.06645
6592,-3.75132,167.023,9.69675
6593,-3.7501,139.457,8.1264
6594,-3.74903,-177.56,9.56226
6595,-3.7464,-167.444,7.26874
6596,-3.7433,-72.473,7.72335
6597,-3.74296,121.852,7.39022
6598,-3.73924,127.651,9.85676
6599,-3.73913,73.5107,8.91425
6600,-3.7357,157.357,6.17503
6601,-3.73151,-155.027,9.27369
6602,-3.72904,170.74,6.6463
6603,-3.7193,-137.618,6.11447
6604,-3.71346,-174.571,6.21832
6605,-3.71036,-166.92,9.08186
6606,-3.70976,95.2731,8.8133
6607,-3.70706,119.243,8.83741
6608,-3.70087,-128.228,7.42565
6609,-3.68294,158.954,6.99791
6610,-3.68018,106.223,6.08247
6611,-3.67412,98.1043,6.29801
6612,-3.6731,-179.98,8.46404
6613,-3.66582,69.586,6.55263
6614,-3.65859,68.8573,7.87181
6615,-3.64057,160.957,6.16831
6616,-3.63922,169.097,6.08665
6617,-3.63371,94.6479,7.61057
6618,-3.63185,174.798,9.02111
6619,-3.63087,-166.157,6.4949
6620,-3.62689,170.63,8.278
6621,-3.62634,-149.899,9.70354
6622,-3.62145,-134.753,6.67126
6623,-3.61288,159.194,8.61058
6624,-3.60644,-163.762,8.92234
6625,-3.60224,144.786,8.7981
6626,-3.59566,118.893,7.2472
6627,-3.59326,-82.358,7.73595
6628,-3.59245,46.3241,7.79489
6629,-3.59225,-137.555,7.65214
6630,-3.58995,-79.822,6.80518
6631,-3.58624,133.5,7.38008
6632,-3.58254,169.621,7.73461
6633,-3.57877,71.0964,8.5189
6634,-3.57756,76.4414,6.80788
6635,-3.57547,65.214,7.22953
6636,-3.57365,-71.512,6.38698
6637,-3.57033,-147.504,7.79586
6638,-3.56988,173.276,6.87579
6639,-3.56537,-176.733,8.15993
6640,-3.56413,-157.332,6.73018
6641,-3.56279,92.5353,6.79089
6642,-3.56257,-125.383,8.37339
6643,-3.56217,-172.122,6.76093
6644,-3.55854,-129.901,6.90532
6645,-3.5386,175.651,8.55043
6646,-3.53754,20.8442,8.42571
6647,-3.52618,100.937,6.1182
6648,-3.5253,-161.253,7.23864
6649,-3.51788,162.349,7.80507
6650,-3.51465,170.506,8.90589
6651,-3.49014,-161.114,7.98885
6652,-3.47082,-157.053,7.37418
6653,-3.46963,-62.395,7.98537
6654,-3.46293,138.063,6.56796
6655,-3.46119,-98.412,6.24991
6656,-3.44893,174.504,6.17774
6657,-3.44256,-1.779,8.52651
6658,-3.44224,170.945,7.12435
6659,-3.44164,-80.394,9.74846
6660,-3.43924,-0.55,7.69214
6661,-3.43875,118.513,6.6383
6662,-3.43136,117.323,7.02819
6663,-3.42452,170.204,8.64778
6664,-3.42296,1.0427,6.25977
6665,-3.42065,20.4755,6.67269
6666,-3.41912,69.5247,8.45634
6667,-3.41835,130.01,8.05965
6668,-3.41798,1.77393,7.87724
6669,-3.39406,150.702,8.41947
6670,-3.39068,-174.567,9.03453
6671,-3.39049,6.74133,6.37601
6672,-3.38845,172.887,6.70394
6673,-3.38664,130.561,7.46187
6674,-3.38613,157.534,6.58693
6675,-3.38601,-172.577,9.83263
6676,-3.38152,65.3401,7.4244
6677,-3.37549,35.889,9.10286
6678,-3.36911,163.238,6.38136
6679,-3.36805,168.788,6.83521
6680,-3.3662,121.968,8.29029
6681,-3.34532,25.3092,7.18861
6682,-3.34476,-143.465,6.39183
6683,-3.3416,143.588,6.20545
6684,-3.33478,-109.472,6.27789
6685,-3.32903,-161.378,9.47796
6686,-3.32718,175.673,8.76764
6687,-3.3166,108.134,8.25204
6688,-3.31153,176.142,9.37825
6689,-3.31035,-135.343,6.13659
6690,-3.30797,120.048,8.46424
6691,-3.30536,143.494,7.55351
6692,-3.30302,-155.132,6.35729
6693,-3.29817,131.199,8.33308
6694,-3.29586,116.285,6.41182
6695,-3.2863,64.664,6.21664
6696,-3.28129,73.5298,7.86898
6697,-3.28026,69.0081,9.01398
6698,-3.2737,110.315,6.47288
6699,-3.27221,65.1019,7.6091
6700,-3.26837,-171.89,6.32957
6701,-3.2626,12.3993,6.50058
6702,-3.2575,7.4914,9.16804
6703,-3.25494,160.919,9.69878
6704,-3.25069,164.918,7.0373
6705,-3.25066,151.249,9.80701
6706,-3.24872,126.084,6.30724
6707,-3.24049,-98.356,6.72543
6708,-3.24026,168.683,9.70864
6709,-3.237,140.668,6.07872
6710,-3.23495,147.746,8.51133
6711,-3.22847,131.473,7.97373
6712,-3.22226,7.82534,6.20086
6713,-3.21416,-146.722,7.81361
6714,-3.21269,107.379,6.21696
6715,-3.20997,23.2864,8.32738
6716,-3.20792,162.67,6.82958
6717,-3.20572,110.562,8.0772
6718,-3.20259,125.606,9.88644
6719,-3.20231,-147.523,7.78753
6720,-3.20183,64.3136,8.62509
6721,-3.19886,8.0599,6.20032
6722,-3.19734,147.633,7.40266
6723,-3.19244,-44.943,6.5678
6724,-3.18623,113.021,7.39941
6725,-3.18193,152.462,6.1007
6726,-3.18002,-174.472,7.39981
6727,-3.17209,144.925,7.64091
6728,-3.17156,99.5289,7.17348
6729,-3.1684,147.26,8.89346
6730,-3.15694,157.214,8.85528
6731,-3.15643,122.741,6.01764
6732,-3.15131,-140.373,7.35335
6733,-3.14531,-161.501,6.15828
6734,-3.14408,-143.165,7.15541
6735,-3.14126,91.1633,6.251
6736,-3.13555,160.734,6.10377
6737,-3.1332,119.93,6.71756
6738,-3.13311,-9.02,7.61816
6739,-3.13268,121.804,6.01151
6740,-3.12929,119.392,6.09677
6741,-3.12887,179.263,6.28697
6742,-3.12856,-84.739,6.14602
6743,-3.11792,-179.557,7.11045
6744,-3.1165,148.826,6.67754
6745,-3.10846,171.879,7.35086
6746,-3.10583,133.679,7.74033
6747,-3.08671,159.56,7.59717
6748,-3.08458,162.868,8.14925
6749,-3.08181,70.3401,8.80935
6750,-3.08142,-123.752,6.95184
6751,-3.08051,133.931,8.14556
6752,-3.0804,-167.632,7.76494
6753,-3.07901,-179.787,7.23015
6754,-3.0755,-148.699,7.42918
6755,-3.07381,12.168,7.4046
6756,-3.07226,121.009,9.06161
6757,-3.06508,-147.135,6.1828
6758,-3.06423,65.0068,6.54406
6759,-3.06005,148.943,6.15312
6760,-3.05707,118.943,7.10752
6761,-3.04981,-95.3,8.55031
6762,-3.03938,-73.345,7.01955
6763,-3.03749,145.437,8.61283
6764,-3.03686,-116.451,8.96404
6765,-3.02453,-5.573,6.35098
6766,-3.01692,153.985,8.9938
6767,-3.00202,162.525,7.28767
6768,-3.00193,136.286,8.87201
6769,-2.99563,67.0185,6.5432
6770,-2.99434,144.008,6.02156
6771,-2.99172,83.6564,6.92602
6772,-2.99101,176.882,7.54969
6773,-2.98159,-70.85,7.41038
6774,-2.98082,101.075,7.02875
6775,-2.9684,167.808,7.27636
6776,-2.96799,161.729,7.72344
6777,-2.96597,176.469,7.87868
6778,-2.96268,120.662,6.63883
6779,-2.96013,70.0616,6.02993
6780,-2.95747,-85.933,6.02776
6781,-2.9561,65.7658,7.57523
6782,-2.9485,-133.472,9.41575
6783,-2.93194,-173.539,7.24328
6784,-2.93146,39.5372,7.46946
6785,-2.93106,61.6749,6.35083
6786,-2.92953,110.509,9.20161
6787,-2.92107,-81.458,6.98014
6788,-2.91636,90.2422,9.43154
6789,-2.90959,120.113,7.50227
6790,-2.90738,149.023,7.51233
6791,-2.90671,-157.267,7.71403
6792,-2.90648,-66.18,9.49769
6793,-2.90284,121.728,6.03899
6794,-2.89592,-155.243,6.87494
6795,-2.89546,126.164,6.44584
6796,-2.89347,143.467,6.62306
6797,-2.87693,-172.035,8.69364
6798,-2.87607,-103.161,6.30814
6799,-2.87278,139.433,7.30075
6800,-2.87169,-147.978,8.01726
6801,-2.86957,-168.739,7.77001
6802,-2.8633,148.883,8.17
6803,-2.85295,21.9298,8.95179
6804,-2.84942,-176.364,7.68178
6805,-2.84516,40.8135,6.91886
6806,-2.84504,106.933,8.66256
6807,-2.84498,141.135,7.0334
6808,-2.84298,-174.552,7.24743
6809,-2.83611,-127.269,9.01701
6810,-2.82831,173.342,7.81934
6811,-2.828,-88.624,9.02024
6812,-2.82107,117.28,9.33803
6813,-2.81765,172.158,9.76787
6814,-2.81712,131.105,7.43874
6815,-2.81351,69.8951,8.75901
6816,-2.80739,133.603,6.52926
6817,-2.80331,-71.328,7.73156
6818,-2.80132,128.243,8.64047
6819,-2.79969,139.123,6.41518
6820,-2.79496,162.362,9.46867
6821,-2.79086,171.775,8.67898
6822,-2.7882,166.925,6.69383
6823,-2.77446,-175.25,6.54703
6824,-2.77221,-161.196,6.9492
6825,-2.77159,111.148,7.51699
6826,-2.77136,-68.506,9.20047
6827,-2.76861,164.343,7.94983
6828,-2.76636,160.696,6.90166
6829,-2.76205,129.877,7.53981
6830,-2.76069,173.205,6.21921
6831,-2.76005,119.474,6.17342
6832,-2.75825,-66.363,8.08426
6833,-2.7552,1.52469,7.59404
6834,-2.75491,-111.267,6.73579
6835,-2.75452,147.816,7.57395
6836,-2.74682,151.463,6.61221
6837,-2.74571,-134.882,7.04334
6838,-2.73777,70.4827,7.88854
6839,-2.73585,-147.732,7.3918
6840,-2.73093,-7.385,6.64289
6841,-2.72951,163.125,6.20383
6842,-2.72131,126.14,7.88898
6843,-2.71041,-79.195,7.68942
6844,-2.71034,-66.061,7.10015
6845,-2.70963,-122.113,6.7548
6846,-2.70805,111.982,8.45182
6847,-2.70796,49.1079,6.21724
6848,-2.70476,-116.015,6.01601
6849,-2.68378,-165.721,6.9435
6850,-2.68274,-164.05,9.993
6851,-2.68244,97.1323,6.09613
6852,-2.68033,108.091,9.59184
6853,-2.67988,137.662,7.02313
6854,-2.67758,173.047,8.27084
6855,-2.67604,41.8031,9.736
6856,-2.67165,-147.47,9.45255
6857,-2.66673,110.895,6.53315
6858,-2.66632,137.992,7.09886
6859,-2.66315,139.275,8.32226
6860,-2.65893,-146.814,6.05326
6861,-2.65822,-61.589,9.53556
6862,-2.65653,-127.545,7.0672
6863,-2.6505,-114.561,9.32832
6864,-2.64783,-146.382,7.10097
6865,-2.64767,-172.574,6.00473
6866,-2.6433,136.58,7.27903
6867,-2.64303,70.1163,8.90319
6868,-2.6424,12.6618,7.64831
6869,-2.64022,-161.409,6.14734
6870,-2.63929,151.932,6.23801
6871,-2.63904,157.568,8.5946
6872,-2.63861,-88.334,8.76999
6873,-2.63663,175.586,7.21512
6874,-2.63651,-161.052,6.11101
6875,-2.6338,135,6.4961
6876,-2.62677,29.1722,6.70467
6877,-2.6218,151.706,7.04522
6878,-2.62006,175.294,7.19234
6879,-2.61863,-134.195,8.32989
6880,-2.61738,-145.57,6.42841
6881,-2.61272,6.01534,8.44918
6882,-2.6114,143.985,7.3262
6883,-2.60696,-133.7,7.89497
6884,-2.60416,119.126,7.81803
6885,-2.60286,-78.567,6.42134
6886,-2.60122,133.898,8.83368
6887,-2.59884,162.306,7.35887
6888,-2.59753,163.784,9.2784
6889,-2.58845,-88.655,7.16111
6890,-2.58667,105.311,7.26287
6891,-2.58322,100.825,7.05093
6892,-2.58214,156.717,7.6566
6893,-2.58008,69.9465,6.1161
6894,-2.57072,-107.326,7.97253
6895,-2.56861,163.046,6.39528
6896,-2.56285,172.824,7.35173
6897,-2.56107,-171.665,9.46549
6898,-2.55999,-149.562,9.99329
6899,-2.55837,-116.677,8.25866
6900,-2.55687,144.362,6.7819
6901,-2.54978,174.737,8.9054
6902,-2.54294,4.79308,6.77029
6903,-2.53681,-12.592,8.88446
6904,-2.5364,-136.095,6.40341
6905,-2.53249,-172.492,9.13731
6906,-2.53181,109.055,7.9388
6907,-2.53081,95.095,7.57974
6908,-2.52003,35.7705,7.07933
6909,-2.5197,162.046,8.85941
6910,-2.51498,151.521,7.55502
6911,-2.51106,-174.614,6.46495
6912,-2.51012,-64.27,7.13439
6913,-2.50049,-146.631,8.9233
6914,-2.49723,40.4763,7.1581
6915,-2.49463,-174.344,6.17907
6916,-2.49408,139.341,7.42748
6917,-2.49229,-28.139,9.12147
6918,-2.49162,-84.778,6.48844
6919,-2.48858,135.966,7.39046
6920,-2.48679,-156.61,6.05084
6921,-2.48424,145.884,9.19443
6922,-2.47806,-147.727,8.56487
6923,-2.47768,-161.534,6.74629
6924,-2.47552,115.962,6.22107
6925,-2.47065,-116.305,8.05734
6926,-2.46325,-88.633,7.00423
6927,-2.46012,112.184,6.90217
6928,-2.45865,-167.981,7.49722
6929,-2.45576,151.08,6.08973
6930,-2.45514,162.276,6.13881
6931,-2.44621,-142.362,7.54253
6932,-2.44059,6.35398,7.04337
6933,-2.43673,171.292,9.14269
6934,-2.42715,-1.033,8.17629
6935,-2.42427,121.13,7.15516
6936,-2.42286,-133.421,8.63617
6937,-2.42222,-99.803,7.3386
6938,-2.42128,-16.036,6.20247
6939,-2.41864,164.51,7.58498
6940,-2.41592,67.332,6.2266
6941,-2.41344,145.758,6.57727
6942,-2.41304,169.311,7.0509
6943,-2.40911,-161.938,8.49224
6944,-2.40621,174.655,8.71063
6945,-2.40489,-134.062,7.525
6946,-2.38714,98.5512,8.50163
6947,-2.38252,163.349,8.1097
6948,-2.38109,64.0697,8.057
6949,-2.38048,-168.511,6.19567
6950,-2.38036,161.41,6.47308
6951,-2.37936,57.5271,6.78642
6952,-2.37719,83.5639,6.26141
6953,-2.37502,-149.806,7.07324
6954,-2.37327,127.616,6.40854
6955,-2.37098,-174.44,6.71127
6956,-2.36807,-147.602,7.25662
6957,-2.36752,-170.89,6.84344
6958,-2.36605,163.109,7.41853
6959,-2.36335,-143.132,9.80413
6960,-2.35829,71.3136,6.00349
6961,-2.35474,136.283,7.084
6962,-2.34569,110.207,7.76917
6963,-2.34504,135.308,6.41449
6964,-2.34441,-68.109,7.37338
6965,-2.33565,-165.489,6.1484
6966,-2.32935,154.538,7.54168
6967,-2.32777,-164.42,8.00396
6968,-2.32707,135.157,6.69517
6969,-2.32654,155.509,6.41901
6970,-2.32318,162.496,6.74995
6971,-2.31766,164.235,6.90461
6972,-2.31702,144.265,6.53092
6973,-2.31003,112.33,6.89453
6974,-2.30615,-0.54,6.80456
6975,-2.3025,75.4877,6.22209
6976,-2.29322,135.031,7.03821
6977,-2.2846,-161.69,8.37555
6978,-2.28291,-157.155,6.5158
6979,-2.28246,69.7607,7.89332
6980,-2.28056,-168.702,8.8825
6981,-2.2786,-78.974,9.86892
6982,-2.27553,138.837,7.57686
6983,-2.27513,63.5383,7.60991
6984,-2.26934,148.415,8.57635
6985,-2.26531,140.768,6.07141
6986,-2.26495,-89.891,8.58043
6987,-2.26338,-1.241,9.45475
6988,-2.25747,152.804,6.62758
6989,-2.24555,115.511,9.71845
6990,-2.24365,154.359,8.37837
6991,-2.24106,161.326,8.46615
6992,-2.24076,134.861,6.35317
6993,-2.23128,-158.748,6.90564
6994,-2.22082,2.99416,8.28382
6995,-2.22057,-173.589,6.31229
6996,-2.21761,168.247,8.58848
6997,-2.21538,139.383,7.14641
6998,-2.20722,140.532,8.37381
6999,-2.2008,-171.205,6.4011
7000,-2.19477,-143.552,7.43772
7001,-2.19439,-172.981,7.17048
7002,-2.19287,162.197,7.88788
7003,-2.19168,-30.781,8.35727
7004,-2.18707,13.2634,7.23263
7005,-2.18588,79.8473,7.02007
7006,-2.18134,-88.798,7.41092
7007,-2.1806,-116.117,9.75337
7008,-2.1716,109.752,6.31929
7009,-2.17001,135.663,8.89404
7010,-2.16694,-130.373,6.87713
7011,-2.16001,75.4156,7.04883
7012,-2.15537,98.9613,6.29905
7013,-2.1548,-167.72,6.63231
7014,-2.13358,-0.131,7.75418
7015,-2.13207,-2.387,6.29519
7016,-2.12534,-176.399,6.12162
7017,-2.11602,38.0384,6.30661
7018,-2.1142,112.762,6.33916
7019,-2.11312,97.4601,7.94327
7020,-2.11139,145.907,7.15449
7021,-2.10279,127.366,8.92687
7022,-2.10177,112.213,7.01234
7023,-2.09701,108.714,6.27632
7024,-2.09541,64.4913,6.15743
7025,-2.09233,108.363,7.21867
7026,-2.0914,20.4648,8.51137
7027,-2.08812,10.6473,7.6984
7028,-2.08275,62.5449,7.90876
7029,-2.08196,63.4177,6.43136
7030,-2.07859,22.9536,6.52067
7031,-2.06887,-141.748,7.9754
7032,-2.06541,-160.725,6.64088
7033,-2.06487,-173.804,9.11501
7034,-2.05528,125.276,7.04936
7035,-2.05321,174.721,7.08555
7036,-2.05022,-157.924,6.95783
7037,-2.04973,-5.73,6.05095
7038,-2.04816,70.3027,9.45162
7039,-2.0481,46.7854,9.71611
7040,-2.04661,152.26,6.69783
7041,-2.04435,-177.403,7.81015
7042,-2.04224,75.354,8.56944
7043,-2.04189,-150.412,8.39594
7044,-2.03777,167.216,8.86479
7045,-2.03743,162.023,6.82401
7046,-2.03186,-87.83,9.95516
7047,-2.0291,96.4515,7.38478
7048,-2.02597,175.264,7.93791
7049,-2.02479,163.419,6.87857
7050,-2.01998,115.311,7.12425
7051,-2.01351,31.4517,7.21359
7052,-2.01196,154.42,6.5267
7053,-2.01075,167.305,8.94478
7054,-1.99866,169.617,7.03163
7055,-1.99812,-136.599,9.91258
7056,-1.99784,-90.943,6.13987
7057,-1.99673,170.419,8.95261
7058,-1.9911,-90.512,6.22248
7059,-1.98341,-179.363,7.96885
7060,-1.98251,-111.059,6.42415
7061,-1.98011,160.007,6.19116
7062,-1.97025,-174.776,6.16291
7063,-1.96983,63.623,7.62694
7064,-1.96656,168.495,6.2054
7065,-1.96306,135.364,7.20311
7066,-1.96051,119.172,6.54956
7067,-1.94626,-135.556,6.36464
7068,-1.94566,-134.131,6.00466
7069,-1.93951,94.0113,8.82695
7070,-1.9338,96.6772,6.47456
7071,-1.93269,-108.03,8.33095
7072,-1.9316,-146.684,9.62747
7073,-1.90991,165.005,7.21365
7074,-1.90951,-142.649,6.56881
7075,-1.90925,118.57,7.81831
7076,-1.90636,16.0063,9.82591
7077,-1.90431,159.142,8.71698
7078,-1.90323,166.372,6.57324
7079,-1.90282,-123.069,6.47226
7080,-1.8988,130.815,9.38848
7081,-1.89667,-150.223,9.8942
7082,-1.89012,111.869,9.07835
7083,-1.88685,62.9936,9.52646
7084,-1.87587,117.936,8.11914
7085,-1.86613,120.566,9.08635
7086,-1.85384,-172.728,8.22154
7087,-1.85333,33.6791,9.74937
7088,-1.84153,162.539,6.37993
7089,-1.83625,120.191,9.18185
7090,-1.83096,-169.513,6.30305
7091,-1.83035,173.695,6.04048
7092,-1.81485,-169.635,7.17122
7093,-1.81411,105.444,6.03917
7094,-1.8122,22.4504,6.65218
7095,-1.8068,151.818,9.58791
7096,-1.80418,177.176,9.36523
7097,-1.80091,41.3622,9.76926
7098,-1.80034,5.28069,9.86115
7099,-1.79979,169.661,6.14842
7100,-1.79532,161.735,8.43296
7101,-1.79508,118.741,7.50933
7102,-1.79468,158.186,8.53218
7103,-1.79449,118.555,8.78809
7104,-1.79435,-147.201,6.85595
7105,-1.78974,166.535,7.22282
7106,-1.78485,-67.592,7.95947
7107,-1.78255,-166.376,8.45076
7108,-1.77268,136.025,6.05963
7109,-1.76867,161.612,8.32199
7110,-1.75945,131.338,9.02058
7111,-1.75491,175,6.8266
7112,-1.75354,-178.422,6.64127
7113,-1.75234,-68.858,6.4222
7114,-1.74865,160.944,6.46977
7115,-1.74673,19.2524,6.30812
7116,-1.73472,139.874,9.56975
7117,-1.72926,-143.781,9.79907
7118,-1.72149,144.761,9.20954
7119,-1.71889,122.944,6.89012
7120,-1.71258,-146.485,6.81187
7121,-1.71165,66.04,9.84055
7122,-1.7093,129.953,8.85987
7123,-1.70487,142.589,6.2372
7124,-1.70447,148.952,6.45314
7125,-1.69563,159.47,9.44631
7126,-1.69478,96.9703,9.96528
7127,-1.69186,19.6854,8.7136
7128,-1.68717,68.9826,7.63605
7129,-1.68103,170.162,9.2903
7130,-1.67397,167.909,7.5542
7131,-1.67361,-131.416,7.33915
7132,-1.67267,-118.479,7.11387
7133,-1.66775,123.344,8.62571
7134,-1.6601,-135.28,6.56241
7135,-1.65753,-176.955,6.35453
7136,-1.65271,111.153,6.02394
7137,-1.65204,-172.996,7.40748
7138,-1.64428,-162.307,8.74389
7139,-1.64187,104.822,6.7286
7140,-1.63086,-14.128,7.04442
7141,-1.62282,121.89,6.05348
7142,-1.61907,165.181,9.34319
7143,-1.61872,129.108,9.97613
7144,-1.6122,130.688,7.19685
7145,-1.6071,15.6123,7.49566
7146,-1.60426,128.176,6.10963
7147,-1.59925,39.2673,6.35337
7148,-1.59541,152.219,8.75289
7149,-1.59126,-149.188,7.90025
7150,-1.5891,-135.951,6.64222
7151,-1.58779,-88.313,6.94317
7152,-1.58274,-163.012,6.08157
7153,-1.5799,143.468,9.06168
7154,-1.575,130.947,8.28153
7155,-1.57105,99.1474,8.67171
7156,-1.56173,175.13,8.40516
7157,-1.55903,173.73,8.22925
7158,-1.55624,-169.086,9.87201
7159,-1.55597,-166.572,9.51278
7160,-1.55501,65.8642,9.86732
7161,-1.55097,-168.862,8.06824
7162,-1.54536,-155.786,9.2295
7163,-1.54322,120.086,8.93634
7164,-1.5432,107.18,8.9276
7165,-1.54221,118.888,6.17115
7166,-1.54006,129.141,6.0456
7167,-1.52969,174.326,7.47666
7168,-1.52816,126.997,7.74605
7169,-1.52745,158.797,7.04145
7170,-1.51862,130.594,7.62692
7171,-1.51721,166.503,7.65584
7172,-1.51554,122.619,6.42986
7173,-1.50134,-148.704,8.39776
7174,-1.4973,-103.642,6.83945
7175,-1.49721,159.946,7.87085
7176,-1.49476,96.8552,6.43
7177,-1.49415,142.58,6.09529
7178,-1.49395,81.7531,7.93221
7179,-1.48524,175.909,9.36758
7180,-1.48127,-172.924,6.79373
7181,-1.47821,157.713,6.02408
7182,-1.46911,151.845,6.38542
7183,-1.46337,126.756,7.71484
7184,-1.4612,112.628,7.23964
7185,-1.46009,-91.278,6.52249
7186,-1.4485,-149.451,8.25681
7187,-1.44663,140.394,7.09916
7188,-1.43925,155.222,7.14396
7189,-1.4386,140.555,9.91655
7190,-1.43803,-141.859,9.39443
7191,-1.43148,162.73,7.4106
7192,-1.42854,119.204,8.78918
7193,-1.42738,-90.126,7.71698
7194,-1.41893,100.032,8.48426
7195,-1.41765,157.533,8.11552
7196,-1.41605,-82.38,7.56638
7197,-1.40948,146.113,8.51096
7198,-1.40771,158.606,8.99877
7199,-1.40769,142.026,7.97058
7200,-1.38632,178.027,6.98539
7201,-1.38424,168.349,8.54067
7202,-1.38316,3.1403,7.82313
7203,-1.38209,143.057,9.10289
7204,-1.37601,122.877,9.28454
7205,-1.37508,172.31,6.17057
7206,-1.37026,105.819,7.83544
7207,-1.36453,114.76,7.2239
7208,-1.36077,-76.176,8.68858
7209,-1.36004,-172.196,9.58676
7210,-1.35773,131.232,9.00358
7211,-1.35045,120.742,9.81261
7212,-1.34838,-149.147,8.47958
7213,-1.34286,67.7411,6.17307
7214,-1.34106,-173.195,6.26615
7215,-1.33963,115.411,6.15972
7216,-1.33853,175.285,8.89013
7217,-1.33584,66.4045,7.70916
7218,-1.3245,75.1964,7.59339
7219,-1.32387,39.8032,6.15404
7220,-1.32264,163.894,9.35162
7221,-1.3176,96.3396,7.42276
7222,-1.30196,174.694,6.89148
7223,-1.30191,164.677,9.55782
7224,-1.29067,84.537,7.4023
7225,-1.28897,-149.934,9.67627
7226,-1.28792,129.825,6.08502
7227,-1.27116,169.868,9.08579
7228,-1.2699,74.9532,6.35403
7229,-1.26679,176.08,6.41937
7230,-1.26443,105.549,7.41438
7231,-1.25972,133.519,7.11833
7232,-1.25916,161.554,8.54521
7233,-1.25591,142.454,8.61303
7234,-1.25553,42.38,7.76967
7235,-1.25383,135.572,7.36849
7236,-1.25271,-16.453,7.16944
7237,-1.24797,-167.351,6.5157
7238,-1.24118,-84.351,9.31775
7239,-1.23858,117.945,6.42607
7240,-1.234,159.267,6.12802
7241,-1.23111,-93.705,7.82002
7242,-1.21995,-144.763,6.08386
7243,-1.2127,119.531,7.82158
7244,-1.20825,140.375,7.18592
7245,-1.20281,132.205,6.84524
7246,-1.19955,105.989,6.13477
7247,-1.1961,135.445,8.79336
7248,-1.18806,-151.158,7.57904
7249,-1.18635,-173.019,6.71692
7250,-1.18602,-143.381,7.60486
7251,-1.18138,99.9893,9.81617
7252,-1.17758,140.547,7.50982
7253,-1.17482,39.8031,6.9005
7254,-1.16815,137.45,7.34424
7255,-1.16109,99.6604,7.71923
7256,-1.15238,38.8954,8.40486
7257,-1.15194,72.653,6.00974
7258,-1.14812,135.288,7.04822
7259,-1.14748,130.275,6.87216
7260,-1.14671,67.4756,6.14808
7261,-1.14626,85.6909,6.72305
7262,-1.1409,66.5948,7.48698
7263,-1.13815,154.077,6.64591
7264,-1.12338,133.172,6.86681
7265,-1.11356,-119.245,7.48022
7266,-1.10687,-159.89,7.80156
7267,-1.10414,125.142,7.41633
7268,-1.10214,-142.429,7.39485
7269,-1.10083,-177.858,9.79201
7270,-1.09774,153.063,9.93057
7271,-1.09471,-157.714,9.0313
7272,-1.09119,101.433,7.23668
7273,-1.07914,158.421,9.32187
7274,-1.07831,108.428,7.9672
7275,-1.07658,-141.224,7.18795
7276,-1.07012,6.6907,7.51083
7277,-1.07006,142.049,6.9796
7278,-1.0612,170.159,9.01302
7279,-1.05937,166.507,8.15591
7280,-1.05936,118.193,7.05659
7281,-1.05661,174.914,6.71292
7282,-1.0522,39.5073,7.14235
7283,-1.04795,122.78,6.15176
7284,-1.0466,108.057,8.10247
7285,-1.04437,31.0466,8.87646
7286,-1.03011,-168.515,7.05212
7287,-1.02141,37.4846,8.54852
7288,-1.00604,120.003,9.21824
7289,-0.995651,105.615,6.42616
7290,-0.98905,125.084,7.4675
7291,-0.985154,74.9286,6.63106
7292,-0.978471,-133.388,6.56968
7293,-0.975228,150.714,9.92477
7294,-0.974739,156.496,8.20579
7295,-0.972792,-69.128,8.43352
7296,-0.971278,171.911,7.42272
7297,-0.970541,125.494,8.58952
7298,-0.96755,135.082,8.9685
7299,-0.963879,70.4128,6.6933
7300,-0.963765,-73.869,6.76518
7301,-0.960595,98.3905,7.69003
7302,-0.954297,-0.203,7.81006
7303,-0.952644,-173.291,7.14574
7304,-0.951419,90.3443,6.57585
7305,-0.951227,119.343,7.32883
7306,-0.950649,152.711,8.37398
7307,-0.947049,118.354,7.53076
7308,-0.94284,78.0584,6.27432
7309,-0.936513,167.95,7.22111
7310,-0.93589,118.992,7.58165
7311,-0.910883,-166.194,6.20441
7312,-0.905635,-127.428,7.36052
7313,-0.904612,-172.033,8.65544
7314,-0.904343,48.0588,6.67113
7315,-0.900909,-144.727,6.47018
7316,-0.900755,127.549,6.19029
7317,-0.900206,-127.191,6.05411
7318,-0.893705,39.2771,8.77583
7319,-0.893344,132.697,7.40145
7320,-0.889626,-147.895,9.2562
7321,-0.889253,-125.382,6.42448
7322,-0.88567,144.162,9.93863
7323,-0.881315,3.54969,8.82649
7324,-0.881008,-3.25,9.10699
7325,-0.874078,-168.832,6.66343
7326,-0.869215,-125.753,9.53373
7327,-0.864333,125.82,7.82416
7328,-0.856402,-152.571,9.81942
7329,-0.855243,-87.304,8.95142
7330,-0.851102,83.976,8.4422
7331,-0.851042,108.281,8.49534
7332,-0.848819,-170.666,8.94956
7333,-0.846978,58.3726,6.53621
7334,-0.830697,165.349,8.82978
7335,-0.825854,-110.819,6.93757
7336,-0.806292,121.178,8.12497
7337,-0.8058,92.4244,7.59509
7338,-0.800597,114.48,6.60313
7339,-0.79591,-79.059,6.11958
7340,-0.795083,-172.542,8.67068
7341,-0.789873,175.635,8.81495
7342,-0.779074,128.41,6.28531
7343,-0.777807,158.397,6.22469
7344,-0.775821,-157.344,6.44045
7345,-0.775586,-162.319,7.53943
7346,-0.76927,19.5586,8.96725
7347,-0.757307,123.032,7.12289
7348,-0.746225,-171.116,8.86424
7349,-0.745417,123.48,6.8461
7350,-0.743057,-176.44,9.83382
7351,-0.739597,136.858,6.44469
7352,-0.732578,135.795,9.78006
7353,-0.73101,95.9033,7.04454
7354,-0.724918,149.224,6.19799
7355,-0.719639,-69.156,8.88181
7356,-0.718424,153.204,7.35233
7357,-0.71549,75.1768,9.16482
7358,-0.709525,166.101,8.85389
7359,-0.705354,161.353,8.90739
7360,-0.70423,-18.203,7.22423
7361,-0.682744,165.859,6.72013
7362,-0.681768,-156.834,6.23533
7363,-0.681559,74.7276,8.0698
7364,-0.673781,129.866,7.29239
7365,-0.671905,178.954,7.68685
7366,-0.670158,105.437,7.63573
7367,-0.669966,7.59869,7.36061
7368,-0.6624,127.367,6.81648
7369,-0.65853,177.322,6.66478
7370,-0.639648,-29.479,9.71974
7371,-0.638878,-147.383,8.54097
7372,-0.629163,122.94,6.2204
7373,-0.624227,153.678,6.77016
7374,-0.608982,-70.182,7.56788
7375,-0.602835,115.485,7.80862
7376,-0.597183,73.0502,6.77126
7377,-0.595551,-150.514,7.46174
7378,-0.59244,-154.435,9.51717
7379,-0.591479,24.1767,6.01088
7380,-0.590276,174.969,8.381
7381,-0.583922,171.74,9.863
7382,-0.567927,123.734,8.39748
7383,-0.561637,154.847,8.68678
7384,-0.550809,-65.82,6.02686
7385,-0.539988,129.498,6.12006
7386,-0.528393,140.948,7.85129
7387,-0.528313,169.798,6.00911
7388,-0.526716,-84.976,6.06886
7389,-0.521881,-166.776,7.99743
7390,-0.510793,168.421,9.40564
7391,-0.508525,118.314,7.66318
7392,-0.504413,151.163,7.87878
7393,-0.499812,-79.071,7.24128
7394,-0.496501,165.595,6.08394
7395,-0.486317,-69.001,7.36741
7396,-0.48571,156.197,7.39513
7397,-0.481735,73.3638,6.90839
7398,-0.479764,19.7065,6.55878
7399,-0.47584,145.241,6.23946
7400,-0.469223,126.255,7.06227
7401,-0.464939,118.452,6.66368
7402,-0.461962,79.7717,7.57462
7403,-0.456936,158.232,7.18559
7404,-0.456009,117.11,6.31155
7405,-0.454639,141.335,7.54683
7406,-0.451813,115.158,7.24305
7407,-0.450045,114.147,6.12929
7408,-0.449083,157.27,8.6529
7409,-0.444055,94.7846,9.29169
7410,-0.442586,-177.704,8.00978
7411,-0.432516,32.9925,6.83323
7412,-0.428506,145.918,7.83977
7413,-0.428291,-154.828,8.24388
7414,-0.42477,75.1959,7.09199
7415,-0.416806,120.807,6.44077
7416,-0.415401,113.836,7.88667
7417,-0.412516,165.805,8.98881
7418,-0.401389,171.442,7.63892
7419,-0.39394,-153.385,6.80562
7420,-0.385111,134.215,6.83605
7421,-0.385035,119.848,9.22043
7422,-0.378401,106.05,8.52315
7423,-0.375125,170.47,6.93911
7424,-0.369756,-5.12,6.48498
7425,-0.367152,-103.584,7.07932
7426,-0.365409,134.785,6.22191
7427,-0.364271,114.443,7.86983
7428,-0.359265,-165.537,6.62016
7429,-0.355151,-172.868,6.7801
7430,-0.35313,120.479,6.42952
7431,-0.353005,94.9916,8.69406
7432,-0.352895,177.316,6.76041
7433,-0.342361,-106.056,7.35664
7434,-0.337749,-105.792,7.80946
7435,-0.337299,63.6408,6.60882
7436,-0.336725,136.599,9.43746
7437,-0.330936,-164.643,8.76553
7438,-0.330492,158.807,9.0989
7439,-0.306523,-177.006,7.30829
7440,-0.30488,5.67586,6.72596
7441,-0.303077,118.254,6.74394
7442,-0.29923,-118.211,9.05429
7443,-0.295941,122.611,8.3464
7444,-0.289652,67.822,7.51432
7445,-0.285665,14.4641,8.21763
7446,-0.283499,-179.699,8.98827
7447,-0.27238,131.122,9.21087
7448,-0.269293,111.405,7.9969
7449,-0.2639,-159.129,6.56739
7450,-0.263736,-88.467,7.1774
7451,-0.262029,99.8739,7.32873
7452,-0.259473,-166.814,8.79848
7453,-0.257123,120.891,6.69222
7454,-0.251873,112.349,7.27576
7455,-0.249181,96.9275,6.99131
7456,-0.249111,-112.546,6.01468
7457,-0.245399,-165.589,6.71087
7458,-0.242888,-65.746,7.47981
7459,-0.239984,-165.344,7.88308
7460,-0.234681,148.275,7.15643
7461,-0.203334,167.969,7.96756
7462,-0.202486,59.85,7.28892
7463,-0.19973,124.41,7.41305
7464,-0.198647,-73.535,8.41988
7465,-0.192882,96.7273,6.52041
7466,-0.192113,-116.027,8.55778
7467,-0.182616,130.49,8.6774
7468,-0.180127,-103.103,7.29352
7469,-0.179206,177.215,8.45014
7470,-0.175993,134.181,9.46392
7471,-0.175313,45.4973,6.13218
7472,-0.170608,-156.506,7.68306
7473,-0.169564,68.6414,6.92356
7474,-0.156812,91.3759,6.36177
7475,-0.147754,160.017,6.04315
7476,-0.144119,-161.786,6.04406
7477,-0.144047,165.108,7.08229
7478,-0.139798,-3.933,8.94257
7479,-0.135057,129.915,6.71525
7480,-0.132793,-105.969,8.51109
7481,-0.129947,124.688,7.03831
7482,-0.128023,-65.261,9.93802
7483,-0.127975,-177.173,9.48915
7484,-0.124291,-173.876,6.09248
7485,-0.123914,-165.042,8.53279
7486,-0.0983419,-147.714,9.16462
7487,-0.09562,128.727,6.23808
7488,-0.0953473,121.325,9.89266
7489,-0.0901122,39.5394,8.75776
7490,-0.089717,120.936,7.1077
7491,-0.0893508,-164.289,6.82106
7492,-0.0879612,-178.874,9.399
7493,-0.0849719,-161.149,8.5853
7494,-0.0834011,-172.232,9.56458
7495,-0.0791347,72.7544,7.44435
7496,-0.074861,168.944,6.54416
7497,-0.0724277,-103.409,7.0216
7498,-0.0664725,37.332,6.46614
7499,-0.0616971,124.239,6.02667
7500,-0.0556016,-173.608,9.35602
7501,-0.0465545,-179.57,7.19334
7502,-0.0410806,106.191,8.66108
7503,-0.0376683,150.542,7.06945
7504,-0.0344995,-176.254,7.60861
7505,-0.0335609,8.5631,6.44137
7506,-0.0302294,179.902,6.29784
7507,-0.0295975,109.578,6.19656
7508,-0.024406,3.54332,8.19902
7509,-0.0215959,121.631,6.88923
7510,-0.0189529,134.53,8.83
7511,-0.0128334,14.7034,8.44493
7512,-0.0116591,-169.457,6.88589
7513,-0.00737548,-159.872,8.22141
7514,-0.00523718,8.78581,7.35033
7515,-0.00464089,-158.631,8.09611
7516,-0.00274084,145.021,6.19228
7517,0.0128449,124.531,6.57458
7518,0.015574,73.4065,7.19021
7519,0.0157782,-112.808,7.73105
7520,0.0162336,33.6809,8.10442
7521,0.0215873,105.23,6.99199
7522,0.0255064,-120.011,7.4571
7523,0.0303728,-78.854,6.74563
7524,0.0352551,-131.766,9.45647
7525,0.0376453,106.587,7.79737
7526,0.0380012,75.055,8.64231
7527,0.0500265,112.364,9.59981
7528,0.0509483,51.5779,7.03126
7529,0.061309,-173.422,8.02036
7530,0.0691984,36.6115,6.20614
7531,0.0731201,-145.776,7.1809
7532,0.0752577,-101.062,7.67818
7533,0.0756662,-72.115,6.46644
7534,0.0787834,-122.394,6.0283
7535,0.0868184,167.669,9.04579
7536,0.0869032,5.86829,8.11549
7537,0.088878,-92.884,6.20687
7538,0.0916327,-91.861,6.14986
7539,0.0926841,158.03,7.88288
7540,0.0935122,34.9651,8.6057
7541,0.0985852,163.553,6.64901
7542,0.110325,172.726,9.62424
7543,0.11408,74.8956,9.25572
7544,0.11524,-119.044,7.1549
7545,0.118077,168.191,7.01051
7546,0.121019,-152.073,9.6114
7547,0.124439,164.817,6.14839
7548,0.124942,131.79,9.91226
7549,0.129993,32.1339,6.2147
7550,0.147424,-119.778,8.92811
7551,0.149752,179.9,8.86895
7552,0.150703,-169.236,7.7608
7553,0.156914,-121.9,8.11299
7554,0.15701,62.7303,6.51884
7555,0.166762,137.196,8.61916
7556,0.167418,145.286,6.61179
7557,0.170448,-31.149,8.08666
7558,0.17738,-117.565,6.48211
7559,0.179455,-93.131,7.41784
7560,0.181238,161.552,7.63071
7561,0.183516,111.624,8.76783
7562,0.183856,-100.928,6.89854
7563,0.185094,133.753,6.91539
7564,0.188773,103.064,6.18777
7565,0.192817,143.672,7.66921
7566,0.193054,123.18,6.72736
7567,0.20825,16.9151,7.49137
7568,0.20827,-128.279,6.08122
7569,0.209174,153.344,7.93326
7570,0.218722,111.929,6.16854
7571,0.218929,61.9831,7.44247
7572,0.221153,175.473,6.41077
7573,0.230801,129.906,9.09528
7574,0.231316,-155.16,6.85992
7575,0.232042,-121.72,6.41682
7576,0.234615,-109.771,6.7837
7577,0.239346,16.2661,8.80793
7578,0.243941,-177.92,7.04633
7579,0.25271,80.2929,6.80137
7580,0.25327,-123.687,7.17591
7581,0.256449,169.277,6.42192
7582,0.262016,151.421,6.57688
7583,0.266774,-152.1,8.77083
7584,0.269328,-138.023,6.00303
7585,0.278656,123.693,6.00673
7586,0.281476,176.221,7.84868
7587,0.283976,96.4498,9.44164
7588,0.286016,-119.274,7.2908
7589,0.293025,77.624,6.52003
7590,0.300766,77.4242,7.15974
7591,0.304164,-90.098,9.54617
7592,0.306226,-117.635,7.84316
7593,0.306727,122.946,8.64496
7594,0.312336,-161.618,8.24743
7595,0.318807,49.8793,8.66394
7596,0.322681,-167.783,6.6679
7597,0.326937,8.24246,8.93791
7598,0.330329,153.029,6.40177
7599,0.330901,-164.475,7.15458
7600,0.336255,-40.196,8.46699
7601,0.339602,-135.635,6.56194
7602,0.350054,-166.523,6.23053
7603,0.358729,-149.144,7.22108
7604,0.364612,114.447,6.75018
7605,0.368119,3.82773,8.24162
7606,0.369244,177.513,7.53268
7607,0.37447,70.9066,6.77725
7608,0.374718,-90.663,8.11004
7609,0.376896,155.43,8.43605
7610,0.385527,-147.049,8.28117
7611,0.394444,73.9816,7.04396
7612,0.394969,122.054,6.36892
7613,0.397104,-127.987,7.10214
7614,0.409769,34.0816,9.82441
7615,0.416679,-164.208,9.61726
7616,0.419608,-124.665,9.13313
7617,0.420033,-147.283,9.80879
7618,0.421763,-161.183,7.60125
7619,0.422728,14.1045,7.45895
7620,0.431227,172.206,8.38056
7621,0.436211,-68.959,6.08735
7622,0.438391,-140.336,6.16506
7623,0.4461,-116.81,7.51849
7624,0.449788,167.217,9.42452
7625,0.454146,146.966,9.04923
7626,0.470484,-179.23,7.53453
7627,0.470727,-178.064,8.54249
7628,0.471318,135.563,6.6781
7629,0.490376,-71.658,8.79222
7630,0.495801,73.1344,8.6771
7631,0.496201,176.386,8.21289
7632,0.497058,149.091,6.13918
7633,0.497637,130.92,7.16672
7634,0.497831,80.7521,9.00311
7635,0.502675,155.93,7.2606
7636,0.502936,-135.982,7.76748
7637,0.504209,-156.018,7.33502
7638,0.513596,152.738,9.4435
7639,0.520999,-162.897,7.72293
7640,0.521643,-89.033,6.35244
7641,0.530206,-125.164,6.42699
7642,0.531896,-101.343,7.91981
7643,0.533272,121.706,7.32606
7644,0.535885,102.742,9.51263
7645,0.538166,-143.687,9.2842
7646,0.540125,72.1687,7.63688
7647,0.543645,-163.871,9.68405
7648,0.552147,42.1395,6.75394
7649,0.563508,11.5139,8.43583
7650,0.564006,166.026,9.95831
7651,0.566158,128.616,6.77966
7652,0.573208,120.697,7.60821
7653,0.578283,-156.884,7.55898
7654,0.578554,-152.937,7.14409
7655,0.586044,131.134,9.30428
7656,0.59034,-148.754,6.95587
7657,0.59239,166.762,6.47744
7658,0.605077,-93.203,6.7649
7659,0.607731,-140.206,6.18812
7660,0.61133,-90.488,6.66411
7661,0.613887,129.47,6.2622
7662,0.631524,-165.872,9.14341
7663,0.632003,-109.185,6.3423
7664,0.635877,136.921,6.80281
7665,0.642153,97.417,9.19965
7666,0.645393,139.55,6.43149
7667,0.647307,-164.94,8.51084
7668,0.647316,109.72,8.12508
7669,0.651979,149.708,6.75413
7670,0.653467,121.163,7.09171
7671,0.655955,-36.44,8.44222
7672,0.659654,150.091,6.50639
7673,0.660953,137.581,9.06059
7674,0.661993,-80.182,7.24816
7675,0.666855,128.268,7.78146
7676,0.675988,93.638,6.91449
7677,0.676048,103.152,6.3152
7678,0.680102,167.03,6.88082
7679,0.690901,123.733,8.59938
7680,0.694591,168.075,7.34746
7681,0.703399,151.229,6.28565
7682,0.705275,148.096,8.49217
7683,0.707263,72.345,8.30001
7684,0.709124,-118.83,8.37344
7685,0.709865,168.417,6.62513
7686,0.714286,-168.846,8.45319
7687,0.718982,-147.089,6.9363
7688,0.723644,-146.654,6.53445
7689,0.724079,73.5147,6.28745
7690,0.731259,146.948,6.68698
7691,0.732166,6.51409,7.28294
7692,0.734121,124.14,9.88785
7693,0.742841,158.652,9.14503
7694,0.746817,-112.08,6.12779
7695,0.748852,169.451,6.41628
7696,0.765219,175.487,9.05475
7697,0.770478,43.3446,7.67999
7698,0.7797,136.585,8.64626
7699,0.783769,151.8,9.84572
7700,0.787903,-160.985,8.41324
7701,0.789609,-111.492,6.38501
7702,0.794087,127.095,7.93915
7703,0.796988,177.056,6.00755
7704,0.797194,-168.984,6.11726
7705,0.7998,179.339,7.71313
7706,0.804623,64.0957,8.80764
7707,0.807605,-150.951,6.61285
7708,0.811759,43.1883,7.5014
7709,0.813385,-95.033,6.27537
7710,0.831298,6.17766,6.31918
7711,0.833379,70.1996,6.03955
7712,0.833514,-178.973,6.16397
7713,0.833635,4.85458,6.14752
7714,0.83522,92.9845,6.14551
7715,0.839078,68.3246,6.77311
7716,0.850577,-115.093,7.31016
7717,0.851332,-109.792,7.2287
7718,0.852474,70.6615,6.02384
7719,0.854123,-169.097,6.07091
7720,0.858385,-140.864,7.48786
7721,0.859058,166.263,9.69047
7722,0.859313,-177.223,6.54433
7723,0.859979,94.5306,7.20273
7724,0.864257,-162.381,8.10111
7725,0.872993,105.918,8.49075
7726,0.883335,157.826,6.7429
7727,0.88526,114.492,6.95893
7728,0.888247,129.302,6.97162
7729,0.891543,73.2444,8.61165
7730,0.896626,114.121,6.65133
7731,0.898492,151.528,6.72596
7732,0.908017,-167.7,6.31937
7733,0.909784,-157.896,7.30664
7734,0.910374,-160.664,7.03272
7735,0.911171,-169.186,6.00478
7736,0.911365,-161.917,8.62962
7737,0.915416,36.0173,8.93212
7738,0.915997,-149.506,6.35491
7739,0.921556,134.643,8.37111
7740,0.924491,-152.819,6.15778
7741,0.924961,-141.085,7.8132
7742,0.925469,-95.032,6.74982
7743,0.933984,112.368,7.89094
7744,0.938949,61.0477,7.12266
7745,0.939396,-112.001,8.0744
7746,0.952977,-144.678,6.11467
7747,0.953376,116.896,6.53475
7748,0.957662,-178.772,6.85063
7749,0.959776,165.685,6.66871
7750,0.960209,145.08,6.926
7751,0.967522,-163.631,7.96175
7752,0.968801,176.68,6.44387
7753,0.971381,-144.011,7.35598
7754,0.974504,76.9708,6.45608
7755,0.98489,33.0298,6.96376
7756,0.990427,156.858,6.31667
7757,0.992489,93.0553,6.44138
7758,0.992743,-105.466,9.46163
7759,1.00173,-158.698,6.36588
7760,1.00256,94.5301,7.41685
7761,1.00332,153.381,9.33595
7762,1.00576,111.674,6.04984
7763,1.00693,3.80612,7.08757
7764,1.01112,-137.134,6.54957
7765,1.01316,144.755,9.76671
7766,1.01533,94.9597,6.14393
7767,1.01543,89.235,8.94956
7768,1.01884,-152.48,6.60448
7769,1.01956,-161.108,9.54327
7770,1.02376,-81.513,7.14904
7771,1.02636,164.713,9.43649
7772,1.03471,168.721,7.40512
7773,1.03727,149.924,9.61038
7774,1.03966,144.549,6.10068
7775,1.05726,157.486,6.58533
7776,1.05873,63.7294,7.48737
7777,1.06652,176.906,6.59029
7778,1.07131,125.442,6.24403
7779,1.07326,61.1889,6.14896
7780,1.07558,62.9341,7.15296
7781,1.08236,174.175,7.40955
7782,1.08674,-144.849,8.01054
7783,1.08937,-179.358,7.05513
7784,1.08978,7.70291,7.56066
7785,1.09123,153.102,6.69889
7786,1.09358,121.163,7.56468
7787,1.14414,15.0886,6.93117
7788,1.14606,43.5249,7.8847
7789,1.14756,-173.065,6.83876
7790,1.15091,-44.709,7.02441
7791,1.1583,177.349,6.67562
7792,1.1589,105.804,6.15608
7793,1.163,-144.237,8.10348
7794,1.16311,-172.234,8.60073
7795,1.16578,0.377387,6.31611
7796,1.16723,84.3281,7.75866
7797,1.16986,14.6782,7.03326
7798,1.17538,149.803,6.17019
7799,1.17647,-84.528,8.15394
7800,1.19161,146.966,8.7664
7801,1.19232,-178.846,8.54065
7802,1.19419,-177.976,7.76751
7803,1.19419,-140.224,7.7698
7804,1.19588,74.4892,6.99546
7805,1.19736,-171.997,7.13673
7806,1.19759,69.3844,8.19555
7807,1.21125,-124.511,8.78038
7808,1.22126,109.183,7.11293
7809,1.22312,93.3642,7.58747
7810,1.22365,-142.99,9.22808
7811,1.22687,-159.77,8.16024
7812,1.23353,-157.576,6.64693
7813,1.23649,-144.371,6.13073
7814,1.23904,-174.585,9.94893
7815,1.24202,150.821,6.18214
7816,1.2433,121.081,7.24984
7817,1.24796,128.086,8.51361
7818,1.25127,148.016,9.41452
7819,1.26039,18.1391,9.11141
7820,1.26632,-108.184,6.4712
7821,1.26802,176.106,6.959
7822,1.27109,141.343,8.23249
7823,1.27251,7.89359,6.8195
7824,1.29255,161.106,6.40014
7825,1.29379,-170.382,6.27248
7826,1.29417,-83.223,7.93439
7827,1.29708,141.13,8.30511
7828,1.29832,179.361,6.00956
7829,1.30092,-95.316,7.43143
7830,1.30117,76.8457,6.98737
7831,1.30191,43.2955,9.01508
7832,1.30819,178.663,7.47292
7833,1.30996,-151.942,7.66336
7834,1.31168,-163.716,6.31388
7835,1.31626,-92.036,6.21168
7836,1.31925,35.0528,9.52428
7837,1.31951,134.425,6.94164
7838,1.32677,-14.067,7.8134
7839,1.32717,-111.623,8.14602
7840,1.32795,-66.005,6.42306
7841,1.3332,-140.379,6.28529
7842,1.33587,146.67,7.34606
7843,1.33773,96.6682,7.47183
7844,1.33942,-157.498,8.70723
7845,1.34665,106.359,9.57516
7846,1.35743,-117.429,6.32592
7847,1.35889,110.529,7.79666
7848,1.36204,-158.868,8.07875
7849,1.36234,149.64,9.88434
7850,1.36849,156.869,8.77293
7851,1.37219,-122.133,8.0399
7852,1.37489,114.746,6.22657
7853,1.37589,152.565,9.17793
7854,1.37763,176.738,6.37425
7855,1.38253,-153.442,8.88564
7856,1.38263,106.075,8.70403
7857,1.38418,151.675,9.3329
7858,1.38631,-86.949,7.53187
7859,1.39071,78.9922,6.07773
7860,1.3983,-164.04,6.62606
7861,1.39946,168.578,8.165
7862,1.40377,148.308,9.21812
7863,1.40389,-175.426,9.35642
7864,1.40434,177.381,7.6204
7865,1.40636,105.641,9.82172
7866,1.4066,121.243,6.05484
7867,1.40758,-106.924,7.69997
7868,1.40762,150.57,9.76161
7869,1.41314,176.301,6.66599
7870,1.41367,71.6054,7.87008
7871,1.41414,7.78039,8.24904
7872,1.41447,151.964,8.45069
7873,1.41501,17.9297,6.33706
7874,1.41518,75.0026,6.43716
7875,1.41792,41.3798,6.85588
7876,1.418,163.095,7.14103
7877,1.4247,131.353,6.32519
7878,1.42611,172.882,8.19812
7879,1.43132,120.19,8.21429
7880,1.434,64.6497,6.16655
7881,1.4407,170.255,7.727
7882,1.44926,85.726,9.82278
7883,1.45005,-120.989,8.82824
7884,1.45012,171.183,7.8361
7885,1.4526,173.225,7.49816
7886,1.45354,66.9617,7.56509
7887,1.45677,-142.215,7.94145
7888,1.46787,167.634,8.65339
7889,1.47006,-164.259,9.40925
7890,1.47129,69.4109,6.33138
7891,1.47815,-179.993,8.66171
7892,1.48221,61.009,9.48698
7893,1.48501,-176.826,6.6519
7894,1.49793,137.092,8.75802
7895,1.49924,-92.447,8.0719
7896,1.50616,68.3031,8.50731
7897,1.51118,85.1526,7.17247
7898,1.51776,41.6365,7.5418
7899,1.52376,-145.424,6.55524
7900,1.52737,175.501,7.42695
7901,1.53049,-110.72,6.33086
7902,1.53308,134.117,7.56686
7903,1.54269,61.7037,7.81984
7904,1.54892,-159.473,6.67213
7905,1.55185,156.41,7.53516
7906,1.55542,116.921,9.33081
7907,1.56291,158.254,8.82221
7908,1.56366,-118.057,8.09826
7909,1.56835,-137.677,6.02491
7910,1.57274,-70.079,6.06636
7911,1.57516,73.5746,7.6333
7912,1.57672,-144.426,6.53182
7913,1.5784,106.261,6.23119
7914,1.57939,74.3059,8.03898
7915,1.58341,-159.168,6.25549
7916,1.59078,-148.696,8.95814
7917,1.5917,-136.216,6.81163
7918,1.59205,118.682,9.91468
7919,1.59227,127.425,8.48293
7920,1.59251,6.79905,6.11331
7921,1.59603,-9.83,9.97896
7922,1.60431,172.265,7.6505
7923,1.60654,-177.095,6.17315
7924,1.61068,-157.138,6.32305
7925,1.61368,-141.697,8.66859
7926,1.61877,-176.306,6.80779
7927,1.62817,-82.96,8.2057
7928,1.6312,-161.542,6.15363
7929,1.63161,120.95,7.87824
7930,1.63628,-94.985,7.34214
7931,1.64259,70.1757,7.75639
7932,1.64406,169.112,7.29319
7933,1.64878,105.609,9.82272
7934,1.65491,71.5983,6.83814
7935,1.66389,-173.542,6.617
7936,1.66476,-160.643,6.48036
7937,1.6711,-159.772,8.26778
7938,1.6713,160.26,6.15611
7939,1.67144,61.2203,9.09015
7940,1.67257,-123.091,6.49881
7941,1.67352,162.404,6.4092
7942,1.67788,-164.402,6.14837
7943,1.68259,109.613,8.45819
7944,1.6892,-156.213,6.21275
7945,1.69173,-115.752,7.28355
7946,1.69825,153.055,7.15227
7947,1.6997,-155.268,7.94082
7948,1.70834,-91.872,6.55875
7949,1.7105,-97.808,7.73116
7950,1.71268,-176.962,8.30055
7951,1.71787,-104.399,6.46142
7952,1.71863,166.779,7.92624
7953,1.72094,-149.686,8.46743
7954,1.72831,159.315,8.04073
7955,1.73767,177.109,8.57296
7956,1.73794,-158.717,6.19436
7957,1.74406,110.896,6.17797
7958,1.74656,168.472,6.09364
7959,1.74949,169.134,6.74008
7960,1.75166,-97.667,8.35312
7961,1.7523,106.354,6.22526
7962,1.75303,109.373,8.65213
7963,1.75583,-171.44,6.29196
7964,1.76548,131.621,8.20227
7965,1.76731,-164.717,7.2831
7966,1.77244,-102.148,6.20866
7967,1.77504,94.0847,6.44683
7968,1.77559,-119.897,8.77861
7969,1.78663,-172.62,9.21165
7970,1.78795,156.963,6.1595
7971,1.79075,8.48775,7.06948
7972,1.79104,68.9551,8.69084
7973,1.79307,6.80019,6.72569
7974,1.79332,-143.1,6.90397
7975,1.79708,169.829,7.98599
7976,1.79727,153.393,9.54041
7977,1.79831,172.423,6.15862
7978,1.7989,106.279,9.3177
7979,1.80072,-177.898,7.44241
7980,1.80423,123.489,6.68278
7981,1.80723,75.6107,9.43289
7982,1.81336,173.491,8.66433
7983,1.81483,146.946,7.01665
7984,1.8159,-163.177,6.66644
7985,1.82571,-92.994,6.21962
7986,1.84678,-138.753,7.19714
7987,1.85243,165.13,7.5872
7988,1.85281,-156.983,6.43631
7989,1.85714,-113.858,6.51739
7990,1.86056,69.4743,9.07735
7991,1.86154,167.212,8.30427
7992,1.86532,-179.871,6.48223
7993,1.86951,-156.238,6.28924
7994,1.8773,-174.142,8.8057
7995,1.8781,-149.836,7.17671
7996,1.87879,-136.093,7.61774
7997,1.88078,111.166,8.41794
7998,1.88185,118.451,7.48989
7999,1.88275,-101.15,8.78477
8000,1.88548,156.877,7.94909
8001,1.88842,-91.659,8.43055
8002,1.89395,169.988,7.19155
8003,1.89633,-149.531,6.15218
8004,1.89896,162.763,6.33553
8005,1.90684,-172.656,6.16017
8006,1.90866,169.05,6.04395
8007,1.91256,122.395,7.60396
8008,1.91619,153.053,6.51662
8009,1.91823,-153.452,7.82663
8010,1.91823,153.332,8.27284
8011,1.91947,-164.374,8.57885
8012,1.92609,-118.408,9.97965
8013,1.92728,10.9704,6.2205
8014,1.92958,81.81,6.72428
8015,1.92975,-83.033,8.54459
8016,1.93328,123.511,7.80366
8017,1.93377,129.31,8.84317
8018,1.93563,-115.385,8.00079
8019,1.93682,171.374,6.44077
8020,1.93864,68.118,6.95253
8021,1.9408,130.164,6.43833
8022,1.94718,-166.374,6.63085
8023,1.94774,175.26,6.8567
8024,1.95123,-164.493,9.20508
8025,1.95693,119.758,6.56832
8026,1.95833,109.697,7.66099
8027,1.96815,-156.039,9.26959
8028,1.97147,164.932,9.42774
8029,1.97154,28.9617,8.59179
8030,1.9735,169.702,6.9156
8031,1.97612,107.884,8.77388
8032,1.97698,76.2557,6.83393
8033,1.98022,-84.944,6.11038
8034,1.98125,-91.84,6.98359
8035,1.98216,164.224,9.04235
8036,1.98366,-157.1,6.32102
8037,1.98488,108.643,9.3314
8038,1.98598,170.111,8.56243
8039,1.98871,166.008,9.97933
8040,1.99297,159.319,9.05092
8041,1.99313,-175.335,9.80777
8042,1.99912,-153.213,8.78352
8043,2.00625,-160.927,9.30484
8044,2.00758,-179.715,7.99109
8045,2.01125,106.637,6.67863
8046,2.01366,108.362,7.11843
8047,2.01409,-154.523,7.83699
8048,2.01603,66.0672,6.19859
8049,2.0234,-167.592,6.08055
8050,2.02608,-70.471,7.25916
8051,2.02853,43.2511,7.57652
8052,2.02904,-79.905,8.10403
8053,2.0326,-162.175,9.45862
8054,2.03291,-154.745,7.97986
8055,2.03615,161.073,6.47511
8056,2.04731,-145.566,9.99655
8057,2.05248,-68.931,9.80338
8058,2.05257,169.321,6.37479
8059,2.06611,145.498,7.68113
8060,2.06992,-92.618,7.39369
8061,2.0756,6.92178,8.00907
8062,2.07666,-175.992,6.92131
8063,2.08828,78.6206,6.71578
8064,2.09097,88.5149,7.91872
8065,2.09335,162.148,7.52134
8066,2.09397,79.2319,7.4024
8067,2.09425,146.379,7.29643
8068,2.09831,115.633,6.94376
8069,2.09989,-155.457,6.80509
8070,2.10549,118.517,7.36906
8071,2.106,-174.567,7.18182
8072,2.11396,126.408,7.03281
8073,2.12074,164.911,6.4254
8074,2.12458,176.862,7.42915
8075,2.12635,-160.68,8.43439
8076,2.15401,106.124,6.71861
8077,2.15962,-178.792,8.80335
8078,2.16412,163.315,6.04328
8079,2.16661,163.742,9.45556
8080,2.17355,102.831,7.44599
8081,2.1743,-136.678,6.53565
8082,2.17627,77.5684,7.18532
8083,2.1778,-153.408,8.85643
8084,2.18179,-89.812,7.64879
8085,2.18259,-145.965,6.44123
8086,2.18416,111.025,8.73085
8087,2.18509,-145.759,9.25669
8088,2.1851,109.664,7.62163
8089,2.1863,68.2927,6.9403
8090,2.19041,-114.349,6.01749
8091,2.19348,-72.639,6.42476
8092,2.20468,148.067,7.81666
8093,2.21045,122.913,7.59284
8094,2.21113,-72.39,8.27001
8095,2.21802,-156.999,6.57334
8096,2.22213,-175.726,6.05924
8097,2.22432,54.3237,6.37096
8098,2.23288,146.694,9.98129
8099,2.2333,112.506,7.29031
8100,2.24247,-156.68,8.49463
8101,2.24582,-123.842,9.91027
8102,2.24679,155.354,6.92018
8103,2.25252,-177.591,8.40945
8104,2.25722,-160.139,6.41155
8105,2.2687,101.487,8.57173
8106,2.27559,169.416,8.36631
8107,2.28023,-128.511,7.02691
8108,2.286,-118.533,6.85007
8109,2.29054,26.6917,6.07185
8110,2.29892,101.309,8.41511
8111,2.30163,132.866,6.01444
8112,2.3028,124.84,8.6108
8113,2.30577,-161.583,6.8655
8114,2.31088,-164.65,6.41991
8115,2.31306,157.121,6.33852
8116,2.31321,106.245,7.96469
8117,2.31682,162.126,7.02413
8118,2.31794,69.1892,7.24076
8119,2.31995,8.41554,8.16784
8120,2.33709,-167.917,9.39036
8121,2.34045,105.631,6.3043
8122,2.34232,-94.129,7.549
8123,2.34443,111.936,8.77124
8124,2.35728,115.735,7.38345
8125,2.3595,-179.776,9.47182
8126,2.35999,70.8627,6.20885
8127,2.36075,-173.869,8.4296
8128,2.36092,168.041,7.31622
8129,2.36115,-73.677,6.34723
8130,2.37138,-69.755,7.28937
8131,2.37231,115.106,9.09245
8132,2.37237,-170.198,8.62018
8133,2.37358,53.641,6.13658
8134,2.37908,-169.286,7.99344
8135,2.38684,171.233,6.22468
8136,2.38908,179.019,7.61894
8137,2.3893,151.074,8.4387
8138,2.39981,-73.893,6.46442
8139,2.40687,98.4833,6.09101
8140,2.40929,-166.478,7.45562
8141,2.41031,-133.107,7.43627
8142,2.41094,78.784,6.30527
8143,2.41179,-116.05,9.41939
8144,2.4196,61.1335,7.85032
8145,2.4197,98.7373,9.40016
8146,2.42132,112.601,7.68435
8147,2.42531,119.46,8.03371
8148,2.44251,67.8509,6.94472
8149,2.44405,95.8568,9.19067
8150,2.4458,-143.746,8.28684
8151,2.44682,122.701,6.99162
8152,2.44687,-133.9,6.00192
8153,2.44697,-113.61,6.42485
8154,2.44778,162.602,8.57203
8155,2.44984,128.575,7.5392
8156,2.45391,177.576,9.70132
8157,2.45577,149.61,7.43733
8158,2.45965,-91.719,7.04497
8159,2.46294,-163.033,7.10487
8160,2.46326,-116.263,7.16959
8161,2.46357,-103.898,8.77151
8162,2.46608,134.232,6.2597
8163,2.4706,-159.18,7.55526
8164,2.47437,-160.082,7.7409
8165,2.4856,60.5982,7.64491
8166,2.48749,163.142,6.45955
8167,2.4879,125.461,7.83498
8168,2.48935,166.201,7.95426
8169,2.48962,84.3332,7.33034
8170,2.49094,-144.746,6.83812
8171,2.49463,-126.195,6.28671
8172,2.49489,80.2707,6.5689
8173,2.50495,115.609,8.10468
8174,2.51137,41.066,8.91354
8175,2.5124,163.386,8.68453
8176,2.51375,78.3462,7.58918
8177,2.5192,69.4146,7.02946
8178,2.52065,68.363,6.11891
8179,2.52094,66.3855,9.35233
8180,2.52224,-146.235,6.47093
8181,2.52234,150.049,9.26521
8182,2.52416,-143.443,6.88736
8183,2.5274,14.0646,6.75421
8184,2.52832,6.23043,6.8243
8185,2.529,-110.513,7.35815
8186,2.52998,103.523,6.45993
8187,2.53315,108.913,7.17801
8188,2.54119,-36.074,7.97822
8189,2.54623,96.1855,6.92361
8190,2.54904,68.1297,8.7744
8191,2.55428,79.2307,6.31762
8192,2.56048,116.506,7.56891
8193,2.56119,-176.409,9.59128
8194,2.56174,172.218,7.23051
8195,2.56447,-140.528,6.16745
8196,2.57122,125.366,6.34917
8197,2.57207,109.587,7.51525
8198,2.57313,129.379,6.87569
8199,2.57706,88.7545,6.09563
8200,2.57714,127.63,8.4828
8201,2.58206,-166.293,6.22712
8202,2.58396,-177.254,7.45079
8203,2.58447,99.8272,8.56131
8204,2.59574,-99.475,6.33822
8205,2.60884,125.886,6.36348
8206,2.61089,-149.869,9.80079
8207,2.62163,88.6053,9.67453
8208,2.62374,-152.123,9.71461
8209,2.6247,179.934,7.21255
8210,2.63749,118.071,6.21363
8211,2.64002,-170.955,9.97568
8212,2.64486,60.3761,6.57655
8213,2.6522,148.756,7.1755
8214,2.65444,60.2665,8.51847
8215,2.65646,173.2,7.37528
8216,2.65819,126.482,7.87875
8217,2.65964,-169.249,6.48896
8218,2.66275,155.359,7.56932
8219,2.66439,-163.215,6.37342
8220,2.66507,69.2654,6.7685
8221,2.66718,9.66104,9.50249
8222,2.66776,-159.183,6.59586
8223,2.6717,-164.251,9.5457
8224,2.67394,-172.683,6.22756
8225,2.67689,-100.37,6.58824
8226,2.68509,155.286,7.60534
8227,2.68576,-179.68,7.55742
8228,2.68612,175.787,6.33069
8229,2.69121,113.083,8.69335
8230,2.69405,-1.128,9.22037
8231,2.69917,-116.212,8.21982
8232,2.69939,-158.783,7.7257
8233,2.70016,-151.292,8.22093
8234,2.70043,104.526,7.07202
8235,2.70444,79.9861,8.75175
8236,2.70457,159.056,6.11005
8237,2.7092,120.462,9.43845
8238,2.71066,132.132,8.76743
8239,2.71303,142.634,6.02785
8240,2.71613,122.117,6.06335
8241,2.71799,-137.629,6.2102
8242,2.72023,137.613,7.01737
8243,2.7225,-122.07,7.04544
8244,2.7244,-105.754,7.61876
8245,2.7258,-170.684,8.1494
8246,2.72793,165.294,9.02769
8247,2.72811,-172.492,8.11486
8248,2.73654,-150.793,6.99411
8249,2.74579,91.4844,7.72226
8250,2.75233,168.955,8.79249
8251,2.75866,-73.735,6.45482
8252,2.76508,-177.487,6.5743
8253,2.77753,-169.462,6.8757
8254,2.77912,-91.626,9.06562
8255,2.78264,125.302,7.20595
8256,2.79063,15.8876,9.6513
8257,2.80749,113.006,6.3913
8258,2.81911,62.9324,6.27191
8259,2.82126,161.678,7.92056
8260,2.83127,178.016,6.53963
8261,2.83166,147.989,7.86127
8262,2.84147,-79.274,7.09379
8263,2.84464,179.91,7.99986
8264,2.8483,-91.894,7.55659
8265,2.84925,159.632,6.43804
8266,2.84941,117.946,6.62099
8267,2.85837,-178.62,6.98437
8268,2.86307,178.856,8.04676
8269,2.86843,-95.873,7.01181
8270,2.87194,151.227,9.8153
8271,2.87444,31.8254,7.90902
8272,2.87611,-143.086,8.23564
8273,2.87689,129.094,8.21782
8274,2.88367,-73.457,6.83997
8275,2.889,-97.743,7.11142
8276,2.89059,179.531,7.67785
8277,2.89227,-94.512,8.28852
8278,2.89898,172.489,7.72746
8279,2.89973,15.5216,8.14222
8280,2.90212,114.34,7.14678
8281,2.90259,171.593,6.82786
8282,2.91701,104.084,8.33931
8283,2.91771,110.789,6.4433
8284,2.92336,-65.777,9.44306
8285,2.93092,-106.06,8.11098
8286,2.93662,179.311,6.16974
8287,2.9398,33.0902,6.68054
8288,2.95595,-73.614,9.01927
8289,2.96611,75.4029,8.87472
8290,2.96635,174.226,7.84073
8291,2.96932,-165.503,7.11778
8292,2.97043,-90.691,8.78038
8293,2.9705,149.33,7.70375
8294,2.97363,-71.91,7.64579
8295,2.974,146.807,6.24617
8296,2.97555,95.8842,6.6381
8297,2.98052,173.461,6.21828
8298,2.98587,60.2259,7.61968
8299,2.98992,59.7395,9.28315
8300,2.99286,-167.406,8.70161
8301,2.99417,115.064,7.56266
8302,2.9969,-155.363,7.32864
8303,2.99819,-72.147,8.22961
8304,3.02298,110.725,6.47078
8305,3.02353,-155.124,9.6401
8306,3.02426,-154.787,7.12399
8307,3.02746,146.6,8.70309
8308,3.03386,-136.648,9.08643
8309,3.03876,-60.904,7.54279
8310,3.04043,160.859,8.14679
8311,3.05195,-137.563,6.20666
8312,3.05243,11.9549,7.71479
8313,3.05258,159.558,6.11929
8314,3.0582,148.494,6.20275
8315,3.05864,176.311,8.56046
8316,3.06185,-150.174,6.0806
8317,3.06321,108.943,6.43615
8318,3.06509,128.903,7.7102
8319,3.07467,-161.569,8.34182
8320,3.08072,-135.133,9.80603
8321,3.08184,15.8219,7.43382
8322,3.08315,-88.305,9.01009
8323,3.08854,167.075,7.21347
8324,3.09069,-158.833,7.47206
8325,3.10198,70.7371,9.33652
8326,3.10728,-173.321,8.54885
8327,3.1119,105.772,7.07653
8328,3.11789,-72.643,6.86973
8329,3.12744,140.375,6.35235
8330,3.13838,107.826,6.47631
8331,3.14201,75.5917,6.55144
8332,3.14762,-116.681,7.92772
8333,3.14774,174.506,9.00035
8334,3.15022,150.296,9.128
8335,3.15581,-154.871,7.86512
8336,3.15896,117.368,6.58002
8337,3.16265,-161.087,7.41179
8338,3.16589,117.88,8.57614
8339,3.16647,152.597,9.82966
8340,3.16678,157.04,7.107
8341,3.17143,-161.681,7.00415
8342,3.17496,-111.729,7.40489
8343,3.17689,128.567,8.08656
8344,3.17731,116.299,6.74368
8345,3.1803,-157.641,7.01633
8346,3.18466,131.752,6.72957
8347,3.18735,-150.067,6.07643
8348,3.18837,-161.362,7.43429
8349,3.1886,106.408,8.13582
8350,3.19528,-126.691,6.87076
8351,3.19639,-117.199,8.94006
8352,3.19831,-159.03,8.13755
8353,3.21293,118.148,6.33321
8354,3.21576,-84.495,6.87168
8355,3.21633,-134.539,6.36306
8356,3.21824,123.054,6.69812
8357,3.21833,58.2602,7.90981
8358,3.21939,126.846,6.92291
8359,3.21948,-173.455,8.45638
8360,3.22049,-143.165,9.0766
8361,3.22116,-173.121,7.07987
8362,3.22247,-137.271,7.78903
8363,3.22747,79.784,9.19955
8364,3.24071,140.972,6.75077
8365,3.24674,119.885,9.72794
8366,3.25074,142.419,7.09641
8367,3.2576,167.047,6.58432
8368,3.25844,-136.15,9.69948
8369,3.27008,163.472,9.76741
8370,3.27303,164.57,7.43412
8371,3.27593,172.035,8.84224
8372,3.28225,175.401,6.60254
8373,3.28376,-116.881,6.09062
8374,3.28675,178.233,8.67771
8375,3.28747,46.6665,7.15639
8376,3.28924,104.478,7.86214
8377,3.29156,-119.965,8.62278
8378,3.29539,115.26,6.70794
8379,3.29558,-100.234,8.83525
8380,3.30088,57.0491,9.7392
8381,3.30321,151.412,8.08965
8382,3.3051,14.8963,9.6009
8383,3.30612,-169.927,6.39026
8384,3.3093,-115.146,7.48614
8385,3.31391,126.386,7.22311
8386,3.3143,-113.723,6.95832
8387,3.3161,-150.477,8.06267
8388,3.32075,76.927,9.33003
8389,3.32361,157.588,7.42283
8390,3.32438,163.977,6.90714
8391,3.33692,83.8207,7.97348
8392,3.3397,161.078,7.14041
8393,3.3436,105.931,8.13586
8394,3.34421,-157.627,7.37335
8395,3.3455,75.5931,9.26691
8396,3.34966,172.801,7.59352
8397,3.35377,-118.454,6.66734
8398,3.36129,163.746,6.7646
8399,3.3657,179.308,6.01655
8400,3.37149,-166.224,8.55437
8401,3.37283,72.3573,6.37863
8402,3.374,-163.185,7.18972
8403,3.38202,-131.199,6.25095
8404,3.3838,-160.914,8.34852
8405,3.3844,177.065,6.90749
8406,3.38447,-114.74,6.6492
8407,3.38694,-72.278,6.17865
8408,3.39111,76.1894,9.13903
8409,3.39253,57.2256,6.82652
8410,3.39342,126.465,8.80024
8411,3.39479,71.5467,7.56508
8412,3.39662,115.501,9.40997
8413,3.40842,72.089,6.61275
8414,3.40874,129.31,6.05279
8415,3.41622,140.926,6.43799
8416,3.41713,-117.057,7.60436
8417,3.4235,20.8173,6.76041
8418,3.42556,123.469,7.54433
8419,3.42704,-120.305,6.85778
8420,3.42953,-109.717,9.6489
8421,3.43167,113.154,6.62284
8422,3.43191,177.256,6.91723
8423,3.4365,97.6794,6.59659
8424,3.44746,-144.109,6.54842
8425,3.45275,153.551,8.08431
8426,3.45345,14.6035,7.34131
8427,3.45566,172.136,6.97046
8428,3.45645,-38.01,6.14714
8429,3.45694,-120.062,8.08522
8430,3.46189,71.9067,7.51945
8431,3.46659,66.2989,6.22834
8432,3.46945,152.241,7.68138
8433,3.47057,123.066,9.13793
8434,3.49249,-51.517,7.07339
8435,3.50152,-88.064,6.17215
8436,3.50196,127.819,8.49039
8437,3.50343,150.009,7.92963
8438,3.50742,-85.892,7.2377
8439,3.51781,-107.289,6.32566
8440,3.52235,100.228,8.74832
8441,3.52295,169.439,7.98882
8442,3.53171,60.681,8.92461
8443,3.54243,165.39,7.23101
8444,3.54984,-176.701,7.21476
8445,3.56149,137.802,8.13632
8446,3.56502,153.845,9.34246
8447,3.5664,-160.377,6.94331
8448,3.57111,-97.517,8.38681
8449,3.57314,163.627,8.55183
8450,3.57658,-171.508,8.23093
8451,3.58441,-97.795,8.99241
8452,3.58843,129.707,9.30525
8453,3.61963,59.7802,9.33812
8454,3.6202,-158.215,7.09765
8455,3.62085,-138.651,7.0703
8456,3.62266,-105.138,7.01207
8457,3.62467,-102.591,7.78889
8458,3.63131,-168.457,8.80361
8459,3.63134,-134.811,6.65959
8460,3.63519,167.19,8.23871
8461,3.64054,83.0356,7.75546
8462,3.64496,117.769,6.19337
8463,3.64544,18.7496,6.58509
8464,3.65623,20.6514,9.58604
8465,3.65727,88.956,6.58383
8466,3.65765,125.942,9.54584
8467,3.65769,157.269,7.44874
8468,3.66581,99.3402,9.61254
8469,3.67027,-108.277,6.87458
8470,3.67047,127.951,8.18986
8471,3.6716,154.703,9.79869
8472,3.68555,97.3146,7.98987
8473,3.6866,76.3543,9.98752
8474,3.68685,-178.381,6.93764
8475,3.69333,92.8055,6.28275
8476,3.69432,-149.592,6.78302
8477,3.69755,58.8622,9.15113
8478,3.70766,117.412,8.22197
8479,3.72056,101.514,9.78641
8480,3.72612,-149.24,8.47987
8481,3.7277,-156.267,9.90912
8482,3.73725,-160.846,6.06149
8483,3.73802,-155.654,6.86396
8484,3.73929,165.974,8.77057
8485,3.74503,169.458,9.57692
8486,3.74619,142.936,8.84931
8487,3.75179,-159.199,9.85257
8488,3.75194,-122.546,6.98169
8489,3.75277,-71.973,6.3258
8490,3.75886,84.264,6.96313
8491,3.75907,-114.791,7.82721
8492,3.76601,103.943,7.94745
8493,3.77636,124.612,9.74934
8494,3.77707,-154.792,6.29859
8495,3.7798,58.3599,6.94251
8496,3.78243,-105.25,6.72387
8497,3.78756,58.7769,8.12124
8498,3.7932,-144.981,6.24721
8499,3.79778,-176.818,8.46087
8500,3.79898,157.878,9.89121
8501,3.80559,-156.473,7.42501
8502,3.80721,-114.504,6.25652
8503,3.80932,117.571,6.85375
8504,3.81424,106.84,6.63151
8505,3.81526,78.558,9.76021
8506,3.81766,76.3312,7.38245
8507,3.82967,-101.503,9.73666
8508,3.83832,118.436,7.45623
8509,3.84414,125.783,6.8122
8510,3.84858,101.314,8.75654
8511,3.84987,114.901,6.01466
8512,3.85132,127.406,7.08852
8513,3.855,155.464,6.21596
8514,3.85588,-97.116,6.98311
8515,3.85737,-163.276,7.18656
8516,3.86291,100.274,7.71672
8517,3.86406,-160.876,6.40462
8518,3.86428,156.621,6.7542
8519,3.87137,147.355,6.1866
8520,3.87356,60.7883,7.05761
8521,3.87707,-74.973,7.61307
8522,3.88265,126.998,7.21674
8523,3.88448,70.9313,8.76924
8524,3.89039,173.545,6.02819
8525,3.90731,172.676,7.33597
8526,3.91447,42.1495,6.12193
8527,3.91883,-165.892,8.68685
8528,3.92111,34.9252,6.50525
8529,3.92569,100.437,6.66007
8530,3.92758,176.581,9.22392
8531,3.92901,-170.987,7.06495
8532,3.92994,-162.413,9.89392
8533,3.93035,-178.574,6.8987
8534,3.93263,-149.562,7.0985
8535,3.93489,164.992,9.78216
8536,3.93594,-169.348,7.0025
8537,3.94467,96.3076,8.69931
8538,3.9461,179.98,7.37435
8539,3.94613,149.006,7.52473
8540,3.94656,-132.887,7.9497
8541,3.94724,94.1925,9.75107
8542,3.95726,-111.883,7.39585
8543,3.95928,164.691,6.53355
8544,3.95992,-132.602,9.90816
8545,3.96264,-108.502,6.35894
8546,3.96415,-169.889,7.25604
8547,3.98394,-66.457,6.25609
8548,3.98681,-110.66,7.01064
8549,3.98691,154.665,7.25238
8550,3.98817,126.386,6.51658
8551,3.9934,-101.081,7.33355
8552,3.99392,157.941,7.00733
8553,4.00201,136.827,9.33358
8554,4.00957,162.211,6.81808
8555,4.01053,-90.849,8.30134
8556,4.0136,116.988,8.64196
8557,4.01572,74.629,6.91042
8558,4.01579,125.9,8.49709
8559,4.01934,138.291,7.44453
8560,4.02171,117.68,7.55629
8561,4.03119,-108.812,8.71293
8562,4.03307,178.407,9.29682
8563,4.04367,-127.028,8.02378
8564,4.05069,127.083,7.41384
8565,4.05436,58.4029,7.87222
8566,4.05595,-151.427,8.01126
8567,4.05865,-97.591,7.432
8568,4.05951,-178.344,8.18671
8569,4.06063,-152.634,7.57354
8570,4.06071,-92.763,6.43079
8571,4.06779,-145.699,9.83497
8572,4.06802,-155.257,9.56003
8573,4.07008,104.231,8.0789
8574,4.07687,159.041,6.69029
8575,4.07734,-163.515,8.17652
8576,4.09951,-74.91,8.24728
8577,4.10384,-123.114,7.33733
8578,4.10691,101.477,9.28523
8579,4.10705,84.6544,7.4055
8580,4.11232,-177.53,6.82505
8581,4.11243,-84.576,6.39886
8582,4.11843,101.046,8.97993
8583,4.11939,165.314,8.78537
8584,4.12368,-143.282,8.25962
8585,4.12371,-164.657,7.32103
8586,4.12716,174.188,6.94064
8587,4.12772,144.917,6.92041
8588,4.12813,106.84,9.29486
8589,4.14059,-90.721,7.65764
8590,4.14221,-165.562,8.2039
8591,4.14491,-159.079,6.26113
8592,4.14693,128.965,9.06728
8593,4.15314,-174.475,7.63824
8594,4.17255,123.953,7.82877
8595,4.17678,-172.868,6.63368
8596,4.18411,114.671,6.04831
8597,4.18674,89.217,6.81003
8598,4.19777,165.719,8.93274
8599,4.1981,-179.042,7.25758
8600,4.2021,-157.312,8.15867
8601,4.20905,113.805,7.27235
8602,4.20919,152.633,6.54056
8603,4.21168,-97.786,8.65821
8604,4.21715,73.5787,9.4348
8605,4.22446,-163.151,8.65998
8606,4.22821,83.0583,9.98066
8607,4.23136,114.284,6.16699
8608,4.23174,-72.959,6.66615
8609,4.23451,-112.753,6.06771
8610,4.24359,-178.169,6.40096
8611,4.24641,68.1942,6.56407
8612,4.24691,-169.375,7.92274
8613,4.24754,-106.331,9.1108
8614,4.25276,-179.837,6.16779
8615,4.27296,-152.193,8.0961
8616,4.2736,-89.254,7.25603
8617,4.27761,80.4446,6.29436
8618,4.27844,100.908,7.99139
8619,4.28043,-147.799,6.59027
8620,4.28168,131.148,8.46166
8621,4.28788,88.8023,6.58405
8622,4.29321,147.542,6.14126
8623,4.29605,-166.977,6.93982
8624,4.3001,113.937,7.01287
8625,4.30043,-169.974,9.7056
8626,4.30084,164.108,7.26176
8627,4.30873,-179.281,8.82358
8628,4.31063,-100.313,9.71417
8629,4.31767,89.4846,7.06864
8630,4.33564,-157.936,7.46798
8631,4.3393,163.23,7.15782
8632,4.34691,-101.209,6.9802
8633,4.34815,-47.71,8.37784
8634,4.3535,60.9941,6.65979
8635,4.35437,-134.017,6.70579
8636,4.35631,178.484,6.67996
8637,4.36084,-30.744,9.42182
8638,4.36457,163.738,8.62911
8639,4.36571,-127.538,9.24897
8640,4.36843,-90.829,8.57769
8641,4.38331,-172.246,8.24798
8642,4.38435,-179.109,7.07324
8643,4.38448,174.595,8.47285
8644,4.39244,117.968,6.51865
8645,4.39653,179.08,6.98996
8646,4.40831,154.645,6.63347
8647,4.41372,69.6432,7.47724
8648,4.41736,57.7333,6.67316
8649,4.42254,90.4333,6.4624
8650,4.42584,-152.332,6.05435
8651,4.42718,97.2494,6.48455
8652,4.43014,114.402,7.63056
8653,4.43066,-172.46,9.32625
8654,4.43859,-176.944,8.77022
8655,4.44435,155.397,6.54137
8656,4.4485,84.3692,6.87254
8657,4.45527,128.776,8.29088
8658,4.46132,-156.19,9.48941
8659,4.46341,-169.613,7.96325
8660,4.46479,113.902,6.40079
8661,4.47129,109.563,6.90739
8662,4.47691,-164.036,6.38291
8663,4.47952,-1.107,6.05867
8664,4.48095,85.9809,6.04427
8665,4.48488,116.533,8.06695
8666,4.48589,90.203,6.31552
8667,4.49669,175.612,6.55433
8668,4.49808,149.585,7.66233
8669,4.50818,-152.431,6.29636
8670,4.51617,78.3274,7.45137
8671,4.51906,-158.577,8.27264
8672,4.52798,-164.909,7.67288
8673,4.5288,-158.059,9.50406
8674,4.52981,178.082,7.61005
8675,4.53743,130.802,8.61315
8676,4.53854,70.7964,6.11694
8677,4.55369,114.135,8.37596
8678,4.55489,-94.168,7.48157
8679,4.56442,177.798,6.99021
8680,4.56451,164.843,9.89231
8681,4.56733,154.167,8.81957
8682,4.57508,130.008,6.5561
8683,4.57697,113.707,6.36653
8684,4.57924,176.602,9.27758
8685,4.58101,60.2823,7.37877
8686,4.58816,178.747,6.48201
8687,4.58989,-122.921,8.82556
8688,4.59113,-132.791,7.21705
8689,4.59852,-149.77,7.57679
8690,4.60466,-131.577,6.83922
8691,4.6071,-179.101,7.31643
8692,4.61127,58.4693,7.40351
8693,4.61221,164.451,6.73542
8694,4.61539,124.013,9.09142
8695,4.61604,116.251,7.69278
8696,4.61713,128.74,6.21254
8697,4.61753,-112.864,6.19179
8698,4.61865,90.7522,6.64678
8699,4.63394,-43.563,7.15312
8700,4.63565,17.494,8.16867
8701,4.64029,126.703,6.71342
8702,4.64095,-145.721,6.83047
8703,4.64224,87.2273,6.41623
8704,4.64241,104.246,9.43591
8705,4.65515,-177.727,8.01519
8706,4.66028,-46.577,6.41155
8707,4.66029,-157.219,8.66473
8708,4.66088,-178.093,8.75518
8709,4.66633,117.894,9.50794
8710,4.66809,98.4342,6.56794
8711,4.66873,161.446,7.83068
8712,4.67456,156.905,6.85469
8713,4.67479,-172.208,7.57752
8714,4.67721,175.321,9.04966
8715,4.67772,-146.038,6.30755
8716,4.68184,149.383,6.60837
8717,4.69375,-128.104,6.0158
8718,4.69811,158.332,7.02702
8719,4.70823,153.682,9.13688
8720,4.71044,-172.551,9.76438
8721,4.72454,61.7735,9.88299
8722,4.72456,-143.22,9.63248
8723,4.73493,154.42,6.26712
8724,4.73937,70.796,6.5325
8725,4.74186,-73.473,6.46937
8726,4.74865,143.671,6.78134
8727,4.75015,101.217,6.65085
8728,4.75298,123.8,7.23282
8729,4.75491,-69.267,6.87015
8730,4.7571,158.496,7.12052
8731,4.76065,104.493,8.38714
8732,4.76166,152.073,6.73059
8733,4.77251,-176.588,6.63571
8734,4.77461,154.77,6.4827
8735,4.7763,173.493,6.83368
8736,4.78365,-38.795,7.32976
8737,4.78583,77.0216,9.42572
8738,4.78975,-170.03,7.04559
8739,4.79038,137.51,6.49877
8740,4.79922,60.3807,9.41805
8741,4.80531,95.5718,7.53947
8742,4.81086,98.344,9.93135
8743,4.81447,172.969,7.90336
8744,4.818,67.3697,9.52035
8745,4.82145,-7.729,9.35704
8746,4.82336,156.761,7.81946
8747,4.82693,-178.987,8.3653
8748,4.82921,138.526,8.92648
8749,4.82986,66.0464,6.67346
8750,4.83457,-167.921,6.63733
8751,4.83823,-130.167,6.01082
8752,4.84193,-171.278,6.90762
8753,4.84726,178.08,8.33336
8754,4.84727,168.881,6.37113
8755,4.84791,-96.503,7.49182
8756,4.85002,58.3579,6.19732
8757,4.85248,175.509,7.4966
8758,4.85282,-153.438,6.05977
8759,4.85521,-178.832,9.88577
8760,4.85544,104.358,7.44636
8761,4.85885,-132.575,6.4169
8762,4.85995,176.345,6.3602
8763,4.8601,-156.609,7.3823
8764,4.8628,115.763,7.72629
8765,4.87966,-166.357,9.31657
8766,4.87987,59.8703,8.03822
8767,4.88233,-131.553,7.23681
8768,4.8833,72.6169,6.66997
8769,4.88331,158.406,8.14557
8770,4.89117,-40.705,7.04014
8771,4.89163,15.061,7.95765
8772,4.89836,99.2813,6.60092
8773,4.9013,62.5968,9.73342
8774,4.90602,62.3514,6.67406
8775,4.9074,-172.745,6.94383
8776,4.91181,106.278,8.91069
8777,4.91399,176.616,9.14555
8778,4.9194,78.5818,7.49789
8779,4.92542,90.2334,6.28558
8780,4.92697,-108.098,7.41676
8781,4.93415,-158.033,7.22773
8782,4.94651,-78.044,7.24725
8783,4.95134,62.9209,7.64764
8784,4.95327,164.092,9.62994
8785,4.97287,166.469,7.90484
8786,4.9791,57.8412,6.19323
8787,4.9792,173.084,6.38263
8788,4.98185,60.7212,9.31966
8789,4.98193,147.104,7.9713
8790,4.98719,-92.52,6.48425
8791,4.98801,-95.089,6.96616
8792,4.99284,-164.362,6.68262
8793,4.99331,57.63,6.98857
8794,4.99657,53.2397,6.67043
8795,4.99947,104.791,7.14242
8796,5.00855,171.25,6.14261
8797,5.01119,77.362,6.65991
8798,5.01497,148.859,7.86877
8799,5.01624,118.153,8.31094
8800,5.01749,-171.149,7.74616
8801,5.03095,91.8838,7.67319
8802,5.03326,-122.378,9.07909
8803,5.03481,-151.49,7.04472
8804,5.03624,93.8067,8.59547
8805,5.03847,158.313,6.86723
8806,5.04037,-102.01,6.79062
8807,5.04069,154.964,7.35749
8808,5.04674,132.075,6.27863
8809,5.04703,-83.641,8.15298
8810,5.05276,73.8456,9.57484
8811,5.05378,142.122,6.18955
8812,5.05647,74.7648,7.09167
8813,5.07189,-170.529,6.80368
8814,5.08363,-176.984,6.0182
8815,5.08756,146.79,7.33046
8816,5.09273,125.087,6.80603
8817,5.09589,167.631,9.49553
8818,5.10248,126.023,7.14524
8819,5.10438,109.233,7.00502
8820,5.10994,-115.57,6.63671
8821,5.11047,-176.753,7.31302
8822,5.1162,62.2422,9.72374
8823,5.12722,88.4969,6.06268
8824,5.12874,147.604,8.43625
8825,5.13064,-51.512,9.65481
8826,5.14696,156.855,9.99823
8827,5.14962,-108.178,7.46028
8828,5.15095,-163.134,8.2801
8829,5.15257,-149.786,6.62575
8830,5.16109,169.287,6.38277
8831,5.18208,97.6609,6.82397
8832,5.18208,150.523,7.02544
8833,5.18457,168.811,6.43369
8834,5.18479,-95.424,6.86548
8835,5.20304,-113.309,7.98326
8836,5.20755,-122.446,7.52537
8837,5.21495,44.7769,7.09512
8838,5.21576,126.561,6.09792
8839,5.21581,103.934,9.07695
8840,5.21729,83.1974,7.08287
8841,5.21948,-172.283,6.93462
8842,5.22371,72.8506,6.54096
8843,5.22495,-171.575,8.36022
8844,5.23005,-151.661,8.65001
8845,5.2311,-147.078,9.34666
8846,5.23236,167.765,8.87857
8847,5.23626,-76.078,7.50164
8848,5.24088,90.4268,6.33985
8849,5.24164,114.907,6.58969
8850,5.24703,-164.096,7.5618
8851,5.25277,-126.451,8.59423
8852,5.25377,-142.839,6.72492
8853,5.2553,-29.508,6.22168
8854,5.25785,-157.849,6.96878
8855,5.2618,-161.149,6.34529
8856,5.27001,-164.629,9.80313
8857,5.27212,142.036,8.41414
8858,5.27303,-71.193,7.00591
8859,5.27657,-155.367,8.91429
8860,5.28123,-92.502,6.56246
8861,5.28841,139.851,8.90429
8862,5.30178,67.0981,7.21049
8863,5.30327,163.343,7.76099
8864,5.30744,-73.864,9.82212
8865,5.31114,-92.126,9.0975
8866,5.31173,-86.631,6.64208
8867,5.31744,52.7244,6.85549
8868,5.32026,150.761,6.50825
8869,5.32065,124.961,9.17188
8870,5.32175,-126.746,7.46001
8871,5.32873,105.908,8.00388
8872,5.33263,-168.727,7.0261
8873,5.33305,175.273,8.94364
8874,5.33523,56.906,7.92293
8875,5.33682,108.542,7.63479
8876,5.34584,-128.218,7.71898
8877,5.3469,178.619,7.67435
8878,5.35461,168.452,8.90895
8879,5.35966,82.112,9.75394
8880,5.36266,-104.626,9.51655
8881,5.36816,-95.334,7.26153
8882,5.38909,62.0856,7.11997
8883,5.39016,63.6354,6.27459
8884,5.39384,73.9364,6.53119
8885,5.39579,-32.367,6.95229
8886,5.39587,-163.906,7.28703
8887,5.39674,153.657,8.42236
8888,5.3973,-131.15,9.01993
8889,5.39793,-127.956,7.05982
8890,5.40233,-91.213,8.19512
8891,5.40506,-164.381,7.84971
8892,5.40975,105.732,8.56707
8893,5.41012,-113.202,6.87301
8894,5.41016,114.535,9.6034
8895,5.41129,129.383,6.23086
8896,5.41299,-169.251,9.90505
8897,5.42098,-168.448,9.24801
8898,5.42788,146.507,6.18443
8899,5.43567,-174.412,9.29027
8900,5.43678,-172.967,6.48977
8901,5.44872,158.282,6.15938
8902,5.45197,-154.563,9.91106
8903,5.45201,-174.924,7.86943
8904,5.45334,-153.55,6.78242
8905,5.45504,-154.924,7.15642
8906,5.4596,55.5007,7.32122
8907,5.46,-108.572,9.13892
8908,5.46122,67.0522,9.75917
8909,5.46328,-171.412,8.99156
8910,5.47261,157.371,8.52185
8911,5.47545,124.482,6.10456
8912,5.47927,-172.844,8.40777
8913,5.48335,-69.707,6.12785
8914,5.48671,-172.317,7.52352
8915,5.49041,115.239,9.2776
8916,5.49286,-179.784,7.86137
8917,5.49664,132.782,6.06594
8918,5.5095,-124.902,6.35781
8919,5.52023,-95.754,6.16393
8920,5.52245,146.585,7.44435
8921,5.52863,76.6792,6.47811
8922,5.53036,62.29,6.20407
8923,5.53039,-141.957,9.31709
8924,5.53142,-112.712,6.2158
8925,5.53198,-135.833,6.66461
8926,5.53498,18.0038,6.18873
8927,5.53605,50.1311,9.31469
8928,5.53676,-124.409,6.22058
8929,5.53902,125.936,6.90009
8930,5.54026,-178.635,9.0541
8931,5.54607,-178.37,6.32497
8932,5.54651,172.791,6.0033
8933,5.54695,128.442,7.31834
8934,5.54795,-167.837,9.46567
8935,5.55183,82.8103,7.40914
8936,5.55601,167.366,8.14883
8937,5.5573,140.205,9.36233
8938,5.56019,165.298,8.72242
8939,5.56022,-94.225,7.55966
8940,5.56301,56.4718,7.01982
8941,5.56628,105.796,7.74494
8942,5.57373,108.946,8.85771
8943,5.57384,128.794,9.82477
8944,5.58397,-128.639,9.29363
8945,5.58452,-173.53,8.20375
8946,5.59032,124.28,6.96684
8947,5.59388,146.681,6.74552
8948,5.59456,-123.757,8.29822
8949,5.61006,101.662,6.10301
8950,5.61023,-116.182,9.78357
8951,5.62256,-166.796,8.55243
8952,5.62391,-110.934,7.52014
8953,5.62592,-97.922,6.25411
8954,5.62951,158.497,8.46731
8955,5.63097,-113.384,8.19746
8956,5.63276,84.1019,7.11218
8957,5.63359,-131.177,6.07366
8958,5.63504,67.2525,6.41642
8959,5.63612,89.4784,7.0829
8960,5.64546,-141.017,6.59817
8961,5.64879,-151.487,8.33625
8962,5.64996,-177.569,6.59522
8963,5.65257,-72.208,6.76208
8964,5.65347,-47.388,7.57781
8965,5.66583,124.127,7.65987
8966,5.66866,-153.49,6.51694
8967,5.67722,-75.213,8.56019
8968,5.68554,-84.246,8.17271
8969,5.68642,179.693,7.97441
8970,5.6885,88.3219,6.34754
8971,5.69079,116.565,9.80169
8972,5.69163,-126.598,6.46953
8973,5.69579,113.341,7.78831
8974,5.69688,110.459,9.41627
8975,5.69716,114.05,8.07237
8976,5.70005,-171.053,8.69323
8977,5.70016,82.9026,8.75703
8978,5.70084,-179.716,6.41373
8979,5.70335,-124.751,8.28044
8980,5.72163,163.565,6.62303
8981,5.7267,147.583,6.09738
8982,5.72918,92.5859,6.78306
8983,5.7355,165.934,8.47813
8984,5.74351,114.967,6.84489
8985,5.74372,-157.116,7.2047
8986,5.7504,-169.731,8.74744
8987,5.75236,-90.199,6.72645
8988,5.75487,-127.65,6.21087
8989,5.75717,-89.612,6.31099
8990,5.76111,146.463,6.72441
8991,5.76544,129.57,9.34782
8992,5.76713,-94.337,6.69105
8993,5.76832,178.458,8.11312
8994,5.77093,-151.254,7.42613
8995,5.77476,112.383,6.69709
8996,5.7833,-142.353,6.04296
8997,5.78355,-136.305,6.75269
8998,5.78639,-172.446,7.35459
8999,5.78682,139.647,7.43655
9000,5.79058,147.92,6.1349
9001,5.79661,165.437,6.99836
9002,5.80556,-92.35,7.2878
9003,5.80574,124.624,9.81262
9004,5.80849,67.2131,6.69349
9005,5.81139,-179.285,9.50546
9006,5.81258,-158.266,6.03305
9007,5.81306,-139.55,7.69542
9008,5.81333,130.324,6.02515
9009,5.81505,-114.708,7.88252
9010,5.81716,-179.877,6.43182
9011,5.82082,166.227,7.66859
9012,5.82219,-127.385,9.03826
9013,5.82307,-69.309,8.23637
9014,5.825,-92.801,9.3879
9015,5.8277,175.569,8.00683
9016,5.82825,82.4451,6.97229
9017,5.8362,-108.705,7.90946
9018,5.8385,156.415,6.08582
9019,5.84828,-124.821,7.19391
9020,5.86273,-174.332,7.8529
9021,5.86946,-171.808,6.22581
9022,5.86949,-31.165,6.16446
9023,5.87032,-112.112,7.77637
9024,5.87427,-166.665,9.05278
9025,5.87456,-90.536,6.09558
9026,5.88286,-131.18,6.10163
9027,5.88424,84.8622,6.36794
9028,5.88494,102.016,6.23856
9029,5.89241,153.988,7.52156
9030,5.90399,78.3667,6.45494
9031,5.90647,-92.153,8.15847
9032,5.90875,114.245,8.91846
9033,5.90877,-101.017,6.30072
9034,5.90878,-150.031,9.15692
9035,5.91895,-128.4,8.28241
9036,5.92169,99.7249,8.62591
9037,5.92536,-26.731,6.31803
9038,5.9274,105.376,6.6186
9039,5.92759,146.314,7.23927
9040,5.93802,-152.597,9.3091
9041,5.94133,-144.343,6.93193
9042,5.95136,114.002,8.96373
9043,5.95647,-168.083,6.84441
9044,5.95707,98.9491,6.38704
9045,5.96205,114.738,7.66745
9046,5.96771,88.1173,6.08443
9047,5.97077,87.8594,6.0363
9048,5.9759,-20.185,8.96035
9049,5.97756,124.564,8.3595
9050,5.98063,8.45232,8.1648
9051,5.98167,163.584,8.58219
9052,5.98198,71.9431,6.94329
9053,5.98423,-92.481,6.08651
9054,5.98493,97.4969,6.5926
9055,5.99047,-73.131,6.56311
9056,5.99791,-159.928,6.27946
9057,6.00672,153.527,8.15419
9058,6.00741,99.4121,6.37481
9059,6.01141,83.1302,9.2748
9060,6.01538,-157.832,6.15035
9061,6.02135,-108.711,6.26528
9062,6.02591,-116.392,7.83882
9063,6.03326,158.238,6.8025
9064,6.03718,-157.183,8.06342
9065,6.04116,157.288,9.38274
9066,6.04284,-149.57,9.44563
9067,6.04364,-123.701,8.19812
9068,6.04377,155.431,6.40635
9069,6.04659,-112.693,8.32169
9070,6.05344,-127.487,8.71179
9071,6.05954,156.184,8.59148
9072,6.06044,-111.002,6.60724
9073,6.06517,-140.947,6.99625
9074,6.06539,157.736,7.58931
9075,6.06737,159.007,6.66811
9076,6.06832,-151.278,6.44294
9077,6.06943,156.927,9.08403
9078,6.07116,-179.155,7.2655
9079,6.07656,-175.256,6.32145
9080,6.07663,-87.46,6.75327
9081,6.07822,93.9069,6.31247
9082,6.08023,-172.921,6.22333
9083,6.08135,91.742,6.81237
9084,6.08154,159.16,7.56153
9085,6.09133,-111.262,8.01008
9086,6.10477,85.9559,8.6516
9087,6.10739,-153.821,9.64196
9088,6.1077,126.741,6.95788
9089,6.12458,-120.605,6.165
9090,6.13061,148.694,6.93543
9091,6.1313,-131.153,8.93208
9092,6.13156,94.5542,8.52727
9093,6.13541,-120.032,8.30943
9094,6.13771,135.194,6.17341
9095,6.14385,82.367,7.38264
9096,6.14508,-175.179,6.81422
9097,6.15025,-99.316,8.44976
9098,6.15949,-124.075,6.74733
9099,6.16105,-143.497,8.57212
9100,6.16455,166.83,8.92501
9101,6.17133,-171.852,8.23407
9102,6.17391,-114.523,9.02171
9103,6.18016,-173.125,8.30064
9104,6.18824,-153.631,8.86015
9105,6.19323,-177.104,6.53018
9106,6.19557,17.9876,9.69099
9107,6.20006,-111.429,7.27436
9108,6.20391,-141.936,6.62082
9109,6.21891,59.1481,6.56868
9110,6.22453,-81.359,6.80808
9111,6.23477,-172.812,8.13816
9112,6.24149,-108.697,6.1004
9113,6.24485,88.6518,7.91107
9114,6.24735,17.7776,9.19284
9115,6.2504,-179.683,8.76697
9116,6.25204,-1.877,6.59864
9117,6.2564,-146.218,9.46493
9118,6.26302,-161.492,6.78402
9119,6.26413,-143.587,7.5874
9120,6.26749,150.276,9.8961
9121,6.26946,-119.818,6.89227
9122,6.26986,158.94,6.53437
9123,6.27261,55.477,6.14988
9124,6.27815,110.486,7.01914
9125,6.28617,54.7051,8.5754
9126,6.28746,-108.244,6.00683
9127,6.29515,-118.233,9.91873
9128,6.29894,-176.37,8.15614
9129,6.29938,-114.678,8.00231
9130,6.30155,-124.126,7.57563
9131,6.30235,-130.992,6.49652
9132,6.31406,151.902,8.77552
9133,6.31868,5.66301,7.24352
9134,6.31905,-123.877,7.23026
9135,6.31908,167.252,8.02108
9136,6.3276,-141.748,6.50483
9137,6.33126,-171.076,8.32165
9138,6.33499,179.198,6.91546
9139,6.33612,-156.027,8.56367
9140,6.3394,60.4422,6.60577
9141,6.33951,-154.091,9.62705
9142,6.3435,-172.054,8.04444
9143,6.34739,-142.85,6.56851
9144,6.35259,-93.67,9.12025
9145,6.35487,112.943,7.29301
9146,6.36232,-123.624,6.32325
9147,6.3642,-77.679,8.4978
9148,6.37081,88.4882,6.8701
9149,6.37589,78.0311,8.2576
9150,6.37938,-153.819,7.72387
9151,6.38837,126.209,9.19655
9152,6.38998,157.395,7.76006
9153,6.39039,-141.907,6.63487
9154,6.39254,80.5794,6.6225
9155,6.40426,-179.424,6.62306
9156,6.40846,55.92,6.64857
9157,6.41173,-113.63,6.11896
9158,6.41641,88.7697,7.80652
9159,6.41698,-170.908,7.33988
9160,6.41766,132.849,9.26727
9161,6.41951,-157.574,9.93384
9162,6.42366,-109.188,8.06849
9163,6.42835,64.9904,9.22253
9164,6.43234,131.842,8.53924
9165,6.43559,-113.421,7.32343
9166,6.43654,-150.159,7.35185
9167,6.44802,-94.009,7.96656
9168,6.4524,-119.949,6.12767
9169,6.46154,83.1343,7.66811
9170,6.46278,105.953,6.03999
9171,6.46559,150.495,8.51697
9172,6.47207,175.36,7.0992
9173,6.47228,72.7612,6.48742
9174,6.47236,151.175,8.33139
9175,6.47664,131.06,7.77258
9176,6.47842,168.594,6.88824
9177,6.47887,-162.278,8.17422
9178,6.48077,-76.685,6.65654
9179,6.48387,110.998,7.35564
9180,6.48922,-152.203,8.38306
9181,6.49058,73.0305,8.60811
9182,6.49307,69.7392,9.16345
9183,6.49414,-151.934,7.8136
9184,6.49837,155.767,7.05037
9185,6.49927,-140.762,7.93211
9186,6.49966,-154.626,7.31848
9187,6.5016,-176.254,9.01861
9188,6.50187,123.887,7.22841
9189,6.50687,55.7233,6.83228
9190,6.51327,-127.882,9.51345
9191,6.51403,154.473,8.83285
9192,6.51506,-155.874,6.44218
9193,6.51966,153.117,7.75363
9194,6.52432,-160.788,6.71305
9195,6.5248,61.7456,9.54993
9196,6.52696,-164.83,8.01942
9197,6.52843,73.5713,6.98644
9198,6.53207,-115.302,6.00816
9199,6.54086,-164.69,9.9532
9200,6.54088,126.465,6.02832
9201,6.54302,160.635,7.62388
9202,6.55625,160.129,7.51542
9203,6.55858,84.6347,9.90451
9204,6.56301,67.9109,8.66487
9205,6.56338,-104.224,7.42854
9206,6.5685,132.482,8.5002
9207,6.57059,155.104,8.80391
9208,6.57143,-175.983,6.60957
9209,6.57476,-159.003,6.66725
9210,6.5803,-171.191,7.77754
9211,6.58051,-153.7,8.92077
9212,6.58734,-154.077,8.04804
9213,6.59834,-67.196,7.20712
9214,6.60014,143.274,8.21021
9215,6.60442,77.8723,8.1346
9216,6.60633,153.942,7.00613
9217,6.60859,-168.251,6.62629
9218,6.61617,-171.696,8.6265
9219,6.62212,-160.137,6.76125
9220,6.63276,-111.608,9.16538
9221,6.63343,80.1011,7.18513
9222,6.63744,150.951,9.93782
9223,6.63872,134.574,6.90263
9224,6.64703,116.649,8.42742
9225,6.64736,166.323,6.17934
9226,6.65013,-163.02,9.04932
9227,6.65124,-179.056,6.26916
9228,6.65146,163.297,7.37933
9229,6.65183,54.7243,7.23495
9230,6.65474,-162.359,9.95269
9231,6.65975,71.5365,6.08334
9232,6.66165,-83.428,7.74809
9233,6.6666,-112.775,8.68482
9234,6.67461,61.3462,8.28938
9235,6.68031,130.997,6.52096
9236,6.68274,153.35,8.35596
9237,6.6856,-178.897,6.62872
9238,6.69022,-176.496,9.11097
9239,6.69042,153.614,9.45268
9240,6.69416,143.476,7.70344
9241,6.69915,-121.463,7.61105
9242,6.72115,-159.622,6.21967
9243,6.7236,-114.247,6.45624
9244,6.72362,171.416,7.95471
9245,6.73103,-108.673,6.70882
9246,6.73704,164.417,9.05058
9247,6.73885,158.059,6.13005
9248,6.74003,149.675,8.5935
9249,6.74324,-67.588,6.34
9250,6.74636,-112.946,9.30739
9251,6.74708,101.112,6.60625
9252,6.749,159.432,9.90276
9253,6.75134,-159.374,6.78136
9254,6.75735,124.13,6.57134
9255,6.76128,166.958,8.48593
9256,6.76342,99.5069,6.2942
9257,6.77742,138.229,7.61513
9258,6.78081,-89.115,8.97067
9259,6.78101,13.8108,6.01872
9260,6.78254,-135.714,8.70695
9261,6.78324,95.0993,9.53717
9262,6.78546,-109.583,7.04669
9263,6.7884,-179.424,6.0008
9264,6.79205,-167.408,6.24845
9265,6.79357,141.433,7.0394
9266,6.79906,68.8398,7.96556
9267,6.80286,154.633,6.40909
9268,6.80881,-124.33,7.22369
9269,6.8092,-177.982,8.22153
9270,6.81508,67.9954,8.01393
9271,6.81594,-124.02,6.86659
9272,6.81622,-156.097,7.10329
9273,6.82156,131.972,8.62704
9274,6.82317,-159.75,7.42879
9275,6.8287,162.776,7.39357
9276,6.83813,125.101,6.64633
9277,6.85351,56.9499,7.54227
9278,6.86167,160.421,9.29957
9279,6.86196,-171.191,7.99299
9280,6.86306,159.762,9.99855
9281,6.86944,127.557,7.19404
9282,6.87595,154.881,8.50818
9283,6.88541,-144.08,8.34974
9284,6.88856,-138.889,9.65021
9285,6.90491,-178.704,8.33934
9286,6.90793,-178.962,6.96971
9287,6.90931,158.743,6.23422
9288,6.9113,53.6383,6.82178
9289,6.91486,133.522,6.77742
9290,6.91667,165.332,9.70117
9291,6.92446,169.165,7.03346
9292,6.92447,-133.431,9.92741
9293,6.92493,13.2124,6.59891
9294,6.92628,-162.795,9.90701
9295,6.92743,61.9021,9.18498
9296,6.92773,166.847,7.06103
9297,6.92985,-141.669,6.87654
9298,6.93214,128.859,8.69419
9299,6.93221,-83.318,7.16942
9300,6.93344,-114.929,7.83702
9301,6.93421,145.703,7.34205
9302,6.93992,124.9,7.61862
9303,6.94273,-67.386,7.70635
9304,6.95278,150.667,8.869
9305,6.95948,-156.799,9.78432
9306,6.96094,170.921,9.74586
9307,6.97192,-172.038,7.51504
9308,6.97256,165.792,8.81123
9309,6.9745,168.247,8.47956
9310,6.98121,131.315,8.39127
9311,6.98857,-151.851,7.12674
9312,7.00426,-152.823,8.24741
9313,7.00643,167.338,6.05177
9314,7.00836,119.878,7.13567
9315,7.00897,149.915,9.20568
9316,7.01511,113.719,7.84739
9317,7.01651,110.362,8.07898
9318,7.02544,-174.864,7.19238
9319,7.03334,155.046,8.25637
9320,7.03559,-121.01,9.7742
9321,7.04325,68.9329,8.02392
9322,7.04428,-162.518,9.99516
9323,7.05256,-109.119,6.06344
9324,7.05363,-115.287,7.30783
9325,7.05714,-139.79,9.42209
9326,7.05737,-178.147,6.20381
9327,7.06094,159.418,6.79245
9328,7.06609,-143.524,8.20039
9329,7.07265,-83.338,9.81676
9330,7.07269,-177.483,6.02214
9331,7.07747,83.6275,6.32679
9332,7.07912,1.32604,6.76104
9333,7.08117,88.6926,6.92937
9334,7.09126,-171.043,9.00346
9335,7.09444,127.959,8.21812
9336,7.10634,123.064,6.66675
9337,7.11548,-146.921,8.21379
9338,7.11643,166.307,8.5414
9339,7.11666,157.583,9.3063
9340,7.11832,134.821,9.912
9341,7.11882,-174.241,6.34205
9342,7.12471,76.1183,8.73662
9343,7.12599,112.511,6.76005
9344,7.12604,167.956,6.16105
9345,7.13293,152.262,9.74591
9346,7.1332,156.62,6.84705
9347,7.13529,-113.935,6.21604
9348,7.13547,102.848,6.43477
9349,7.13612,-98.935,9.7279
9350,7.1423,160.213,6.08395
9351,7.14444,-117.463,9.96561
9352,7.14588,-155.388,6.77116
9353,7.14848,105.29,7.06669
9354,7.15579,120.437,7.19397
9355,7.15848,-175.676,7.60064
9356,7.16346,-129.816,6.63854
9357,7.16455,156.243,8.18231
9358,7.16737,-92.314,6.38053
9359,7.16862,-123.515,7.48562
9360,7.17777,81.462,6.23349
9361,7.18218,-169.9,7.08694
9362,7.18362,165.477,7.45644
9363,7.18918,165.377,9.4728
9364,7.19038,-175.259,7.79671
9365,7.19583,91.6002,8.31281
9366,7.20209,175.205,7.15294
9367,7.20732,-110.572,8.78836
9368,7.21271,-90.646,6.84151
9369,7.22349,120.842,7.08274
9370,7.22879,101.19,8.21868
9371,7.22962,73.4542,6.42289
9372,7.23669,-156.783,8.01392
9373,7.24128,168.136,8.98117
9374,7.24181,-119.091,7.52916
9375,7.24327,56.9199,6.48711
9376,7.24458,133.67,8.33075
9377,7.24579,166.28,9.84555
9378,7.25834,134.132,9.00928
9379,7.26471,133.846,8.75371
9380,7.27455,-89.111,8.8354
9381,7.28541,-120.318,9.87859
9382,7.28972,84.1059,9.83894
9383,7.2903,98.264,9.15988
9384,7.29756,129.707,9.25296
9385,7.30601,134.297,6.44011
9386,7.31019,132.245,9.12033
9387,7.31045,-141.855,6.20787
9388,7.31269,158.456,7.1315
9389,7.33866,112.124,6.2281
9390,7.33881,-179.973,9.21586
9391,7.33978,-143.123,9.96397
9392,7.34017,102.939,7.3174
9393,7.34235,153.509,8.2014
9394,7.34317,-88.494,7.95324
9395,7.34649,166.444,7.62098
9396,7.34887,155.137,6.92102
9397,7.35632,-178.572,8.80746
9398,7.36453,-140.583,6.60259
9399,7.36476,-163.379,8.31375
9400,7.37003,52.6513,7.34348
9401,7.37068,154.372,6.27421
9402,7.38141,-154.777,6.87773
9403,7.3833,-174.449,7.72502
9404,7.3874,97.9086,7.19996
9405,7.39126,126.877,7.70277
9406,7.4007,-155.388,9.24991
9407,7.40504,-124.128,7.66354
9408,7.40512,91.4609,7.02631
9409,7.40568,-174.194,8.67476
9410,7.4144,137.571,6.60417
9411,7.42067,-41.896,9.9261
9412,7.42098,-151.564,9.96104
9413,7.42533,-176.226,7.10292
9414,7.4297,161.298,6.21266
9415,7.43724,60.2207,7.52875
9416,7.44397,132.713,7.56044
9417,7.44533,-84.89,7.85627
9418,7.44673,130.878,6.8307
9419,7.44934,-170.223,9.56146
9420,7.44952,71.6885,6.06605
9421,7.44999,-74.848,8.42077
9422,7.45738,-126.177,7.07847
9423,7.46044,-124.039,7.83391
9424,7.46292,-83.135,8.80812
9425,7.46913,-101.87,9.45852
9426,7.47024,16.5515,9.05828
9427,7.47689,-178.803,7.25903
9428,7.47996,81.7539,6.04563
9429,7.48079,159.894,6.02199
9430,7.48343,-141.013,8.55522
9431,7.48594,-22.363,6.77022
9432,7.48702,94.869,6.71805
9433,7.4879,-115.557,9.09526
9434,7.48888,123.492,7.70415
9435,7.48904,133.758,9.70001
9436,7.49344,103.048,7.84532
9437,7.49474,96.8266,7.63612
9438,7.49845,-148.713,8.86575
9439,7.50007,-146.619,6.86428
9440,7.50485,108.966,8.60625
9441,7.50508,127.543,6.58353
9442,7.51059,73.6032,6.45095
9443,7.51417,-149.727,8.47106
9444,7.51604,162.837,8.74448
9445,7.52199,122.677,7.26721
9446,7.52209,70.6622,7.09374
9447,7.52261,-89.208,7.27999
9448,7.52333,-85.133,7.57804
9449,7.53718,-169.948,9.21885
9450,7.54076,-97.371,6.98982
9451,7.54092,115.603,8.72247
9452,7.54133,160.569,7.60753
9453,7.54187,130.136,8.78161
9454,7.54376,155.183,6.1465
9455,7.54921,120.528,6.52632
9456,7.55017,-102.13,6.19425
9457,7.5554,132.876,7.18425
9458,7.55778,74.7547,8.90931
9459,7.56042,-115.241,6.16722
9460,7.56066,169.63,8.8702
9461,7.56783,67.5767,6.10865
9462,7.5748,-147.93,8.93549
9463,7.57981,-143.609,8.96254
9464,7.58174,131.047,6.29919
9465,7.58389,117.199,9.01982
9466,7.58503,158.267,8.067
9467,7.58977,165.16,7.8021
9468,7.59109,75.2769,7.88668
9469,7.59673,163.353,7.54664
9470,7.60902,163.946,6.26386
9471,7.61335,-158.43,6.36146
9472,7.61989,-131.24,6.92123
9473,7.6201,-112.2,8.99485
9474,7.62084,110.043,9.06209
9475,7.62544,16.2836,6.8148
9476,7.63137,-178.243,7.822
9477,7.63192,-154.77,7.8789
9478,7.63579,-113.321,6.45479
9479,7.63695,78.8728,6.71368
9480,7.63846,-128.644,8.81244
9481,7.63902,106.259,6.58228
9482,7.64302,-176.547,8.73352
9483,7.64614,104.484,7.3047
9484,7.65796,-178.556,9.63944
9485,7.6645,-115.735,8.59698
9486,7.66635,156.792,8.62788
9487,7.66639,134.102,6.36885
9488,7.66674,-70.06,9.25022
9489,7.66867,123.983,7.83803
9490,7.6712,-110.605,6.76772
9491,7.67126,109.49,8.28548
9492,7.6826,-75.032,8.87008
9493,7.68412,-174.981,7.68509
9494,7.68999,118.654,8.17538
9495,7.69916,-125.673,7.00389
9496,7.70229,-114.857,8.20045
9497,7.70395,131.251,6.39873
9498,7.70537,158.05,6.80978
9499,7.70739,-177.833,7.9474
9500,7.71249,-122.378,6.35871
9501,7.7214,152.677,7.63563
9502,7.72565,-175.753,7.0604
9503,7.72854,-131.075,6.90982
9504,7.72963,72.1378,6.99063
9505,7.73087,-70.658,7.08537
9506,7.73337,-174.412,6.30666
9507,7.73588,-35.331,6.3373
9508,7.73811,-139.753,6.74189
9509,7.73891,96.585,8.46581
9510,7.73963,117.19,9.95936
9511,7.7415,-159.718,8.26376
9512,7.74296,-141.347,8.91092
9513,7.74459,-112.207,6.16769
9514,7.74858,6.26041,8.94477
9515,7.74912,-147.567,6.93197
9516,7.74941,178.367,8.4324
9517,7.75328,76.957,8.34929
9518,7.76029,158.305,8.18855
9519,7.76257,94.384,9.60043
9520,7.7634,-129.225,9.15983
9521,7.76497,65.9882,6.08019
9522,7.76694,83.2995,8.50389
9523,7.7779,-8.095,6.09769
9524,7.78253,107.683,9.34575
9525,7.79046,-117.218,7.38755
9526,7.7906,75.1568,7.18904
9527,7.79163,89.4419,6.31219
9528,7.79532,27.8773,7.60541
9529,7.80195,-99.242,7.03535
9530,7.80787,-179.412,6.90261
9531,7.81307,79.0392,6.46882
9532,7.81628,131.1,9.22714
9533,7.82205,-171.686,7.34219
9534,7.8222,155.42,9.06324
9535,7.82239,78.041,7.36583
9536,7.83122,164.579,8.47777
9537,7.83677,156.975,6.17244
9538,7.83898,-174.771,6.46922
9539,7.84062,-174.563,8.14704
9540,7.84183,42.5035,7.39259
9541,7.84401,-115.508,9.9512
9542,7.84472,-176.667,6.00822
9543,7.84605,-170.787,9.46551
9544,7.84853,172.761,8.03048
9545,7.8557,-158.176,6.2671
9546,7.85616,-70.82,7.38439
9547,7.86455,-170.248,7.0648
9548,7.86538,-149.795,8.62311
9549,7.8743,-159.453,6.25537
9550,7.87849,166.726,6.56025
9551,7.88104,119.493,8.03075
9552,7.88939,-100.438,9.20742
9553,7.88965,-174.964,6.18823
9554,7.89143,-119.759,8.0636
9555,7.89239,-162.589,6.5406
9556,7.89507,-139.986,9.57751
9557,7.89716,130.828,8.10266
9558,7.89884,169.176,8.86268
9559,7.90411,78.0775,7.38109
9560,7.9069,116.976,8.43824
9561,7.90732,-174.279,6.36807
9562,7.91085,81.44,7.43904
9563,7.91172,-118.117,7.82395
9564,7.91927,-94.292,7.96049
9565,7.92197,153.516,9.57389
9566,7.92294,-169.955,9.62424
9567,7.92619,-145.703,6.20443
9568,7.92987,148,8.196
9569,7.93675,-179.561,8.14244
9570,7.94143,-88.493,7.04427
9571,7.9433,140.265,6.17004
9572,7.94403,-99.652,7.4271
9573,7.94503,161.035,7.14953
9574,7.94708,133.546,6.23372
9575,7.95726,-106.649,9.33371
9576,7.96057,-131.797,7.41367
9577,7.96182,69.2461,6.47669
9578,7.96196,-113.467,8.4514
9579,7.96212,-152.97,6.54895
9580,7.97037,-169.646,8.65099
9581,7.97534,-112.569,7.81915
9582,7.98032,171.683,7.2076
9583,7.99117,65.8403,7.08037
9584,7.99129,166.886,7.13064
9585,7.99289,-139.09,7.93969
9586,8.00451,-85.541,6.52455
9587,8.01115,61.4612,9.07303
9588,8.01981,93.7393,9.45075
9589,8.02352,133.724,9.15992
9590,8.02632,-169.251,6.58481
9591,8.02914,-147.672,9.05884
9592,8.02938,100.749,6.17014
9593,8.0335,-131.942,7.68127
9594,8.0375,154.337,9.45662
9595,8.03843,163.49,7.52705
9596,8.04013,150.743,8.00762
9597,8.04262,-170.962,7.56383
9598,8.04445,-110.591,6.10537
9599,8.04482,71.4068,6.54211
9600,8.04777,-179.324,7.04535
9601,8.04833,81.6245,6.72589
9602,8.05353,-75.067,6.09102
9603,8.05412,82.767,6.52719
9604,8.05447,175.756,9.74768
9605,8.06052,63.616,9.85795
9606,8.06172,-175.369,9.423
9607,8.06197,-130.381,6.58319
9608,8.06272,123.84,7.09402
9609,8.06745,98.6327,8.81064
9610,8.06999,-110.856,7.36108
9611,8.07067,-127.039,8.62366
9612,8.07113,176.237,7.19855
9613,8.07181,135.592,6.68209
9614,8.07348,57.7612,6.50942
9615,8.07951,61.9775,7.18306
9616,8.08077,52.5918,6.92639
9617,8.08373,158.671,8.3493
9618,8.08838,149.252,7.6292
9619,8.09053,-141.17,6.325
9620,8.09743,159.883,7.7494
9621,8.09832,-122.255,6.83181
9622,8.09918,92.2904,6.05275
9623,8.1029,-115.314,7.71718
9624,8.10401,-65.379,7.05284
9625,8.10414,-157.604,6.43299
9626,8.10686,136.462,9.02872
9627,8.10791,128.195,7.17771
9628,8.12478,-159.499,6.91527
9629,8.12496,162.705,6.45568
9630,8.12753,167.939,7.67056
9631,8.14484,-68.838,6.49561
9632,8.1487,145.548,8.36656
9633,8.14878,146.033,6.36783
9634,8.15149,147.812,6.71326
9635,8.15511,163.702,7.14599
9636,8.15956,162.155,6.30187
9637,8.16095,-155.456,9.68297
9638,8.16333,142.168,9.35568
9639,8.17058,130.416,7.89218
9640,8.17795,-140.714,8.35713
9641,8.18397,-145.791,7.25826
9642,8.19168,176.584,9.01008
9643,8.19408,169.574,6.27231
9644,8.19573,130.901,8.92707
9645,8.20458,-118.283,7.50804
9646,8.21051,-120.871,6.88328
9647,8.21107,153.767,8.13464
9648,8.21989,-128.824,6.99812
9649,8.22949,1.77827,9.65171
9650,8.23407,-130.005,8.26172
9651,8.23922,123.654,8.92272
9652,8.23973,-155.085,9.51196
9653,8.24126,-107.906,6.59842
9654,8.24685,118.048,9.70507
9655,8.24789,164.37,8.2339
9656,8.24852,133.965,7.76652
9657,8.2515,162.879,7.44446
9658,8.25344,-9.78,8.44313
9659,8.25852,-125.81,6.23741
9660,8.25858,110.478,7.52205
9661,8.2599,-179.08,7.60321
9662,8.27723,-137.388,9.67669
9663,8.27817,-113.535,7.11362
9664,8.2805,-145.977,7.72371
9665,8.28115,-73.37,6.78193
9666,8.28219,176.184,9.48024
9667,8.2831,-130.43,7.84415
9668,8.28476,135.69,7.70755
9669,8.2859,124.258,7.36434
9670,8.2863,-93.308,8.73835
9671,8.29155,45.4676,7.91952
9672,8.30254,-39.08,6.58881
9673,8.30561,157.156,9.85249
9674,8.3069,-106.83,6.72382
9675,8.30882,123.377,7.82774
9676,8.30896,-116.093,7.38114
9677,8.31681,163.367,7.59521
9678,8.3171,-114.68,8.57156
9679,8.32008,176.95,7.45957
9680,8.32198,153.023,7.26567
9681,8.32305,160.008,9.27762
9682,8.32424,53.0784,6.45143
9683,8.32456,-132.592,6.9982
9684,8.33078,-87.743,8.22134
9685,8.33226,149.168,9.96098
9686,8.34673,-158.541,7.12757
9687,8.35178,-119.229,7.60337
9688,8.36048,135.999,8.45565
9689,8.36618,117.644,6.44201
9690,8.36982,-173.308,6.30295
9691,8.37055,61.2732,8.91074
9692,8.37182,147.935,9.768
9693,8.37973,89.6834,6.24553
9694,8.38639,150.632,6.0196
9695,8.38705,-154.862,7.94793
9696,8.39346,-74.666,9.13123
9697,8.39434,138.908,7.16946
9698,8.39653,117.869,6.15149
9699,8.39847,-129.794,8.68956
9700,8.39851,111.348,6.66955
9701,8.40178,-114.087,8.26823
9702,8.40966,-171.918,9.92258
9703,8.4104,-158.631,6.4261
9704,8.41399,134.361,9.62684
9705,8.43363,157.787,9.19631
9706,8.43509,154.89,7.33725
9707,8.43749,176.247,6.47069
9708,8.44465,168.21,6.49628
9709,8.44701,-123.467,6.21272
9710,8.44882,165.446,8.04294
9711,8.45041,162.434,6.50751
9712,8.45332,81.4841,6.32891
9713,8.45401,139.219,6.44738
9714,8.45614,-149.44,6.66091
9715,8.45653,-163.358,7.45301
9716,8.4575,122.36,6.72607
9717,8.46361,-112.272,9.41377
9718,8.46565,-100.191,6.97752
9719,8.46794,107.692,7.55117
9720,8.47156,132.47,6.22402
9721,8.47733,-92.878,6.01871
9722,8.47878,51.9904,6.20372
9723,8.47963,148.566,6.06423
9724,8.48736,160.234,6.38649
9725,8.4875,-141.37,8.08564
9726,8.48977,-117.397,6.97463
9727,8.49113,127.234,8.53492
9728,8.49548,-131.308,9.05549
9729,8.49893,-6.113,6.41598
9730,8.49967,-171.076,6.46041
9731,8.50159,-105.123,7.36542
9732,8.50581,172.394,6.56659
9733,8.50601,-177.958,7.12173
9734,8.51077,91.4345,9.45768
9735,8.51891,121.788,6.89952
9736,8.51895,-118.249,7.34617
9737,8.5202,-73.85,7.60619
9738,8.5219,-143.109,8.27635
9739,8.52401,54.0421,6.84677
9740,8.52533,-115.95,8.04141
9741,8.52809,161.014,9.75746
9742,8.5296,176.113,6.55098
9743,8.5299,-141.059,7.1646
9744,8.53403,147.066,7.31041
9745,8.53969,144.764,6.03926
9746,8.54282,88.3339,6.07791
9747,8.55243,164.476,9.4163
9748,8.55373,171.394,8.32207
9749,8.55709,-163.715,7.10634
9750,8.55809,-155.732,7.79237
9751,8.55907,131.876,7.79503
9752,8.56501,61.1993,6.76616
9753,8.5666,133.472,6.02152
9754,8.56822,77.0874,8.87625
9755,8.57115,154.775,7.90298
9756,8.58364,-74.235,6.63522
9757,8.58665,116.891,6.70248
9758,8.58675,-84.791,9.42238
9759,8.58872,174.259,7.4786
9760,8.59066,121.58,8.78469
9761,8.59157,152.089,9.9695
9762,8.59662,-116.226,6.86758
9763,8.60099,-175.838,6.06434
9764,8.60755,166.565,6.79503
9765,8.60861,11.7563,6.9414
9766,8.61003,-160.228,6.91235
9767,8.61013,-171.81,7.9494
9768,8.61387,-35.328,7.53189
9769,8.61667,-166.708,6.5292
9770,8.62288,59.3063,6.37383
9771,8.62741,118.001,8.15425
9772,8.62958,128.969,9.95558
9773,8.63135,-137.12,7.01863
9774,8.63185,127.758,9.54201
9775,8.63652,174.96,9.614
9776,8.64038,126.716,7.49133
9777,8.64106,45.1825,8.86652
9778,8.64359,61.2363,6.44657
9779,8.64703,-125.19,6.28158
9780,8.64852,-111.264,7.78526
9781,8.65006,-172.044,7.32479
9782,8.65307,165.18,6.83195
9783,8.65451,-114.681,7.37953
9784,8.66222,163.302,9.97115
9785,8.66961,-102.715,6.43438
9786,8.66988,-177.022,9.99983
9787,8.67322,-125.765,9.82005
9788,8.67413,109.739,6.13534
9789,8.67427,151.146,8.65531
9790,8.67642,53.8167,9.28527
9791,8.67883,-74.54,7.46977
9792,8.68075,-170.247,7.86022
9793,8.68119,150.462,6.02707
9794,8.68499,108.512,9.20114
9795,8.68715,-161.437,8.09341
9796,8.68905,-107.992,8.21905
9797,8.69877,172.074,9.29558
9798,8.69933,-163.38,8.78263
9799,8.70149,-142.525,9.74324
9800,8.70151,150.155,6.60429
9801,8.70574,-170.851,6.11922
9802,8.70895,-136.481,6.7302
9803,8.71293,1.35614,9.15469
9804,8.71358,60.0524,7.37033
9805,8.71396,127.354,9.64846
9806,8.71518,-116.06,6.33299
9807,8.71666,144.631,7.43963
9808,8.71942,86.6433,7.58825
9809,8.72291,-144.527,6.50151
9810,8.7244,-155.78,6.52806
9811,8.72524,49.0992,6.13745
9812,8.72662,76.8388,9.2863
9813,8.73637,160.452,7.8242
9814,8.73681,-3.096,9.55199
9815,8.74367,109.582,6.47603
9816,8.7463,174.666,7.32882
9817,8.75024,-124.655,6.55994
9818,8.75406,161.394,8.14178
9819,8.75619,-172.577,7.85177
9820,8.76455,-157.275,8.07505
9821,8.77914,154.626,8.49488
9822,8.78782,74.7095,6.12776
9823,8.78886,-118.004,7.78571
9824,8.78931,166.438,7.51522
9825,8.79158,-156.382,7.51167
9826,8.79323,-103.324,8.90069
9827,8.79344,166.729,6.53338
9828,8.80114,-166.822,7.56424
9829,8.80115,-167.988,6.13912
9830,8.80427,152.667,7.87494
9831,8.80474,53.6198,8.01708
9832,8.80475,-131.387,8.26524
9833,8.81433,-129.914,9.50209
9834,8.81983,172.588,6.02177
9835,8.8221,-149.187,8.13511
9836,8.82326,52.1557,6.25751
9837,8.82383,124.759,6.89129
9838,8.82446,-162.893,6.74849
9839,8.8266,-113.015,7.9912
9840,8.8413,-176.871,6.88516
9841,8.84389,176.081,7.05704
9842,8.84566,160.047,8.18964
9843,8.85406,-82.595,7.01851
9844,8.86646,166.917,6.46177
9845,8.8723,-125.936,6.87018
9846,8.8752,120.804,8.17779
9847,8.87679,156.466,7.51127
9848,8.88082,159.181,6.55309
9849,8.88128,-106.425,6.08338
9850,8.88372,-125.102,7.46224
9851,8.88728,137.41,9.87581
9852,8.88974,150.189,6.57066
9853,8.89278,118.618,9.82345
9854,8.89718,142.82,7.60452
9855,8.90643,135.765,7.09276
9856,8.90696,122.355,6.98687
9857,8.91138,50.7683,6.20777
9858,8.91412,-138.656,6.84486
9859,8.91851,110.124,8.71515
9860,8.92547,57.3532,7.03965
9861,8.92571,177.937,8.13747
9862,8.92817,59.9896,6.44071
9863,8.92987,-152.728,6.61296
9864,8.93015,153.935,6.72567
9865,8.93384,-111.766,6.05275
9866,8.93766,-135.669,6.64251
9867,8.94177,154.316,6.8784
9868,8.94312,-126.284,6.00567
9869,8.944,-171.3,8.95749
9870,8.95344,-125.672,7.86297
9871,8.95617,105.821,6.82415
9872,8.95971,159.378,9.66764
9873,8.96884,-118.236,9.62066
9874,8.97098,-160.753,8.01881
9875,8.97421,-113.551,6.67926
9876,8.97774,-169.712,6.09136
9877,8.97836,-119.484,9.75024
9878,8.98335,-133.933,7.32026
9879,8.98543,172.303,6.01371
9880,8.9885,150.42,7.54717
9881,8.99473,-143.208,7.05016
9882,9.00184,-122.142,7.93274
9883,9.00192,-110.532,6.80042
9884,9.01651,123.665,8.28473
9885,9.01741,-129.976,8.81451
9886,9.02004,144.617,9.56798
9887,9.02071,76.7867,6.32726
9888,9.0223,-179.225,9.01039
9889,9.02413,-130.798,6.09401
9890,9.0296,97.1521,6.42321
9891,9.02992,133.871,7.45067
9892,9.03197,-161.863,9.9874
9893,9.0382,155.059,6.76305
9894,9.04183,122.241,7.37098
9895,9.04538,-107.652,6.4478
9896,9.04978,-140.429,7.6521
9897,9.06111,-108.468,6.4821
9898,9.0631,-155.413,6.54018
9899,9.07015,168.564,6.81853
9900,9.07252,142.602,6.59203
9901,9.08143,-162.878,8.18302
9902,9.08537,-134.124,7.71025
9903,9.09119,11.7242,8.58135
9904,9.09482,-157.912,6.06626
9905,9.09863,-54.763,7.59867
9906,9.10324,-110.53,6.90138
9907,9.10865,-174.59,6.19246
9908,9.12069,162.456,8.33963
9909,9.12155,-154.489,7.87013
9910,9.12377,-125.695,8.24423
9911,9.12433,-135.022,8.46259
9912,9.12702,-73.11,6.34223
9913,9.12723,116.009,6.17107
9914,9.14923,-146.124,6.63274
9915,9.15352,-126.321,7.91637
9916,9.15463,135.416,7.62529
9917,9.16068,75.1159,7.29894
9918,9.16098,167.081,6.10181
9919,9.16266,50.3278,7.65084
9920,9.16294,-123.836,7.90052
9921,9.16639,150.057,7.76136
9922,9.16972,163.127,7.98884
9923,9.17381,165.698,8.38775
9924,9.17533,-122.639,7.2994
9925,9.17567,-111.219,7.63759
9926,9.18086,-152.253,7.6115
9927,9.18093,135.752,8.65464
9928,9.18217,145.274,6.45234
9929,9.18715,157.035,7.43757
9930,9.19184,-125.23,8.26515
9931,9.19656,159.209,9.33089
9932,9.19907,106.689,6.47773
9933,9.21219,129.417,8.92664
9934,9.21419,-113.274,8.5239
9935,9.21726,-149.18,8.24099
9936,9.22313,147.01,9.06066
9937,9.22848,-157.062,6.62147
9938,9.23522,-164.227,9.3026
9939,9.23667,166.309,6.95925
9940,9.24332,151.893,6.14497
9941,9.24404,57.3863,6.21305
9942,9.24559,-121.079,6.54478
9943,9.2461,159.898,6.90852
9944,9.24678,89.7221,7.39345
9945,9.25372,-32.064,8.24339
9946,9.25916,-141.107,6.47835
9947,9.2605,-173.02,7.92638
9948,9.26112,67.732,7.0611
9949,9.26335,158.874,9.15946
9950,9.26795,-157.573,6.5759
9951,9.26819,148.541,7.14017
9952,9.26956,124.793,8.73056
9953,9.27204,-132.688,8.38898
9954,9.2746,-88.582,7.35986
9955,9.28543,163.353,6.73139
9956,9.28598,68.9759,7.8807
9957,9.28778,172.717,8.37138
9958,9.29671,62.4497,8.89784
9959,9.30336,131.893,9.3685
9960,9.30571,97.1182,7.45116
9961,9.3064,-107.255,6.72124
9962,9.30724,89.4819,7.16966
9963,9.31788,-117.745,9.86353
9964,9.32193,160.669,7.18469
9965,9.32563,152.717,9.35171
9966,9.33473,126.286,6.975
9967,9.33836,-169.54,8.89898
9968,9.33898,170.535,7.4944
9969,9.3393,61.3138,8.35537
9970,9.34327,-139.835,7.39188
9971,9.34549,-154.526,7.62948
9972,9.35324,-153.842,9.47839
9973,9.35894,-131.493,9.64175
9974,9.36295,126.073,6.45724
9975,9.37428,120.95,7.0333
9976,9.37687,159.426,8.90312
9977,9.37891,60.8122,6.92019
9978,9.39099,61.0357,9.17348
9979,9.39969,153.597,7.57491
9980,9.41141,175.013,7.45233
9981,9.41675,50.6855,9.23843
9982,9.41717,-160.884,7.9175
9983,9.42402,-126.831,6.37179
9984,9.42713,-134.561,7.8395
9985,9.43093,-123.863,6.14341
9986,9.43177,42.7865,6.08848
9987,9.43785,-119.872,8.71869
9988,9.44068,155.921,8.35663
9989,9.44229,-106.952,9.35069
9990,9.44414,-118.027,6.90179
9991,9.45612,-154.451,7.95699
9992,9.46039,-137.127,7.34918
9993,9.46742,-68.006,6.51271
9994,9.46976,-149.571,8.86491
9995,9.47393,-96.105,6.96704
9996,9.48519,115.521,9.04543
9997,9.4911,174.524,9.95056
9998,9.49548,-121.498,7.83466
9999,9.49649,-91.891,7.29061
10000,9.49889,164.449,6.95079
10001,9.50292,-160.939,6.38229
10002,9.50904,108.795,6.20394
10003,9.51007,-177.214,6.29984
10004,9.5126,160.334,6.37586
10005,9.51371,170.02,6.41547
10006,9.51449,55.1723,6.91952
10007,9.52058,161.409,7.13585
10008,9.52062,-140.867,8.69931
10009,9.52138,-87.975,7.41914
10010,9.5297,-113.171,6.40925
10011,9.53249,-157.339,6.31753
10012,9.53631,-121.662,6.36046
10013,9.53935,-126.993,8.42405
10014,9.53988,-161.919,8.60194
10015,9.5427,131.168,7.04447
10016,9.5435,164.571,6.04632
10017,9.54836,116.251,6.07954
10018,9.56339,164.224,6.15993
10019,9.56421,168.55,8.27828
10020,9.56489,-117.191,9.46033
10021,9.56596,161.106,9.59464
10022,9.58416,-124.612,6.22647
10023,9.58595,162.253,9.99838
10024,9.59145,152.95,7.01266
10025,9.59332,160.34,7.33465
10026,9.59569,-77.056,7.27159
10027,9.59805,171.321,7.06991
10028,9.59991,132.945,8.5455
10029,9.60636,-152.971,6.29564
10030,9.60679,-116.5,8.54613
10031,9.61845,-137.089,7.87231
10032,9.61875,56.183,7.87532
10033,9.62031,-161.034,6.40889
10034,9.62234,88.152,6.6462
10035,9.6229,-84.504,8.39561
10036,9.62309,44.918,8.92815
10037,9.62437,42.9304,8.98862
10038,9.62458,142.853,8.33998
10039,9.62812,49.92,6.98514
10040,9.63162,67.7531,7.91323
10041,9.63502,-128.854,9.88863
10042,9.63578,-114.949,7.39229
10043,9.63707,138.455,6.10136
10044,9.64046,30.9881,8.69392
10045,9.64143,-85.322,6.17268
10046,9.64181,-124.093,6.45464
10047,9.64268,109.38,8.08009
10048,9.64962,-175.642,6.77752
10049,9.65714,150.464,6.36665
10050,9.6581,-154.407,6.21821
10051,9.6604,155.783,8.83682
10052,9.66102,-161.944,7.8689
10053,9.66667,129.273,7.07817
10054,9.67092,123.22,6.84865
10055,9.67112,163.935,7.58977
10056,9.6714,-110.555,6.02167
10057,9.67141,133.226,8.47797
10058,9.67197,-121.271,7.68802
10059,9.67553,89.4705,6.25008
10060,9.67586,117.585,9.18018
10061,9.67736,-133.007,7.0128
10062,9.67756,157.646,8.97228
10063,9.67859,-101.869,6.85071
10064,9.68142,-106.925,7.91403
10065,9.68379,125.469,8.53099
10066,9.68933,-97.567,7.8569
10067,9.6903,166.576,6.82275
10068,9.69316,-138.665,7.79579
10069,9.69528,108.991,8.9005
10070,9.69942,76.8132,7.42023
10071,9.70063,-127.146,8.17595
10072,9.7036,-158.225,8.67375
10073,9.72294,-157.052,6.77373
10074,9.7231,-124.818,6.63131
10075,9.72616,-69.231,9.2214
10076,9.7301,179.251,6.12919
10077,9.73146,54.5565,8.38089
10078,9.74129,123.333,6.60227
10079,9.74277,101.17,6.3122
10080,9.74751,158.838,8.32609
10081,9.7477,-79.599,6.2747
10082,9.74796,-154.645,8.36988
10083,9.75006,156.004,9.98049
10084,9.76097,13.9457,6.8441
10085,9.76373,-77.421,6.17751
10086,9.76397,106.803,8.94928
10087,9.76594,69.1167,7.28093
10088,9.76796,128.34,6.26117
10089,9.76833,158.644,7.11508
10090,9.76915,-169.33,6.57208
10091,9.76938,141.822,8.11887
10092,9.76978,149.543,6.0841
10093,9.77096,-175.365,7.14723
10094,9.77145,-81.05,7.8454
10095,9.77198,156.203,6.04697
10096,9.77269,-159.843,7.03227
10097,9.77584,-147.11,6.12382
10098,9.78247,-101.971,6.72819
10099,9.78605,135.259,7.18109
10100,9.78769,178.74,6.41725
10101,9.78952,-148.284,6.04775
10102,9.79181,-150.139,8.80879
10103,9.79186,57.0261,6.94427
10104,9.7934,161.297,6.46294
10105,9.79646,-139.144,8.57273
10106,9.79657,-96.202,9.45089
10107,9.79839,132.043,6.11571
10108,9.79952,-162.201,9.31879
10109,9.80022,150.3,7.52823
10110,9.80333,-158.77,6.63197
10111,9.81522,129.602,9.2529
10112,9.8154,58.3383,7.09145
10113,9.81761,175.924,7.56991
10114,9.81872,133.057,7.63434
10115,9.82149,-153.987,9.19489
10116,9.82475,-122.416,6.19571
10117,9.83259,-173.349,9.64969
10118,9.83373,53.9914,7.14443
10119,9.83449,171.409,8.16988
10120,9.83532,-88.482,8.392
10121,9.83771,-149.667,9.3761
10122,9.84338,-122.014,7.64563
10123,9.84931,-121.33,7.13343
10124,9.85424,151.6,6.29894
10125,9.85772,116.186,9.67115
10126,9.85909,68.5863,7.0332
10127,9.86281,179.955,8.73973
10128,9.87052,-100.924,7.40687
10129,9.87356,-109.274,8.83521
10130,9.87389,-131.789,8.95395
10131,9.88246,-125.491,9.3477
10132,9.89223,-97.106,8.99088
10133,9.89685,141.189,6.30348
10134,9.89771,160.754,6.34035
10135,9.90869,160.091,7.13993
10136,9.91087,156.699,9.41382
10137,9.91352,150.888,6.19015
10138,9.91795,60.4263,6.41542
10139,9.91986,-164.699,9.46637
10140,9.92106,-75.858,6.08123
10141,9.92333,160.999,9.49117
10142,9.92471,-161.917,7.2853
10143,9.93465,101.101,7.20164
10144,9.93785,164.264,7.72259
10145,9.95239,-150.129,8.57524
10146,9.95287,149.184,9.57552
10147,9.95949,165.358,9.91079
10148,9.96692,-129.583,7.36287
10149,9.97202,157.96,6.4583
10150,9.97888,-88.748,6.91198
10151,9.9837,-164.847,7.08793
10152,9.98595,-143.955,6.00947
10153,9.98683,172.95,8.97679
10154,9.98711,-84.682,6.74768
10155,9.98799,-173.486,8.89958
10156,9.99011,160.642,6.10714
10157,9.99012,156.913,7.70245
10158,9.99603,-154.452,8.92834
10159,10.0004,-108.802,6.15323
10160,10.0028,114.069,7.6583
10161,10.0121,40.2948,8.67773
10162,10.0177,-130.806,7.38075
10163,10.019,-75.578,8.46543
10164,10.0204,-109.705,8.82159
10165,10.0216,-174.521,7.53825
10166,10.0264,-177.034,8.46741
10167,10.0317,135.316,7.10142
10168,10.0359,142.517,6.30256
10169,10.0422,-123.421,6.12672
10170,10.0436,-176.842,6.6205
10171,10.0461,175.514,7.70168
10172,10.0497,78.1249,9.51109
10173,10.0535,151.929,7.39781
10174,10.0577,98.7017,6.6494
10175,10.0606,-159.765,7.63048
10176,10.0617,129.437,6.19214
10177,10.0624,128.803,7.95552
10178,10.064,-174.781,8.33101
10179,10.0747,124.323,8.13744
10180,10.0747,158.077,7.13102
10181,10.0772,175.592,6.50479
10182,10.0777,-114.422,9.31179
10183,10.0777,-67.546,6.68271
10184,10.0777,164.819,7.82676
10185,10.0809,-130.158,8.89699
10186,10.082,82.608,8.23685
10187,10.0911,-172.597,6.43568
10188,10.0993,-108.579,7.14692
10189,10.1009,-128.991,6.98091
10190,10.1018,-88.136,6.09322
10191,10.1069,-173.087,6.40684
10192,10.1168,69.9491,9.26208
10193,10.1176,-165.072,9.26456
10194,10.1261,-129.894,6.23216
10195,10.1311,170.809,7.08781
10196,10.1324,164.107,6.54513
10197,10.1337,-92.854,9.15895
10198,10.1342,75.6508,6.53765
10199,10.1361,158.801,6.17049
10200,10.1543,-75.149,9.14201
10201,10.1549,-110.999,7.49873
10202,10.1655,169.034,7.41294
10203,10.1726,-177.594,6.00783
10204,10.1732,-103.484,8.97825
10205,10.1806,178.846,7.90393
10206,10.1827,109.738,9.02163
10207,10.1872,-177.249,9.58443
10208,10.188,-125.416,8.07848
10209,10.1901,121.022,8.49947
10210,10.1916,175.339,6.87889
10211,10.1933,53.9423,8.77331
10212,10.1951,-174.317,9.31899
10213,10.1978,157.403,9.90047
10214,10.2132,160.006,6.51404
10215,10.2182,148.514,9.04265
10216,10.2182,179.944,6.21717
10217,10.2272,89.0562,8.23739
10218,10.2275,-154.635,6.63714
10219,10.2303,-135.9,7.61647
10220,10.2345,-129.499,7.93519
10221,10.2391,-135.641,7.82869
10222,10.2398,178.076,7.0471
10223,10.2399,-135.035,7.49111
10224,10.2402,-168.724,6.8113
10225,10.2408,-178.984,6.3142
10226,10.2414,-173.408,8.44402
10227,10.249,136.567,8.67741
10228,10.2511,89.8053,6.41586
10229,10.2519,-79.394,9.91879
10230,10.2526,-136.313,6.38086
10231,10.2534,177.204,7.11274
10232,10.2568,-94.96,6.17237
10233,10.2608,-74.654,6.65177
10234,10.262,-154.469,6.60573
10235,10.2659,49.5794,7.5871
10236,10.27,-172.858,9.8193
10237,10.2721,-107.013,6.82955
10238,10.2727,129.469,6.53844
10239,10.2841,161.367,8.55804
10240,10.286,-177.764,7.95799
10241,10.2885,-75.599,6.71753
10242,10.289,-118.394,8.3505
10243,10.299,-153.576,7.71709
10244,10.3001,-71.665,8.0806
10245,10.3028,160.654,6.48439
10246,10.3078,54.3031,7.61937
10247,10.3094,-173.153,7.97065
10248,10.3108,-92.318,9.03129
10249,10.3119,-132.721,6.76228
10250,10.3164,120.87,6.22149
10251,10.3178,-127.79,6.95586
10252,10.3284,153.252,6.88108
10253,10.3312,-155.801,8.41939
10254,10.3316,107.652,9.07388
10255,10.3327,-132.477,7.60025
10256,10.334,159.892,7.21754
10257,10.3374,158.572,8.58559
10258,10.339,91.8618,6.5126
10259,10.3477,100.759,7.21882
10260,10.3511,-156.071,6.995
10261,10.3595,-104.795,6.41409
10262,10.3683,-71.561,7.90677
10263,10.3728,139.91,6.21318
10264,10.3761,-120.311,7.81538
10265,10.3824,-100.746,6.8912
10266,10.3831,55.747,8.97953
10267,10.3884,-132.287,9.87516
10268,10.3887,-100.571,7.60586
10269,10.3961,-81.363,9.67409
10270,10.3992,-174.472,6.24721
10271,10.4008,78.3677,9.97659
10272,10.405,-160.942,9.41657
10273,10.4086,-157.03,6.79716
10274,10.4102,-92.716,7.13474
10275,10.4139,128.044,7.40943
10276,10.4176,-160.655,8.68526
10277,10.4188,170.309,9.59356
10278,10.4312,147.28,7.923
10279,10.4326,-140.168,7.20888
10280,10.4331,-177.906,6.04352
10281,10.4434,-130.08,7.14266
10282,10.4477,-70.247,9.68783
10283,10.4509,95.9977,6.63539
10284,10.4567,-139.044,7.65202
10285,10.4636,-132.592,7.56662
10286,10.4653,96.319,9.66648
10287,10.4655,152.48,8.73142
10288,10.4686,120.731,7.74771
10289,10.4703,178.396,8.61635
10290,10.4731,151.389,7.68149
10291,10.4744,-120.378,6.54007
10292,10.4782,-179.748,9.9456
10293,10.4835,105.197,9.39354
10294,10.489,-150.588,8.17142
10295,10.4936,132.53,6.17014
10296,10.4974,169.825,7.21847
10297,10.498,145.375,8.85056
10298,10.5024,-156.54,9.12288
10299,10.5083,-131.802,8.87046
10300,10.5089,107.764,9.19498
10301,10.5145,177.499,7.49588
10302,10.5211,158.631,9.638
10303,10.5246,-135.248,6.01224
10304,10.5276,178.226,6.1265
10305,10.5317,179.547,9.54623
10306,10.532,116.535,6.81084
10307,10.536,172.126,6.97275
10308,10.5381,-175.586,8.08942
10309,10.5416,158.331,6.71875
10310,10.5454,173.032,7.8583
10311,10.5461,14.5759,6.40869
10312,10.5475,138.239,8.45973
10313,10.5514,128.377,9.37378
10314,10.5629,-149.64,9.13113
10315,10.5634,151.028,9.45218
10316,10.5643,159.8,7.52864
10317,10.5709,-177.735,7.65185
10318,10.5941,-102.099,9.1974
10319,10.5942,-110.005,6.62006
10320,10.5952,-166.386,9.72111
10321,10.5967,-125.948,7.39189
10322,10.5999,129.095,7.58856
10323,10.6046,-159.18,7.23779
10324,10.6052,-126.154,6.03108
10325,10.6118,-147.208,9.32526
10326,10.6157,50.6491,7.8734
10327,10.6182,-165.723,9.82106
10328,10.6198,-166.63,7.01129
10329,10.622,81.9301,6.52252
10330,10.6269,-118.864,6.56678
10331,10.6309,-108.355,7.8378
10332,10.6323,75.0229,6.90405
10333,10.6325,108.409,7.26823
10334,10.6373,109.121,9.97425
10335,10.6388,-143.58,6.09469
10336,10.6438,66.1044,7.30647
10337,10.645,153.996,9.86213
10338,10.6455,67.9673,9.87505
10339,10.6462,-118.431,8.34134
10340,10.6479,146.751,7.38974
10341,10.6512,-161.644,9.9497
10342,10.6529,159.309,6.71444
10343,10.6586,116.559,6.44409
10344,10.6625,128.302,9.93161
10345,10.6666,-105.772,8.00453
10346,10.6687,167.779,8.59317
10347,10.6744,-168.814,8.97323
10348,10.6771,47.7369,6.6178
10349,10.6812,-115.485,6.66117
10350,10.6814,166.357,8.52579
10351,10.6872,14.7632,8.42177
10352,10.6891,-136.655,6.62765
10353,10.6899,-126.341,9.12429
10354,10.69,-158.24,7.93787
10355,10.6902,126.788,6.39661
10356,10.6929,108.793,6.13726
10357,10.6962,-158.638,6.41878
10358,10.7001,-118.09,6.0658
10359,10.7046,179.842,8.02755
10360,10.7063,-112.145,7.8199
10361,10.7064,171.849,7.90241
10362,10.7115,81.2701,6.5173
10363,10.7163,78.911,7.02856
10364,10.7205,-160.916,8.56293
10365,10.725,81.034,7.30929
10366,10.7293,-120.84,7.8548
10367,10.7307,50.9536,6.87996
10368,10.7346,-102.134,8.01047
10369,10.741,-149.455,8.13781
10370,10.7424,164.181,8.87065
10371,10.7437,108.014,6.90896
10372,10.7472,135.708,6.11263
10373,10.7556,-132.182,6.59122
10374,10.7583,151.044,6.77212
10375,10.7645,-22.152,7.85795
10376,10.7677,-112.762,7.40351
10377,10.7709,105.982,8.32198
10378,10.7766,79.0531,7.29102
10379,10.7786,-107.436,8.10087
10380,10.7832,53.5321,6.81883
10381,10.7883,134.295,7.54322
10382,10.7966,-81.021,7.95385
10383,10.7986,168.884,8.69129
10384,10.8005,176.275,7.2911
10385,10.801,-108.575,7.84593
10386,10.8046,75.1487,6.64109
10387,10.8074,115.477,8.08501
10388,10.8087,-130.29,9.83804
10389,10.8127,133.552,8.08905
10390,10.8163,160.457,8.66971
10391,10.831,-143.833,6.45786
10392,10.8443,170.451,7.2191
10393,10.8501,-134.328,7.7493
10394,10.8505,108.05,8.23249
10395,10.8588,170.679,9.98765
10396,10.8633,-146.914,6.0702
10397,10.8641,168.456,6.5249
10398,10.8698,174.733,6.39299
10399,10.8732,-118.531,6.46718
10400,10.8776,-162.516,7.20269
10401,10.8893,108.523,8.46928
10402,10.8955,-142.106,6.00707
10403,10.8962,118.842,8.37354
10404,10.8975,-162.885,7.84776
10405,10.8996,105.151,6.48977
10406,10.9013,168.162,7.56032
10407,10.911,76.5748,7.98864
10408,10.9126,-160.204,7.25557
10409,10.9128,77.7416,6.25745
10410,10.9187,86.2084,9.80392
10411,10.9249,48.8262,6.80936
10412,10.9253,165.098,9.06411
10413,10.9335,165.775,7.21174
10414,10.9461,-110.162,8.67759
10415,10.9464,-173.057,6.63182
10416,10.9468,-94.795,8.41019
10417,10.9528,66.7029,6.14755
10418,10.9616,-173.983,7.42441
10419,10.977,-91.897,6.98197
10420,10.9826,-125.735,8.15714
10421,10.9834,151.009,6.11452
10422,10.9924,-172.787,7.41595
10423,10.9966,178.866,6.9986
10424,10.9976,-125.409,6.08753
10425,11.0093,-143.514,8.70721
10426,11.0152,-150.215,6.49913
10427,11.0165,155.896,7.188
10428,11.0176,53.7238,7.61265
10429,11.0188,-159.738,9.66435
10430,11.0215,-164.163,6.79576
10431,11.0268,-84.896,7.22228
10432,11.027,15.087,7.0105
10433,11.0287,151.408,7.55867
10434,11.0291,178.619,8.7574
10435,11.0315,-172.516,8.21525
10436,11.0345,135.192,6.68893
10437,11.0393,160.123,8.86892
10438,11.0403,-97.523,9.07307
10439,11.0421,-122.966,6.64625
10440,11.0422,-101.304,6.34474
10441,11.0433,-163.65,8.07628
10442,11.0452,139.829,7.33878
10443,11.0458,-133.284,6.78823
10444,11.0503,-174.323,9.28163
10445,11.0517,-150.581,6.93964
10446,11.0545,-175.851,6.71808
10447,11.0603,136.178,6.49751
10448,11.0606,99.8338,7.00758
10449,11.0698,168.927,7.02376
10450,11.0737,140.381,7.81742
10451,11.083,118.657,7.55506
10452,11.0834,49.9576,7.95712
10453,11.0884,-162.161,8.86647
10454,11.0949,-24.486,6.68896
10455,11.0983,-150.85,6.80293
10456,11.0989,-135.162,9.33732
10457,11.1053,-149.93,6.23839
10458,11.115,176.633,7.05735
10459,11.1284,-141.661,7.00685
10460,11.1347,-97.918,7.15409
10461,11.1429,139.722,7.99735
10462,11.1509,80.4466,6.79319
10463,11.1585,76.8719,8.9596
10464,11.1587,-171.559,8.03034
10465,11.1613,177.609,7.85787
10466,11.1639,-94.114,9.73508
10467,11.1661,-153.343,8.90831
10468,11.167,-106.874,7.10743
10469,11.1685,-167.526,8.10384
10470,11.1721,-110.011,6.79635
10471,11.1774,134.624,6.34871
10472,11.1923,-170.407,6.17047
10473,11.1928,-143.131,8.07906
10474,11.1947,131.907,6.47884
10475,11.1997,125.216,7.75682
10476,11.2018,-171.614,7.10706
10477,11.2058,-96.242,7.77414
10478,11.2073,-150.524,9.89775
10479,11.2107,-170.223,7.94691
10480,11.2108,170.301,8.47009
10481,11.2135,131.513,8.71724
10482,11.2159,174.93,6.90507
10483,11.2218,154.639,6.76214
10484,11.2276,-81.738,8.28579
10485,11.2276,52.9351,8.7636
10486,11.2286,148.117,8.44906
10487,11.2295,132.116,7.98904
10488,11.2324,-121.176,6.42
10489,11.2364,139.506,6.38184
10490,11.2479,-144.129,7.44705
10491,11.2499,66.25,6.84777
10492,11.2535,-77.825,6.91049
10493,11.2547,168.783,8.49433
10494,11.2581,148.347,9.24376
10495,11.2647,-75.939,9.54189
10496,11.269,-175.628,6.7171
10497,11.2769,-112.65,6.15198
10498,11.277,-82.003,6.9378
10499,11.2782,154.876,7.83585
10500,11.2799,-119.515,7.01211
10501,11.2829,-156.165,9.71995
10502,11.2852,-140.736,7.27615
10503,11.2868,-119.802,6.2062
10504,11.2939,-96.849,9.32805
10505,11.3038,-175.816,6.57789
10506,11.309,-125.992,6.87835
10507,11.3107,65.3558,6.42137
10508,11.3253,78.2473,9.70886
10509,11.3276,-150.275,6.67323
10510,11.3277,-88.783,8.69763
10511,11.3357,178.252,9.94371
10512,11.3431,28.4002,7.18513
10513,11.3441,79.4972,7.12652
10514,11.3447,68.1575,7.97994
10515,11.3448,-150.638,6.27468
10516,11.3553,-120.116,9.57907
10517,11.3628,154.418,9.03356
10518,11.3641,79.6893,7.63866
10519,11.3661,77.9184,9.88714
10520,11.3682,-112.143,8.5432
10521,11.3699,-95.262,9.39833
10522,11.3733,102.086,8.84808
10523,11.3764,-110.269,6.94367
10524,11.3843,177.995,9.0837
10525,11.3905,-79.968,6.98557
10526,11.3911,77.6787,7.17255
10527,11.3947,107.4,7.27687
10528,11.3984,-45.059,8.70483
10529,11.4002,-82.15,9.95633
10530,11.4033,-171.71,6.05453
10531,11.4101,-123.732,6.05357
10532,11.4145,-158.406,7.07833
10533,11.4171,65.2958,6.34496
10534,11.4217,-111.805,6.68296
10535,11.4244,-134.532,6.98564
10536,11.4277,79.026,6.87645
10537,11.4342,-142.736,6.17007
10538,11.4395,167.195,7.09041
10539,11.4399,167.613,9.7464
10540,11.441,-167.447,6.2812
10541,11.4419,-163.75,8.45538
10542,11.4451,-176.901,8.38096
10543,11.4464,-80.292,9.93985
10544,11.4477,127.925,6.53186
10545,11.4531,51.9258,9.57402
10546,11.4583,110.168,7.2375
10547,11.4594,177.032,8.61863
10548,11.4635,-118.29,8.44905
10549,11.4824,-102.053,7.06153
10550,11.4832,-157.766,7.40944
10551,11.492,162.633,8.78667
10552,11.4941,116.807,6.30659
10553,11.5041,82.1795,6.46143
10554,11.506,-174.655,6.23244
10555,11.5066,101.529,6.69877
10556,11.5083,-174.435,8.23741
10557,11.5089,-172.951,9.72142
10558,11.5094,-75.024,7.77038
10559,11.5112,-140.609,9.7157
10560,11.5134,-165.403,7.49043
10561,11.5182,-154.736,6.05559
10562,11.5186,-157.534,8.42007
10563,11.5232,-113.775,6.06006
10564,11.5258,149.669,9.31973
10565,11.5273,-176.512,6.33141
10566,11.5315,92.0188,6.09707
10567,11.5335,-68.801,6.84898
10568,11.5345,154.652,9.51714
10569,11.5352,-113.568,7.01312
10570,11.5399,-74.457,7.34728
10571,11.5422,-169.034,7.11049
10572,11.5428,106.372,7.48359
10573,11.5477,-156.715,6.95009
10574,11.5509,111.093,7.46404
10575,11.5517,102.959,6.78756
10576,11.5527,170.601,6.26916
10577,11.5602,-78.633,9.48397
10578,11.5651,-79.665,8.07112
10579,11.5695,123.47,9.86078
10580,11.573,175.288,6.82793
10581,11.5734,-116.354,7.03771
10582,11.5759,146.025,6.6275
10583,11.5776,127.376,6.71125
10584,11.5823,-163.53,7.39769
10585,11.5924,166.808,6.61609
10586,11.5952,176.632,7.33069
10587,11.5988,-76.727,7.73689
10588,11.6134,-179.763,8.45476
10589,11.6179,-165.981,8.05989
10590,11.6204,-75.595,6.65556
10591,11.6225,-109.687,8.47344
10592,11.6242,79.0977,6.68748
10593,11.6264,175.023,8.3385
10594,11.6298,120.615,7.56683
10595,11.632,-177.531,7.34154
10596,11.6393,163.54,6.85093
10597,11.6414,104.306,6.43148
10598,11.6448,85.8119,9.14634
10599,11.6506,-80.487,9.47926
10600,11.6512,101.328,6.06261
10601,11.6513,-87.352,7.83684
10602,11.6583,175.913,9.62125
10603,11.6652,125.778,6.53019
10604,11.6676,-74.388,7.22874
10605,11.6709,-165.356,8.15168
10606,11.673,-159.725,9.17729
10607,11.6743,-112.828,8.72729
10608,11.6776,178.442,9.79228
10609,11.6914,-139.741,8.98051
10610,11.6962,152.858,9.24065
10611,11.6974,-115.372,6.044
10612,11.7009,-116.347,8.94244
10613,11.7054,-127.599,6.42633
10614,11.7122,-156.533,6.10597
10615,11.7126,134.685,6.33602
10616,11.7163,-76.538,7.78814
10617,11.7207,144.953,9.09687
10618,11.726,130.07,7.33388
10619,11.7272,51.0196,7.12235
10620,11.7272,151.631,9.82597
10621,11.7276,135.737,6.31241
10622,11.7322,110.029,7.01644
10623,11.7358,-81.987,7.94139
10624,11.7452,-160.018,8.41576
10625,11.7452,63.9736,7.63596
10626,11.7487,79.4627,7.9251
10627,11.7499,156.11,6.97894
10628,11.7504,-103.871,6.44893
10629,11.7546,178.119,8.17496
10630,11.7558,169.85,6.40754
10631,11.7644,126.764,6.78136
10632,11.7653,134.322,6.1292
10633,11.7655,154.621,6.25826
10634,11.7662,66.9221,8.11535
10635,11.774,151.336,6.92531
10636,11.7843,-134.701,8.13805
10637,11.7855,-74.277,6.41566
10638,11.7907,48.5961,9.26083
10639,11.7921,-134.965,7.3067
10640,11.7953,-101.132,8.99664
10641,11.8019,-90.754,9.42209
10642,11.8135,66.56,9.28711
10643,11.8184,161.85,6.05516
10644,11.8303,150.803,6.75941
10645,11.8311,-126.458,6.01905
10646,11.8383,-179.455,7.11295
10647,11.8388,-133.49,7.11741
10648,11.8417,-137.309,7.76167
10649,11.8419,-136.547,9.95837
10650,11.8559,66.2426,8.37877
10651,11.8569,-111.789,7.26261
10652,11.857,131.069,7.25749
10653,11.8614,140.588,9.24219
10654,11.8698,128.025,7.13055
10655,11.8719,-136.123,9.24442
10656,11.8748,175.929,8.63969
10657,11.8766,-154.356,6.37903
10658,11.8815,-120.765,6.71038
10659,11.8867,-177.151,6.37728
10660,11.8922,138.954,6.5727
10661,11.8929,-20.486,7.673
10662,11.8932,170.835,6.24129
10663,11.9026,141.06,6.03839
10664,11.9029,134.163,6.54574
10665,11.9087,139.551,8.03005
10666,11.9091,-79.723,6.19248
10667,11.9169,122.933,6.39708
10668,11.9174,-173.979,7.09712
10669,11.9185,176.227,7.67573
10670,11.9186,162.585,6.07459
10671,11.922,-99.858,7.65538
10672,11.9224,-85.07,6.62493
10673,11.9264,137.88,6.69756
10674,11.929,83.5183,7.51321
10675,11.9473,126.76,6.30397
10676,11.9485,154.584,8.82255
10677,11.9496,161.678,8.29991
10678,11.9505,176.655,9.81729
10679,11.9651,178.35,9.04745
10680,11.9695,163.293,9.17867
10681,11.9702,155.505,8.6064
10682,11.9708,156.668,7.42383
10683,11.9714,-176.941,7.00385
10684,11.9723,150.883,8.59721
10685,11.9749,135.49,7.96635
10686,11.9809,140.339,7.5341
10687,11.9847,66.9805,6.22747
10688,11.9863,-179.098,8.27551
10689,11.9873,-85.646,7.36886
10690,11.9949,-160.902,8.02818
10691,11.9959,51.7497,7.36244
10692,11.9978,-164.09,8.79616
10693,12.0001,139.313,6.86146
10694,12.0032,121.603,9.9316
10695,12.0034,109.912,8.66623
10696,12.0055,151.351,7.52504
10697,12.017,-173.562,9.60034
10698,12.0227,170.992,8.25217
10699,12.0381,140.57,7.08303
10700,12.039,-124.06,7.11857
10701,12.0491,-162.969,9.83828
10702,12.0551,-103.201,6.13755
10703,12.0572,-173.228,9.72084
10704,12.0579,-142.02,9.64155
10705,12.0661,37.8734,8.33023
10706,12.0725,-110.688,7.65371
10707,12.0733,-116.274,6.60348
10708,12.0734,10.3326,7.12487
10709,12.0854,48.5503,6.47144
10710,12.0915,152.453,7.73675
10711,12.0926,149.229,7.17606
10712,12.0969,91.2649,8.57077
10713,12.0977,-80.226,9.60881
10714,12.1,139.641,8.14463
10715,12.104,127.485,7.40802
10716,12.1063,129.598,8.81277
10717,12.1092,74.5293,7.61726
10718,12.1144,144.275,6.89701
10719,12.1148,-111.778,8.9907
10720,12.1156,-155.258,6.06136
10721,12.1207,-154.475,9.51256
10722,12.1252,-114.002,7.88103
10723,12.127,-103.045,6.49357
10724,12.127,-87.113,7.73221
10725,12.1366,-164.495,6.72365
10726,12.1475,86.2174,7.95198
10727,12.1555,169.138,7.30669
10728,12.1577,-80.518,6.2326
10729,12.1608,77.5575,6.99118
10730,12.1611,-150.636,8.03685
10731,12.1798,-105.143,9.34817
10732,12.1848,51.0969,8.74142
10733,12.1856,18.5272,7.5917
10734,12.1879,-139.224,9.38928
10735,12.1897,131.379,9.86782
10736,12.1938,-135.6,6.91218
10737,12.1945,-112.988,7.0696
10738,12.2061,-177.906,7.55134
10739,12.2138,-101.902,9.62813
10740,12.2153,162.458,9.01039
10741,12.2154,-145.216,9.58473
10742,12.2175,-26.799,7.61388
10743,12.2179,-111.601,9.60202
10744,12.22,-4.763,6.81582
10745,12.2209,151.259,6.66072
10746,12.2259,159.087,7.62637
10747,12.2269,-146.551,8.96467
10748,12.2279,138.216,9.34819
10749,12.2336,-123.89,6.3058
10750,12.2368,-141.847,8.70829
10751,12.2452,125.751,9.31255
10752,12.2493,-172.467,6.58796
10753,12.2509,151.413,9.5204
10754,12.252,-112,9.45855
10755,12.2547,154.058,6.88199
10756,12.2593,-140.509,6.61447
10757,12.2617,-131.578,8.46006
10758,12.2629,178.875,9.64123
10759,12.264,-140.846,6.44467
10760,12.2695,130.424,6.24004
10761,12.2741,18.4229,6.74296
10762,12.2744,138.582,7.12004
10763,12.2912,-113.189,6.89944
10764,12.2984,-153.258,6.67018
10765,12.3031,134.64,6.72905
10766,12.308,-164.165,9.72917
10767,12.3087,-178.209,9.8443
10768,12.3227,160.092,7.97687
10769,12.3289,-113.43,7.47338
10770,12.331,-102.563,7.90819
10771,12.3366,-153.777,6.3963
10772,12.3407,-119.986,6.7757
10773,12.3408,161.785,7.76356
10774,12.3411,-87.189,8.18794
10775,12.3412,-105.315,6.13281
10776,12.3426,84.6801,7.30608
10777,12.3428,-88.995,7.24112
10778,12.3452,-141.634,7.49705
10779,12.3487,164.364,7.36203
10780,12.3499,-75.054,6.69947
10781,12.3509,-112.793,8.43229
10782,12.356,-172.254,7.34098
10783,12.3597,80.6458,6.05694
10784,12.3611,-129.763,9.07898
10785,12.3627,6.3096,6.20135
10786,12.366,179.804,6.67101
10787,12.367,-119.839,7.9171
10788,12.3745,163.027,6.2874
10789,12.3756,-163.033,9.62784
10790,12.3896,157.803,8.24619
10791,12.3953,153.076,7.5227
10792,12.3968,156.512,6.95339
10793,12.3973,-152.299,6.31004
10794,12.4046,149.941,7.93741
10795,12.4046,162.047,8.59286
10796,12.4053,156.173,7.5648
10797,12.406,157.6,7.5895
10798,12.4066,-169.962,8.28044
10799,12.4084,-3.43,6.65708
10800,12.4102,-91.709,6.41879
10801,12.4119,75.8016,9.59125
10802,12.4138,123.936,6.56572
10803,12.4153,162.634,6.01098
10804,12.4154,-172.963,8.12397
10805,12.4173,-151.068,9.66836
10806,12.4201,51.2649,9.35883
10807,12.4279,152.258,8.49319
10808,12.4297,68.2954,7.20973
10809,12.432,137.188,9.73001
10810,12.4326,-177,8.55621
10811,12.4348,140.403,8.86824
10812,12.4421,91.4918,6.95793
10813,12.4587,150.345,7.76666
10814,12.4624,-150.506,6.97333
10815,12.4651,-151.298,6.10746
10816,12.4723,-142.164,6.10055
10817,12.475,-127.023,6.69285
10818,12.4804,91.6415,8.6844
10819,12.4933,-167.65,6.14199
10820,12.4948,-87.879,6.19309
10821,12.4985,158.545,8.04941
10822,12.5002,-161.347,7.82843
10823,12.503,-113.826,6.9592
10824,12.5064,129.538,6.54052
10825,12.5213,-94.834,6.37046
10826,12.5232,-114.614,8.53761
10827,12.5259,-173.874,7.67673
10828,12.5288,-171.357,7.39735
10829,12.529,-167.421,6.40419
10830,12.5381,-165.831,8.35856
10831,12.5446,-147.472,7.03957
10832,12.5468,-132.718,7.03899
10833,12.5486,-149.208,6.05721
10834,12.5503,153.231,8.98382
10835,12.5571,162.929,6.08212
10836,12.5641,-157.752,8.24823
10837,12.5677,-127.924,6.68015
10838,12.5693,177.845,6.19362
10839,12.5771,23.3247,8.57004
10840,12.5795,-91.55,6.47492
10841,12.5813,-173.631,9.1711
10842,12.5813,-94.198,8.81282
10843,12.5833,-177.549,7.60105
10844,12.5854,31.0715,8.6828
10845,12.5859,124.184,6.65387
10846,12.5898,-132.479,6.99571
10847,12.595,133.383,8.25628
10848,12.5975,-88.223,8.43525
10849,12.6062,109.837,9.55859
10850,12.6111,-169.913,7.32079
10851,12.6134,153.56,8.01237
10852,12.6154,-127.441,6.36518
10853,12.6185,-175.001,6.8047
10854,12.6187,-106.545,8.94268
10855,12.6196,-138.844,6.25593
10856,12.6232,-107.711,9.19614
10857,12.6358,-129.631,6.94124
10858,12.6456,156.428,7.93629
10859,12.6463,-139.373,8.82365
10860,12.6467,-155.07,6.7254
10861,12.6501,-165.742,6.53501
10862,12.6504,48.6324,7.9479
10863,12.6525,136.331,7.65495
10864,12.6599,136.946,8.5351
10865,12.6628,151.013,8.52631
10866,12.6654,-172.413,7.17671
10867,12.6746,-116.071,7.67096
10868,12.676,-173.351,7.14914
10869,12.6798,-115.198,7.14987
10870,12.6809,154.053,6.59405
10871,12.6855,163.186,9.56873
10872,12.6869,162.679,6.30317
10873,12.6888,51.4797,7.28294
10874,12.6893,81.7946,6.43343
10875,12.6945,126.813,6.61355
10876,12.6966,-161.149,6.94847
10877,12.6977,-127.531,9.64399
10878,12.6984,-10.627,6.04947
10879,12.7029,-147.284,9.44617
10880,12.703,90.1338,7.01493
10881,12.7129,112.486,7.26643
10882,12.7214,-91.533,6.60904
10883,12.7232,-150.85,6.67391
10884,12.7241,-154.459,6.49772
10885,12.7243,153.891,6.43957
10886,12.725,133.182,9.8606
10887,12.7259,128.879,6.09771
10888,12.7263,143.608,6.24895
10889,12.7296,112.065,7.30295
10890,12.7304,179.808,7.2109
10891,12.7307,-154.634,7.64866
10892,12.734,-156.603,6.30922
10893,12.7357,-128.785,7.87244
10894,12.7371,-115.056,6.56726
10895,12.7384,-177.583,6.97188
10896,12.7434,154.306,7.19675
10897,12.7454,158.454,7.58841
10898,12.7521,-171.115,8.30457
10899,12.7522,162.87,7.61294
10900,12.7548,109.771,6.33753
10901,12.7578,-168.084,6.238
10902,12.7609,-93.595,8.75456
10903,12.7622,42.4932,7.10089
10904,12.7681,-98.541,8.19444
10905,12.7714,-103.176,8.24317
10906,12.7738,163.63,8.83108
10907,12.7807,130.148,7.66076
10908,12.7816,-167.789,6.7005
10909,12.7841,162.486,6.35474
10910,12.7894,-173.792,8.9005
10911,12.793,-70.792,6.28583
10912,12.7952,-177.853,7.8329
10913,12.801,-151.817,7.31943
10914,12.8022,-80.536,8.83323
10915,12.8067,-113.101,6.94306
10916,12.8132,-127.075,6.72545
10917,12.8139,-131.356,6.00164
10918,12.8164,109.421,7.51028
10919,12.8169,128.506,7.73942
10920,12.8189,-107.603,6.72474
10921,12.8234,139.133,6.43053
10922,12.8262,-108.345,8.40254
10923,12.8296,-154.379,8.22039
10924,12.8303,81.7729,6.76048
10925,12.8303,178.7,8.77768
10926,12.8331,16.4027,6.10577
10927,12.8366,-138.671,6.16744
10928,12.8374,120.733,6.54141
10929,12.8385,153.324,7.74307
10930,12.8534,-172.612,6.08813
10931,12.8561,-115.856,9.54959
10932,12.8568,158.686,9.57337
10933,12.8691,-131.754,6.62293
10934,12.8715,-179.99,9.90011
10935,12.8738,-128.261,7.9708
10936,12.8751,110.047,7.21404
10937,12.8821,170.939,7.21487
10938,12.8889,133.044,6.80885
10939,12.8944,-154.578,7.15622
10940,12.898,74.2062,6.79239
10941,12.9128,-92.306,6.17235
10942,12.916,151.597,6.25002
10943,12.9175,120.574,9.8852
10944,12.925,-172.86,9.2944
10945,12.9265,141.562,8.84725
10946,12.929,111.107,8.73067
10947,12.9322,142.181,8.29653
10948,12.9328,84.1374,7.51355
10949,12.9336,43.5777,9.40888
10950,12.9359,-89.127,7.38759
10951,12.9375,-91.398,6.53873
10952,12.9385,149.215,7.48451
10953,12.9496,-102.617,8.66496
10954,12.9521,-88.314,7.66124
10955,12.9527,151.844,6.57721
10956,12.9554,-162.937,7.60598
10957,12.9644,-79.62,6.90492
10958,12.9676,156.708,7.29016
10959,12.9732,127.524,7.45862
10960,12.9749,-154.789,8.13757
10961,12.9753,152.165,7.64397
10962,12.9806,-109.77,6.34827
10963,12.9824,-177.743,8.35533
10964,12.9951,-170.737,9.62285
10965,13.001,-163.209,8.19522
10966,13.0116,-116.293,6.97319
10967,13.0156,-155.071,6.43144
10968,13.0212,-168.315,9.68864
10969,13.0218,-122.735,9.95174
10970,13.0218,122.903,8.50475
10971,13.0261,131.739,9.83178
10972,13.0286,-96.677,7.1502
10973,13.0387,79.8551,7.12094
10974,13.0413,-103.44,6.76892
10975,13.0425,179.183,9.55303
10976,13.0484,-127.836,7.9945
10977,13.0516,148.844,6.77937
10978,13.0552,-178.804,6.72348
10979,13.0601,-95.279,6.08717
10980,13.0645,-118.667,6.37036
10981,13.0701,-164.196,6.08744
10982,13.072,-166.656,6.13375
10983,13.0741,150.882,6.49098
10984,13.0762,121.658,7.37222
10985,13.0777,131.154,7.62121
10986,13.0803,-0.973,6.0745
10987,13.0819,149.754,6.90385
10988,13.0878,47.5756,7.0417
10989,13.0986,175.817,6.63151
10990,13.0988,-131.805,8.9058
10991,13.103,-125.061,8.4904
10992,13.1053,-30.648,7.95437
10993,13.1083,-139.246,8.24785
10994,13.1085,-142.219,8.27302
10995,13.114,-131.001,6.47524
10996,13.1148,61.7026,6.3923
10997,13.1166,-154.311,7.70595
10998,13.1186,176.401,9.26132
10999,13.1195,-101.106,8.10402
11000,13.1282,-128.675,6.88433
11001,13.1366,-101.354,6.7024
11002,13.1374,162.037,9.62907
11003,13.1406,-161.857,8.90115
11004,13.142,-111.669,7.05591
11005,13.1493,-83.953,8.41114
11006,13.1532,-147.67,8.59872
11007,13.1572,-125.382,6.97654
11008,13.1578,111.68,6.78281
11009,13.1605,-109.712,6.11711
11010,13.1613,-98.59,8.81319
11011,13.1645,102.886,7.97742
11012,13.1663,127.568,8.85918
11013,13.1689,-166.483,6.8969
11014,13.1719,-78.976,6.27999
11015,13.1743,-163.438,8.08257
11016,13.1748,140.324,8.78047
11017,13.1759,-179.333,7.75679
11018,13.1763,-15.745,6.06798
11019,13.185,-122.515,7.36463
11020,13.1872,128.222,6.15347
11021,13.1884,79.0133,9.85608
11022,13.199,156.57,9.45858
11023,13.2016,96.6446,6.21419
11024,13.2202,149.757,6.05065
11025,13.2247,-177.979,8.48126
11026,13.2292,151.438,7.14329
11027,13.2293,98.2542,6.80753
11028,13.2346,75.0904,7.47022
11029,13.2359,120.459,6.01423
11030,13.2386,-111.409,9.47987
11031,13.2429,-174.639,9.51644
11032,13.2447,73.1107,7.78268
11033,13.2469,83.7352,6.72529
11034,13.2523,-161.998,9.81335
11035,13.2524,110.804,8.3649
11036,13.2524,160.731,7.34402
11037,13.2566,109.846,8.03264
11038,13.2583,-150.987,9.69252
11039,13.2619,-131.204,7.50491
11040,13.2766,-112.629,8.25481
11041,13.2781,120.363,7.06543
11042,13.2804,169.075,7.95512
11043,13.2805,-79.609,8.34179
11044,13.2852,171.801,7.55628
11045,13.2854,135.705,8.78206
11046,13.2867,-95.27,8.12832
11047,13.2877,-113.447,6.33352
11048,13.2886,-81.197,8.25669
11049,13.2905,-117.918,6.23727
11050,13.2916,156.866,9.34197
11051,13.2961,144.379,8.7055
11052,13.3044,76.1942,6.32177
11053,13.3087,-166.724,9.2211
11054,13.3111,-20.283,7.77127
11055,13.3163,-128.788,7.05255
11056,13.3206,-130.113,9.19815
11057,13.3212,109.572,8.96749
11058,13.3269,-164.349,6.63186
11059,13.328,177.36,7.39565
11060,13.334,-175.819,6.0106
11061,13.3368,-130.554,6.25841
11062,13.3404,72.3286,6.2225
11063,13.3426,-134.946,8.7826
11064,13.3464,-161.684,8.87467
11065,13.3473,-138.741,7.57446
11066,13.3579,-82.013,6.91624
11067,13.3581,82.8566,8.32816
11068,13.3606,-149.148,9.06011
11069,13.3676,-163.48,9.47034
11070,13.3725,-154.772,8.27749
11071,13.3736,152.121,6.5879
11072,13.3823,-109.116,7.66274
11073,13.3851,-93.793,6.91052
11074,13.3877,168.151,6.3171
11075,13.388,-178.166,6.08991
11076,13.3916,94.8194,7.5339
11077,13.3958,-99.116,6.39427
11078,13.3961,50.5827,7.86119
11079,13.3984,-147.694,7.84171
11080,13.4042,133.729,6.30703
11081,13.4091,125.147,7.12099
11082,13.4199,118.15,8.07802
11083,13.421,48.7571,7.23213
11084,13.4228,-94.126,7.89296
11085,13.4235,161.846,8.65446
11086,13.424,177.138,6.29988
11087,13.4244,114.524,8.56298
11088,13.4298,-98.737,9.21457
11089,13.4306,170.012,7.23786
11090,13.4337,-142.128,7.34689
11091,13.4403,111.639,6.98461
11092,13.4422,118.544,6.33235
11093,13.4552,98.2907,7.63183
11094,13.4561,141.481,7.75542
11095,13.4566,-113.632,9.80034
11096,13.4596,-102.768,7.27985
11097,13.4615,-156.05,6.81279
11098,13.4636,-130.347,6.11779
11099,13.4674,160.693,8.35362
11100,13.4719,-135.357,8.58471
11101,13.4844,-141.786,9.9606
11102,13.4874,-129.917,6.20611
11103,13.4876,130.432,6.97809
11104,13.4955,50.3759,6.61092
11105,13.5034,161.6,6.44037
11106,13.5068,-112.175,6.36466
11107,13.5111,149.922,8.11719
11108,13.5129,127.044,8.55851
11109,13.5161,-173.284,9.12602
11110,13.5186,-150.046,6.23471
11111,13.5265,-117.542,8.48158
11112,13.5277,-128.25,6.43775
11113,13.5291,169.789,9.26304
11114,13.53,-94.892,8.17079
11115,13.5306,-155.889,7.74332
11116,13.5329,-123.417,7.76378
11117,13.534,-134.15,8.79668
11118,13.5412,46.7119,7.33253
11119,13.544,-162.718,7.6918
11120,13.5453,-114.165,7.68491
11121,13.5494,-139.582,6.60135
11122,13.5515,92.0875,6.48994
11123,13.5526,-130.681,9.05607
11124,13.5585,129.726,7.78321
11125,13.5611,-89.944,7.57493
11126,13.5612,-164.265,8.66472
11127,13.5709,144.498,6.36984
11128,13.5741,-129.451,8.15929
11129,13.5762,128.91,6.06282
11130,13.5783,-103.36,6.46703
11131,13.5788,-86.176,7.57413
11132,13.5802,130.873,6.48541
11133,13.5815,-131.036,8.08748
11134,13.5879,168.999,8.443
11135,13.5905,-172.625,6.56895
11136,13.5934,-144.121,9.39439
11137,13.5954,-148.737,7.51885
11138,13.5955,-138.224,7.58293
11139,13.5988,156.465,9.00307
11140,13.601,122.106,9.13934
11141,13.6012,-111.572,8.69067
11142,13.6038,-155.202,6.50203
11143,13.6064,50.1665,7.38433
11144,13.6173,92.3608,8.08964
11145,13.6179,-164.632,6.6355
11146,13.6235,-114.454,6.13945
11147,13.6248,151.153,9.28848
11148,13.6249,161.871,7.21946
11149,13.6255,132.972,6.52599
11150,13.6261,177.631,9.36566
11151,13.6267,-148.028,7.24192
11152,13.6272,49.9177,7.44461
11153,13.6363,161.706,6.59988
11154,13.6376,179.087,6.19426
11155,13.6409,156.323,8.31705
11156,13.6436,-135.563,6.77742
11157,13.6447,142.192,7.13584
11158,13.6465,123.035,6.32752
11159,13.6484,-118.598,8.64053
11160,13.65,-122.587,8.73309
11161,13.6525,142.709,9.35647
11162,13.6534,-174.151,7.49491
11163,13.6541,-165.319,8.07852
11164,13.6589,167.609,9.88382
11165,13.6615,-117.95,8.05504
11166,13.6657,-123.211,6.93625
11167,13.6721,120.144,6.00116
11168,13.6723,112.841,8.09737
11169,13.6731,-178.155,6.73721
11170,13.6742,98.4946,7.31292
11171,13.678,-154.337,6.07517
11172,13.6887,-81.447,6.794
11173,13.6941,-165.993,6.47298
11174,13.7016,-113.598,8.54312
11175,13.7049,168.681,7.66734
11176,13.7117,-162.68,6.98362
11177,13.7154,-111.971,7.54742
11178,13.7179,46.5214,6.67431
11179,13.7184,-142.879,9.84907
11180,13.7352,157.57,7.56885
11181,13.7382,-174.908,8.05508
11182,13.7439,-115.686,7.76342
11183,13.7453,-12.447,8.43498
11184,13.7509,85.1623,6.10323
11185,13.7538,127.711,9.81593
11186,13.756,-122.197,6.00598
11187,13.7604,-85.724,6.37835
11188,13.7625,-98.854,6.99173
11189,13.7632,-104.984,9.84489
11190,13.7705,177.467,8.24167
11191,13.7729,-145.148,6.50988
11192,13.7734,18.3086,7.47496
11193,13.7753,170.495,8.26246
11194,13.7775,-111.676,6.0609
11195,13.7814,-171.959,6.90692
11196,13.7839,-167.249,6.22117
11197,13.7875,-101.483,8.37929
11198,13.7876,127.446,9.91457
11199,13.7906,129.547,9.0048
11200,13.7985,-154.799,6.59632
11201,13.8043,133.011,7.86765
11202,13.8082,-47.128,6.24656
11203,13.8117,-148.193,9.90707
11204,13.8297,-105.803,7.20199
11205,13.8298,-120.915,9.04121
11206,13.8336,-115.146,6.01024
11207,13.837,-179.217,6.18602
11208,13.8415,158.053,7.72653
11209,13.8456,157.657,6.6794
11210,13.8499,-167.092,6.40301
11211,13.8556,-140.195,6.88685
11212,13.8604,159.323,8.75252
11213,13.8634,123.919,6.3476
11214,13.8704,80.6061,6.31569
11215,13.8729,-145.567,7.05987
11216,13.8769,156.666,9.24026
11217,13.878,130.882,8.05587
11218,13.8802,-103.238,7.3752
11219,13.8876,-117.86,9.74589
11220,13.8897,-127.635,6.3232
11221,13.9036,158.333,8.00365
11222,13.9065,-61.933,6.886
11223,13.9097,126.481,9.52867
11224,13.912,-152.675,9.98567
11225,13.9125,-155.046,8.84498
11226,13.9158,-165.835,9.45903
11227,13.9173,-140.376,8.96194
11228,13.9193,-143.753,9.43162
11229,13.9236,144.76,8.75125
11230,13.9256,-113.894,6.31255
11231,13.9286,152.226,7.0594
11232,13.9298,-135.361,8.08046
11233,13.932,-144.644,6.21715
11234,13.9461,-175.602,6.83773
11235,13.9473,73.8539,9.99208
11236,13.9509,-121.451,7.81792
11237,13.9582,-162.429,6.8352
11238,13.9637,110.715,9.2353
11239,13.9661,-122.428,7.26192
11240,13.9669,-135.918,8.07419
11241,13.976,-136.648,6.03279
11242,13.978,-157.391,6.27979
11243,13.9838,148.317,6.74731
11244,13.9884,107.767,9.48532
11245,13.9898,-138.893,8.35557
11246,13.9933,112.985,6.44003
11247,14.0021,-161.315,9.0181
11248,14.0042,-164.011,6.0005
11249,14.0094,-90.736,8.40276
11250,14.0204,-5.005,6.57972
11251,14.0224,174.084,6.53611
11252,14.0228,-133.008,8.28644
11253,14.023,-148.795,9.55294
11254,14.0282,148.546,6.01471
11255,14.0363,89.7276,7.204
11256,14.0372,48.9464,6.84854
11257,14.0376,133.35,6.95895
11258,14.0392,122.748,6.41201
11259,14.0415,-117.99,8.54282
11260,14.043,-155.294,7.18073
11261,14.0472,-102.782,9.83703
11262,14.0491,158.103,7.55851
11263,14.0602,-162.619,9.42065
11264,14.0653,-140.048,7.80011
11265,14.068,151.939,9.17953
11266,14.0774,176.819,6.90514
11267,14.084,-77.073,6.09898
11268,14.0901,-150.703,6.36748
11269,14.0922,-121.719,6.52949
11270,14.0939,26.2808,6.89523
11271,14.0998,-101.909,6.17435
11272,14.1017,-177.906,7.81719
11273,14.1028,-91.931,7.17499
11274,14.1059,-176.943,6.39366
11275,14.1128,-111.537,8.82199
11276,14.1176,-135.487,9.33697
11277,14.1177,-134.462,7.60901
11278,14.1229,-144.134,6.2406
11279,14.1237,49.8543,9.84585
11280,14.1246,-179.56,6.29433
11281,14.1283,160.994,7.85835
11282,14.1312,112.689,8.09176
11283,14.1389,-110.757,9.23761
11284,14.1394,-124.262,8.25553
11285,14.1408,-76.987,8.39612
11286,14.1416,-122,8.1425
11287,14.1427,-174.615,7.77627
11288,14.1437,152.642,7.55534
11289,14.1489,-143.84,6.2805
11290,14.16,170.635,8.98846
11291,14.1614,125.76,8.31429
11292,14.1626,-109.861,6.49432
11293,14.1672,-130.346,8.56516
11294,14.1741,169.591,6.1746
11295,14.1757,-130.149,8.96357
11296,14.1799,-80.709,6.1224
11297,14.1851,131.323,9.586
11298,14.1852,-5.413,8.61533
11299,14.1867,-87.442,9.59784
11300,14.1896,-131.22,6.26296
11301,14.1903,-121.255,6.20061
11302,14.1971,-161.465,8.22616
11303,14.2041,45.983,9.37822
11304,14.2094,46.3353,6.29938
11305,14.2102,106.879,6.38214
11306,14.2123,-177.412,7.32141
11307,14.2157,-130.533,6.07607
11308,14.2184,-150.022,6.96254
11309,14.2247,157.35,7.51846
11310,14.2303,112.681,6.46233
11311,14.2348,-121.78,6.75554
11312,14.2362,-4.579,8.23483
11313,14.2369,176.528,9.85547
11314,14.2436,114.448,8.12596
11315,14.246,125.568,9.39765
11316,14.2477,-144.33,8.29129
11317,14.2494,120.815,7.08933
11318,14.2495,-104.728,6.68937
11319,14.2504,96.2486,9.29541
11320,14.252,-87.885,7.15583
11321,14.2534,46.9153,6.1231
11322,14.2609,-77.137,7.01002
11323,14.2641,-76.917,6.73863
11324,14.2665,142.041,6.56672
11325,14.2675,107.224,9.43429
11326,14.2723,143.552,6.79819
11327,14.2815,-98.908,9.16115
11328,14.2854,-154.877,7.78674
11329,14.2859,123.997,6.67288
11330,14.286,101.154,7.38178
11331,14.2876,-167.132,6.02451
11332,14.298,156.949,7.18904
11333,14.3112,-136.41,6.12041
11334,14.3188,39.6073,6.90019
11335,14.3215,-177.388,7.55217
11336,14.3222,-139.163,6.38809
11337,14.3276,-110.842,6.98064
11338,14.3292,-139.757,7.33186
11339,14.33,142.72,8.46526
11340,14.333,-150.33,7.00909
11341,14.3359,101.983,8.53971
11342,14.3395,36.7832,6.93329
11343,14.341,179.404,8.33083
11344,14.3433,46.7249,6.069
11345,14.3433,152.132,9.17115
11346,14.3478,124.667,8.26088
11347,14.3496,145.33,7.10702
11348,14.3511,78.2185,8.79045
11349,14.3546,-155.361,7.57098
11350,14.3608,-153.306,6.79714
11351,14.3633,-158.07,7.28688
11352,14.3644,-109.714,7.57611
11353,14.3673,-169.81,6.30405
11354,14.3739,132.078,6.23073
11355,14.3775,-87.679,8.34475
11356,14.3814,-121.596,7.08351
11357,14.3824,-108.956,8.96402
11358,14.3834,-105.241,6.80583
11359,14.4009,-167.709,8.27057
11360,14.4132,-134.244,7.52686
11361,14.4181,113.192,7.8411
11362,14.4241,-169.289,9.26844
11363,14.4245,-77.221,8.53618
11364,14.4287,146.261,7.5908
11365,14.4305,-161.555,8.19766
11366,14.4309,133.745,9.82649
11367,14.4327,152.387,7.94466
11368,14.4431,-105.063,8.51253
11369,14.4441,-98.166,6.41619
11370,14.4459,-178.21,7.68106
11371,14.4497,144.257,7.82322
11372,14.4614,27.8322,6.70578
11373,14.4616,-116.554,9.99276
11374,14.4627,-176.698,6.23719
11375,14.4636,-92.261,7.31303
11376,14.468,-178.51,9.9971
11377,14.4701,-171.27,8.93374
11378,14.4743,-152.116,7.24164
11379,14.4751,46.4978,8.14928
11380,14.4788,-107.958,7.55093
11381,14.4799,-135.876,8.67523
11382,14.4887,-138.198,9.71236
11383,14.4948,-110.988,7.55821
11384,14.4949,-130.31,6.37307
11385,14.4963,-115.429,6.60174
11386,14.5011,116.288,7.79935
11387,14.5046,97.062,6.89866
11388,14.5148,-174.037,6.95486
11389,14.5173,-116.873,7.12057
11390,14.5183,178.686,6.13696
11391,14.5227,-172.405,6.5404
11392,14.5233,-128.832,6.57303
11393,14.5249,149.145,8.30439
11394,14.5339,157.117,6.53399
11395,14.5409,171.627,6.20993
11396,14.5524,-122.707,9.5072
11397,14.5671,147.298,9.81062
11398,14.5687,105.588,7.41594
11399,14.5688,-111.38,7.27816
11400,14.5691,139.449,9.21759
11401,14.5723,-116.019,7.15764
11402,14.573,-169.486,6.83757
11403,14.5885,123.972,6.27751
11404,14.5936,162.153,8.35046
11405,14.5965,-117.398,8.67465
11406,14.5975,-147.789,8.95496
11407,14.5994,137.764,6.92117
11408,14.6106,133.901,9.97914
11409,14.6132,111.581,6.07274
11410,14.6209,132.938,8.29168
11411,14.6234,173.956,7.65208
11412,14.632,128.392,7.13987
11413,14.633,97.271,6.06301
11414,14.6365,-135.278,7.3697
11415,14.6372,126.811,8.92697
11416,14.6425,108.62,7.73822
11417,14.6447,-102.607,6.42336
11418,14.6467,-129.911,7.97956
11419,14.6481,105.959,6.56035
11420,14.6491,153.209,6.05145
11421,14.6527,-116.176,7.54486
11422,14.6546,113.424,9.92983
11423,14.6632,144.212,7.04441
11424,14.6694,-168.085,6.9783
11425,14.6776,111.217,8.21151
11426,14.6828,-117.255,8.82924
11427,14.6836,30.0905,6.86232
11428,14.6872,149.285,9.93963
11429,14.6906,-118.748,6.91153
11430,14.691,170.664,6.62846
11431,14.6917,-142.379,7.13734
11432,14.6926,125.273,9.69056
11433,14.6956,-108.525,9.16374
11434,14.6973,-150.091,9.52364
11435,14.7065,-20.29,6.44855
11436,14.7181,-171.125,6.84365
11437,14.7213,147.234,6.70136
11438,14.7244,-142.512,6.1635
11439,14.7249,123.379,6.72906
11440,14.7287,-147.937,7.187
11441,14.7331,141.57,6.11199
11442,14.7338,-18.814,6.13623
11443,14.742,154.71,7.27108
11444,14.7433,-93.941,8.50467
11445,14.7439,85.8044,7.43108
11446,14.7554,156.701,8.75642
11447,14.7567,82.1635,6.09883
11448,14.7599,122.817,6.88407
11449,14.7633,-98.327,6.13299
11450,14.7684,116.342,7.67414
11451,14.7684,158.104,8.12612
11452,14.7687,123.196,6.98149
11453,14.7725,125.079,9.20616
11454,14.7749,-118.775,6.59737
11455,14.7924,-140.862,9.10695
11456,14.7945,179.406,6.54147
11457,14.7993,-168.947,6.44264
11458,14.7996,-125.629,8.58866
11459,14.8003,175.602,7.77558
11460,14.8056,-155.487,9.83452
11461,14.8068,29.2976,7.81805
11462,14.8076,121.863,7.94893
11463,14.8086,175.122,6.15282
11464,14.811,-2.131,6.68477
11465,14.8116,-122.892,8.113
11466,14.8123,-102.805,9.82973
11467,14.8127,-81.126,6.19117
11468,14.8147,128.817,9.04008
11469,14.8183,-158.557,7.57311
11470,14.8203,168.215,9.66882
11471,14.8216,-141.762,8.31512
11472,14.8246,-114.985,6.29957
11473,14.8258,138.535,9.03798
11474,14.8263,-114.628,8.63906
11475,14.8268,-164.957,9.32603
11476,14.8271,-125.003,7.13313
11477,14.842,-119.862,8.95716
11478,14.8422,-175.861,9.56662
11479,14.8438,-109.677,8.29112
11480,14.8445,-37.292,9.93488
11481,14.8462,128.408,8.11735
11482,14.8498,-122.294,9.98237
11483,14.8499,121.572,6.88134
11484,14.8513,138.188,8.75717
11485,14.8582,117.413,7.55597
11486,14.8582,156.079,6.51989
11487,14.8699,-139.474,7.79501
11488,14.8759,157.403,8.23284
11489,14.8812,145.332,8.3706
11490,14.884,-77.321,8.64688
11491,14.8841,-148.567,9.47014
11492,14.8853,-94.147,6.85416
11493,14.8859,74.8061,7.61458
11494,14.8898,-106.223,8.76247
11495,14.89,-146.519,8.31223
11496,14.8909,-1.953,6.65686
11497,14.9064,150.074,8.00533
11498,14.9153,125.3,8.61811
11499,14.9174,167.712,9.31278
11500,14.9283,-103.101,7.13645
11501,14.9306,-115.148,8.61151
11502,14.9349,-177.526,6.98689
11503,14.939,129.553,6.1976
11504,14.9465,-178.163,6.25805
11505,14.9488,45.9644,9.56075
11506,14.9594,-94.006,7.78973
11507,14.9596,-175.803,7.86129
11508,14.9617,-76.917,7.50427
11509,14.9714,144.63,7.09736
11510,14.9791,-144.511,9.06594
11511,14.9877,154.759,7.97494
11512,14.996,-177.681,7.3508
11513,14.9969,168.939,6.22872
11514,14.9979,156.793,6.38913
11515,15.0001,165.313,6.8793
11516,15.0106,120.825,7.63047
11517,15.0217,150.868,7.27826
11518,15.0329,120.154,6.11
11519,15.0376,174.162,8.48836
11520,15.0414,-125.651,9.08969
11521,15.0416,46.6239,6.38937
11522,15.0453,84.4845,8.11573
11523,15.0476,-106.897,9.4501
11524,15.048,-93.864,7.84453
11525,15.0486,108.396,8.29734
11526,15.0559,-111.148,6.29491
11527,15.0652,-177.193,7.54043
11528,15.0688,-94.499,6.68037
11529,15.0733,117.146,6.8297
11530,15.078,-155.311,6.31484
11531,15.083,-142.125,6.10957
11532,15.0831,-75.393,7.87257
11533,15.1123,-153.106,6.76656
11534,15.1158,175.468,9.28305
11535,15.1223,-117.783,9.34274
11536,15.1226,-177.567,6.99442
11537,15.1241,129.599,6.64102
11538,15.1269,75.5802,7.24025
11539,15.1317,-144.666,6.41935
11540,15.1376,97.2696,8.5695
11541,15.1385,-165.898,7.44634
11542,15.1391,-159.836,7.27611
11543,15.141,-107.722,8.84972
11544,15.142,-108.65,6.60056
11545,15.1437,177.844,7.82104
11546,15.1453,-113.148,7.89261
11547,15.1553,-136.611,6.80818
11548,15.1583,-146.08,9.35635
11549,15.1597,153.819,6.65836
11550,15.1666,114.914,8.42359
11551,15.1741,-122.608,8.0909
11552,15.1744,152.562,6.91515
11553,15.1765,-85.261,6.79318
11554,15.1817,-176.927,8.46192
11555,15.1822,-2.191,6.89542
11556,15.1828,154.052,6.12362
11557,15.1861,-100.428,8.38316
11558,15.1877,123.759,6.02984
11559,15.1928,177.535,9.04102
11560,15.1938,167.009,7.32297
11561,15.2026,167.088,6.81436
11562,15.2029,-107.895,9.54335
11563,15.2064,-122.352,7.34245
11564,15.2182,-125.081,6.57422
11565,15.2262,93.2806,7.01127
11566,15.2278,142.741,8.56811
11567,15.2329,-148.262,8.63044
11568,15.2417,71.5422,7.22147
11569,15.2419,116.215,7.91404
11570,15.2463,-85.955,8.17625
11571,15.2505,146.827,8.14713
11572,15.2569,-110.063,7.19389
11573,15.2648,-161.573,7.93994
11574,15.2712,-143.689,6.5855
11575,15.2722,114.241,7.5367
11576,15.2741,51.4754,9.71015
11577,15.2776,122.439,6.56389
11578,15.2923,-75.743,7.05988
11579,15.2969,-108.165,7.77408
11580,15.2972,98.8264,7.0656
11581,15.3014,49.3741,7.58464
11582,15.3035,-179.852,6.99283
11583,15.3076,143.316,9.96227
11584,15.3101,166.779,8.48793
11585,15.3105,161.687,8.59794
11586,15.315,-175.845,6.58601
11587,15.3169,133.354,6.02686
11588,15.3181,123.631,6.21741
11589,15.3329,-167.656,9.27005
11590,15.3329,121.426,7.67168
11591,15.3343,-140.184,8.13248
11592,15.3354,-92.152,6.18734
11593,15.3355,-166.773,9.67455
11594,15.3367,124.049,9.73328
11595,15.3394,177.533,6.98437
11596,15.3439,-125.771,6.45562
11597,15.3492,171.377,7.2709
11598,15.3513,177.881,6.47088
11599,15.3573,-99.025,6.02425
11600,15.3573,154.627,7.13058
11601,15.362,125.029,8.81103
11602,15.3633,-125.054,8.008
11603,15.3634,-171.715,9.90499
11604,15.3677,-37.339,7.62116
11605,15.3817,-83.628,6.67187
11606,15.3906,167.094,6.39548
11607,15.3937,-167.11,9.22747
11608,15.3944,154.263,6.32495
11609,15.4029,117.579,7.24638
11610,15.4046,78.069,6.03438
11611,15.4051,141.274,6.85049
11612,15.4071,-122.344,6.30326
11613,15.4102,-173.883,8.08928
11614,15.413,47.3381,6.23485
11615,15.417,134.72,9.20629
11616,15.4259,-138.582,9.46144
11617,15.4275,70.8867,6.38401
11618,15.4292,146.241,9.39745
11619,15.4334,-139.983,6.53162
11620,15.4383,129.615,6.76073
11621,15.4424,-91.539,7.68709
11622,15.4513,123.584,9.53365
11623,15.4604,-99.427,7.37223
11624,15.4646,115.676,6.44394
11625,15.4677,145.894,8.60662
11626,15.4697,154.647,6.13595
11627,15.4743,-94.319,7.64622
11628,15.4843,-139.345,6.02048
11629,15.4874,-102.053,6.44341
11630,15.4948,106.347,6.32688
11631,15.4975,162.398,7.63169
11632,15.4984,168.713,6.31369
11633,15.5019,-160.787,9.82332
11634,15.5083,43.6671,7.38086
11635,15.5109,-99.304,7.25476
11636,15.5111,168.345,7.33994
11637,15.5116,129.736,6.09197
11638,15.5268,-80.734,9.22412
11639,15.5277,-161.288,9.1848
11640,15.5302,-173.351,6.12339
11641,15.5336,-108.971,9.09787
11642,15.5448,148.544,6.68975
11643,15.5452,140.283,7.72484
11644,15.5473,113.947,6.89728
11645,15.5497,157.9,7.00985
11646,15.5534,105.474,6.62486
11647,15.5555,-118.892,6.18795
11648,15.5572,-130.112,6.12798
11649,15.5613,112.632,6.14346
11650,15.5632,-161.581,9.11318
11651,15.5674,-172.267,7.13427
11652,15.5703,-142.532,6.53325
11653,15.5703,121.975,6.98716
11654,15.5723,-118.493,7.36118
11655,15.573,72.4597,8.37173
11656,15.5739,-144.35,7.46843
11657,15.5864,150.728,6.17204
11658,15.5886,122.297,6.96487
11659,15.5974,-115.826,8.6333
11660,15.5998,-152.285,8.48447
11661,15.6044,113.371,8.55103
11662,15.6058,144.418,6.64662
11663,15.6115,-126.264,8.83814
11664,15.6134,169.537,6.5307
11665,15.6146,-167.239,8.59693
11666,15.617,-116.304,7.0989
11667,15.6183,40.9092,6.99046
11668,15.619,-144.019,9.59919
11669,15.6226,-162.123,6.276
11670,15.6226,132.577,9.03435
11671,15.6228,-108.19,7.82094
11672,15.6253,113.482,6.43094
11673,15.63,47.5145,9.67777
11674,15.6303,-162.683,6.31747
11675,15.6349,-89.4,8.79735
11676,15.6354,-157.637,9.50389
11677,15.6479,-162.392,9.46702
11678,15.6612,170.933,9.72977
11679,15.6614,112.651,6.37114
11680,15.671,-151.933,8.91111
11681,15.6758,136.602,7.44802
11682,15.6812,-152.037,7.81982
11683,15.6823,-176.343,7.75848
11684,15.6859,134.953,7.6826
11685,15.6956,125.947,6.55149
11686,15.6984,-129.381,6.81413
11687,15.7017,-161.226,6.11708
11688,15.7072,152.808,7.87136
11689,15.7078,126.531,9.29919
11690,15.7125,116.281,9.53977
11691,15.713,28.453,6.92225
11692,15.7235,155.947,6.35812
11693,15.7238,171.445,8.9625
11694,15.7239,-77.511,6.57845
11695,15.7255,131.564,6.71144
11696,15.7257,-78.826,7.11762
11697,15.7273,94.8666,6.63645
11698,15.7283,121.805,6.00533
11699,15.735,-116.555,7.79725
11700,15.7466,-155.239,7.50205
11701,15.7468,-156.326,6.43251
11702,15.7501,-115.083,6.61643
11703,15.7507,-136.997,8.49049
11704,15.7523,-98.03,7.52762
11705,15.755,-177.207,7.5491
11706,15.7669,48.7683,6.65026
11707,15.7673,-125.192,8.77859
11708,15.7754,40.7937,8.34249
11709,15.7762,169.836,8.59822
11710,15.78,-7.733,6.41645
11711,15.7879,-162.434,6.42054
11712,15.7884,144.669,9.5483
11713,15.7915,-169.389,9.17879
11714,15.7923,-103.065,9.88253
11715,15.795,-163.067,7.54725
11716,15.7967,-174.889,7.94557
11717,15.7993,-123.38,9.02212
11718,15.8103,97.3677,6.12573
11719,15.8107,-98.469,7.43425
11720,15.8182,146.098,6.63061
11721,15.8217,-107.044,7.71678
11722,15.8283,141.34,8.23257
11723,15.8344,97.705,7.23595
11724,15.8401,77.8305,6.02772
11725,15.8405,-168.026,7.40082
11726,15.8429,-160.796,7.63277
11727,15.8552,150.619,9.23632
11728,15.8582,123.44,6.96046
11729,15.8694,126.421,6.53911
11730,15.8713,-55.693,6.4652
11731,15.8714,-112.91,6.44054
11732,15.8715,73.8585,6.12718
11733,15.8808,165.83,7.16695
11734,15.8847,108.999,7.92341
11735,15.8853,166.33,7.79412
11736,15.8931,-94.858,8.84644
11737,15.8954,50.6787,9.71192
11738,15.9,135.523,9.1095
11739,15.9035,-71.79,9.87199
11740,15.9195,125.608,8.20587
11741,15.9264,128.951,6.09225
11742,15.9357,79.7491,7.47311
11743,15.9534,32.2448,6.56377
11744,15.9558,-169.27,9.49497
11745,15.9572,179.93,8.85144
11746,15.9613,-171.865,6.7771
11747,15.9621,-161.35,7.42256
11748,15.9649,50.0304,9.98163
11749,15.9651,-103.985,9.60223
11750,15.9742,-177.063,9.27015
11751,15.9764,-123.61,6.2591
11752,15.9819,166.062,6.07039
11753,15.9879,174.745,6.97451
11754,15.9899,126.72,7.26396
11755,15.9928,137.777,8.00448
11756,15.9945,-175.057,9.38257
11757,15.9959,153.105,6.08134
11758,15.9984,-123.373,7.32096
11759,16.0166,19.8399,6.17969
11760,16.0223,-42.626,8.33615
11761,16.0404,-175.473,6.14857
11762,16.0419,-26.198,8.5936
11763,16.0428,-82.497,8.36407
11764,16.0441,-129.358,7.64406
11765,16.0445,-8.732,8.19795
11766,16.0446,-170.679,9.24158
11767,16.0466,-137.681,6.42189
11768,16.0511,-179.043,8.2968
11769,16.0525,154.027,9.84379
11770,16.057,125.5,7.7715
11771,16.0574,169,8.146
11772,16.0722,-119.174,6.84744
11773,16.0881,-80.849,9.81619
11774,16.0896,113.35,9.69687
11775,16.093,119.323,6.85536
11776,16.0932,130.009,6.14234
11777,16.0942,-123.069,7.66759
11778,16.0977,-157.707,8.23086
11779,16.0984,-158.058,6.22669
11780,16.1067,-126.55,8.92689
11781,16.1116,-160.852,9.73712
11782,16.1151,-150.051,9.69816
11783,16.116,74.7654,6.81922
11784,16.1241,97.4191,7.06378
11785,16.1269,156.177,6.43006
11786,16.13,-148.745,8.53412
11787,16.1334,152.82,6.22382
11788,16.136,-152.661,7.37509
11789,16.1405,134.262,6.75749
11790,16.1468,75.5896,7.0205
11791,16.1485,145.573,7.42477
11792,16.1493,-141.566,6.52998
11793,16.1527,113.612,6.75434
11794,16.1573,116.563,8.79555
11795,16.1593,49.0913,6.70099
11796,16.1608,108.918,6.63384
11797,16.1618,-141.402,7.32249
11798,16.1624,97.2146,6.74778
11799,16.165,146.277,7.77258
11800,16.1679,154.376,7.82364
11801,16.1716,-179.969,6.0159
11802,16.1791,-132.982,6.33166
11803,16.1863,-140.449,8.80993
11804,16.1896,94.2577,6.41913
11805,16.1911,110.398,8.86019
11806,16.1972,-133.986,7.53226
11807,16.2013,98.1836,6.12579
11808,16.2108,136.4,9.38788
11809,16.2155,-171.679,6.75994
11810,16.2213,-179.119,8.72675
11811,16.2276,29.1859,8.19148
11812,16.2374,125.722,6.4132
11813,16.238,100.313,8.22076
11814,16.2459,152.901,7.58606
11815,16.2472,147.236,8.61295
11816,16.2564,-176.079,7.88405
11817,16.264,75.0795,6.73034
11818,16.2695,-168.748,6.39973
11819,16.274,-170.922,7.37109
11820,16.2751,-93.758,7.60528
11821,16.2755,-123.256,9.08281
11822,16.279,120.353,7.45839
11823,16.2887,-114.646,7.31047
11824,16.2911,178.619,6.9039
11825,16.2915,88.4037,7.76928
11826,16.2935,95.2542,7.70132
11827,16.3023,-163.266,9.70449
11828,16.3046,-99.458,6.67687
11829,16.3076,-161.6,7.36187
11830,16.3088,79.0721,7.48412
11831,16.3106,-158.955,9.00582
11832,16.3194,164.54,6.93739
11833,16.3199,148.193,9.04432
11834,16.3221,117.871,7.38301
11835,16.3246,158.663,8.97643
11836,16.3324,-144.274,6.18218
11837,16.3413,-133.967,6.87515
11838,16.3469,4.21709,7.81358
11839,16.3482,-2.338,7.28118
11840,16.3524,-170.713,7.07384
11841,16.356,105.29,7.96998
11842,16.3625,99.052,9.63251
11843,16.3651,97.8102,6.05724
11844,16.3678,-123.868,8.59379
11845,16.3744,78.9741,7.71291
11846,16.3794,-131.908,9.8557
11847,16.3796,100.797,7.28249
11848,16.3806,-158.261,9.1292
11849,16.3851,-83.476,9.22941
11850,16.3878,127.048,8.83031
11851,16.3951,43.0244,6.3565
11852,16.398,166.432,6.48199
11853,16.3997,97.9773,6.55011
11854,16.4052,146.922,9.46514
11855,16.406,40.9922,9.49805
11856,16.4082,-169.622,9.10032
11857,16.4189,131.276,7.18177
11858,16.4197,117.583,9.62989
11859,16.4203,45.2087,8.57052
11860,16.4204,-178.393,6.67813
11861,16.4271,75.0026,7.34155
11862,16.4311,153.264,7.60182
11863,16.4332,156.328,9.18615
11864,16.442,-109.651,7.30574
11865,16.445,-155.985,6.98901
11866,16.4475,-99.469,6.65875
11867,16.4543,-133.759,8.87563
11868,16.456,-114.793,8.50909
11869,16.4562,-126.668,9.14033
11870,16.4631,-92.836,7.60973
11871,16.4658,-168.383,6.06015
11872,16.4667,-143.522,8.75168
11873,16.4729,167.249,6.08098
11874,16.4802,164.034,7.26309
11875,16.4833,-128.701,6.154
11876,16.4936,-97.127,8.15984
11877,16.4975,-132.413,7.41074
11878,16.5033,-2.357,7.90838
11879,16.5176,-160.675,7.16704
11880,16.5227,104.306,6.25295
11881,16.5266,-105.371,9.65804
11882,16.5273,130.85,8.15671
11883,16.5339,-124.382,8.23209
11884,16.5351,175.76,7.36354
11885,16.5412,-176.001,6.29342
11886,16.5477,-130.49,6.64662
11887,16.5507,-164.116,7.36755
11888,16.552,-126.862,6.74855
11889,16.5592,-108.755,9.60463
11890,16.567,-126.262,6.8361
11891,16.5736,145.343,8.60465
11892,16.582,3.29086,6.74349
11893,16.5821,123.537,9.58403
11894,16.5887,166.269,8.689
11895,16.59,-115.821,8.60621
11896,16.6127,-115.234,8.1741
11897,16.6128,-93.781,8.11357
11898,16.6139,45.205,6.36665
11899,16.6152,160.731,8.73049
11900,16.6203,-130.048,8.21318
11901,16.6228,-141.358,6.0946
11902,16.6258,127.203,6.66819
11903,16.6305,-155.139,7.06141
11904,16.6307,-113.317,6.2746
11905,16.6326,19.2025,6.56682
11906,16.6433,142.968,7.38229
11907,16.644,49.0062,6.55591
11908,16.6452,-115.008,6.50254
11909,16.6485,89.0547,8.73388
11910,16.6495,-142.046,6.44761
11911,16.6507,129.237,7.7356
11912,16.6572,98.0676,9.91191
11913,16.6685,142.72,8.26369
11914,16.6705,165.722,8.73686
11915,16.671,144.086,7.77733
11916,16.6723,-162.365,7.1744
11917,16.6798,177.349,8.52781
11918,16.6844,152.052,6.22871
11919,16.6915,133.743,6.14603
11920,16.6916,33.4881,6.53665
11921,16.692,150.308,6.44709
11922,16.6934,-116.381,9.91841
11923,16.6972,121.643,7.66926
11924,16.6997,79.0973,7.53883
11925,16.7012,178.854,6.00504
11926,16.711,-94.486,6.68517
11927,16.7136,150.976,8.71256
11928,16.7213,-123.624,9.86576
11929,16.73,89.1115,7.80923
11930,16.7337,146.237,9.86128
11931,16.7377,164.61,6.35764
11932,16.74,120.838,6.26639
11933,16.7489,118.527,8.69909
11934,16.7511,171.616,7.35771
11935,16.7516,-170.766,7.61513
11936,16.7519,-171.008,7.32845
11937,16.7679,-136.565,7.02042
11938,16.7706,153.449,6.14676
11939,16.774,89.8415,8.27447
11940,16.775,-146.329,6.99257
11941,16.7782,-119.881,6.66872
11942,16.779,172.459,9.39467
11943,16.7794,126.58,9.89414
11944,16.7802,135.912,6.40694
11945,16.7884,134.628,9.99376
11946,16.7891,-101.76,6.48075
11947,16.8136,-95.469,9.52135
11948,16.819,160.649,7.52248
11949,16.8259,-142.963,7.16116
11950,16.8277,-160.998,8.11265
11951,16.8347,-85.802,7.92469
11952,16.836,174.603,9.25436
11953,16.8372,97.0719,6.47604
11954,16.8383,156.243,6.83117
11955,16.8399,88.7978,6.62799
11956,16.8416,-138.718,9.43698
11957,16.8447,155.988,6.15509
11958,16.8456,127.189,6.58572
11959,16.8466,168.244,6.57095
11960,16.85,171.19,8.83128
11961,16.8609,153.888,9.85119
11962,16.8686,135.363,9.08675
11963,16.869,155.319,9.06199
11964,16.8742,-174.021,9.22067
11965,16.8854,-119.378,6.39314
11966,16.8868,-30.028,7.23471
11967,16.8875,150.783,8.92629
11968,16.8916,168.114,6.49022
11969,16.9064,-92.074,9.53167
11970,16.9089,-41.998,6.08981
11971,16.909,87.7021,7.05491
11972,16.9124,-116.713,8.84827
11973,16.9132,154.945,6.9453
11974,16.9144,155.616,6.7476
11975,16.9266,-169.1,6.29679
11976,16.928,-93.893,7.59178
11977,16.9282,-159.828,6.03656
11978,16.9338,-115.929,7.21621
11979,16.9357,105.634,6.92162
11980,16.9367,72.9998,7.60464
11981,16.9375,-176.702,7.00496
11982,16.9423,150.132,6.9897
11983,16.944,-156.466,8.04585
11984,16.9465,118.423,8.87576
11985,16.9496,161.073,9.07607
11986,16.9525,4.69804,8.11493
11987,16.9534,-116.367,9.31869
11988,16.9625,149.591,7.81898
11989,16.9626,-155.546,7.03945
11990,16.9641,169.825,6.87079
11991,16.9672,161.398,9.12266
11992,16.9805,158.651,6.42026
11993,16.9828,46.329,8.08558
11994,16.9831,123.347,8.62877
11995,16.9885,-177.607,9.79334
11996,16.9905,88.1565,8.61452
11997,16.9908,-174.43,6.75242
11998,17.008,-166.311,6.26061
11999,17.0108,-172.513,9.30294
12000,17.0206,-103.8,7.55817
12001,17.0242,109.142,6.84779
12002,17.036,163.91,7.21392
12003,17.0433,158.479,6.26128
12004,17.0439,75.3466,7.45879
12005,17.0441,-88.496,6.90827
12006,17.0467,159.906,7.58079
12007,17.0469,169.194,8.0712
12008,17.0523,118.168,8.14502
12009,17.0527,76.0444,8.61488
12010,17.0547,132.683,7.85721
12011,17.0553,-149.181,8.85768
12012,17.0578,165.996,9.80089
12013,17.0588,-161.977,7.03468
12014,17.0597,125.454,6.21955
12015,17.0608,148.104,6.32126
12016,17.0625,-21.502,7.32466
12017,17.0639,-94.747,7.50297
12018,17.0642,13.3836,6.42243
12019,17.0665,129.928,9.74899
12020,17.0683,141.094,7.55626
12021,17.0764,98.336,7.20273
12022,17.0774,87.6996,9.28087
12023,17.0879,168.406,6.17766
12024,17.089,46.3993,6.96154
12025,17.091,160.908,8.10306
12026,17.0972,-92.753,6.76442
12027,17.1007,-148.029,8.83252
12028,17.1017,-96.161,7.45049
12029,17.1047,124.811,7.57693
12030,17.1054,-163.56,8.65514
12031,17.1176,109.93,6.52577
12032,17.1253,153.008,6.18421
12033,17.1266,-122.399,7.43194
12034,17.1338,-146.965,6.06136
12035,17.1356,150.367,9.9956
12036,17.1408,48.4473,6.62961
12037,17.1456,126.292,8.3405
12038,17.1479,154.043,6.3228
12039,17.1508,121.926,6.97931
12040,17.1536,159.291,8.0655
12041,17.1548,-128.033,7.67962
12042,17.1569,-75.414,6.09875
12043,17.1578,-179.562,6.78148
12044,17.1659,169.94,9.68531
12045,17.1664,-154.052,6.96843
12046,17.1699,-1.87,6.29263
12047,17.1731,-130.538,8.39066
12048,17.1787,95.0607,6.97679
12049,17.179,-138.748,7.39227
12050,17.1807,165.469,6.99275
12051,17.1818,150.097,7.42658
12052,17.1917,-129.794,6.33794
12053,17.1935,-157.714,6.08316
12054,17.2058,-94.854,6.02618
12055,17.2092,-176.15,7.43004
12056,17.2096,-152.174,6.596
12057,17.2126,141.358,7.63242
12058,17.2144,-169.77,7.62716
12059,17.218,138.286,9.34642
12060,17.221,152.863,7.01363
12061,17.2222,144.116,9.086
12062,17.2297,140.763,9.00451
12063,17.2342,-172.814,7.35582
12064,17.2347,75.7519,8.83144
12065,17.2361,86.3778,6.15299
12066,17.2452,-160.155,7.12134
12067,17.246,175.792,9.23363
12068,17.2485,167.61,6.9499
12069,17.2512,-150.952,9.79724
12070,17.2593,134.317,9.54274
12071,17.2672,151.881,8.25195
12072,17.2688,156.487,7.21116
12073,17.2818,-171.694,6.57861
12074,17.2837,105.615,6.40852
12075,17.2863,73.118,6.81245
12076,17.2869,162.559,6.13267
12077,17.2989,169.499,6.81162
12078,17.2999,124.46,6.98275
12079,17.3083,72.5521,8.70649
12080,17.3138,-100.13,8.29985
12081,17.3347,91.8153,6.63286
12082,17.3359,164.508,7.3962
12083,17.3418,-27.171,6.70629
12084,17.351,-2.351,8.30512
12085,17.3569,-142.36,8.38421
12086,17.361,-93.31,8.58691
12087,17.3637,124.835,9.49865
12088,17.371,161.448,8.02583
12089,17.3722,-137.408,6.26581
12090,17.3755,-55.008,6.31687
12091,17.3764,-138.614,8.46233
12092,17.3834,122.067,8.01866
12093,17.3879,136.406,6.37915
12094,17.3898,-86.256,7.24397
12095,17.3919,156.249,6.14996
12096,17.3969,140.503,9.022
12097,17.4065,44.8979,6.44282
12098,17.4075,168.948,9.87622
12099,17.4105,-117.86,9.02295
12100,17.4158,-177.945,6.76941
12101,17.4262,74.7745,6.73337
12102,17.429,162.888,6.43527
12103,17.4299,-119.922,8.46411
12104,17.4307,127.323,8.38676
12105,17.433,170.657,6.39618
12106,17.441,-155.347,7.95007
12107,17.4443,161.742,9.50512
12108,17.4463,146.152,9.00749
12109,17.4594,-178.999,6.70167
12110,17.4621,39.06,8.20665
12111,17.4642,-139.195,6.80561
12112,17.4664,-93.635,8.10897
12113,17.4711,-178.663,9.65691
12114,17.4716,46.2121,7.15264
12115,17.4774,-174.241,8.90454
12116,17.4924,-91.39,9.52685
12117,17.5022,105.259,7.64249
12118,17.5069,-164.183,9.71604
12119,17.5216,90.4197,9.95115
12120,17.5237,-164.477,8.84007
12121,17.5304,134.678,6.99884
12122,17.5422,-145.294,8.03426
12123,17.5446,-137.165,8.52453
12124,17.5495,-159.476,6.99238
12125,17.5502,67.0127,7.19706
12126,17.5509,-104.423,6.71256
12127,17.5531,152.973,6.23112
12128,17.5533,-120.711,9.47778
12129,17.558,157.45,8.65266
12130,17.5593,-21.747,8.53448
12131,17.5615,129.31,6.33059
12132,17.5617,134.921,7.06461
12133,17.5658,81.2546,8.28506
12134,17.5693,114.101,6.43336
12135,17.581,161.199,7.11742
12136,17.5824,-111.169,6.86093
12137,17.5908,136.628,6.89679
12138,17.5918,-110.941,6.10121
12139,17.5933,143.31,7.86527
12140,17.6021,-138.421,6.53251
12141,17.6081,-143.179,6.12303
12142,17.6163,9.10358,8.35543
12143,17.6164,-159.886,6.59489
12144,17.6223,125.697,7.26977
12145,17.623,-169.312,7.70546
12146,17.6234,-89.384,7.76175
12147,17.6376,166.243,7.89062
12148,17.652,-159.596,6.63131
12149,17.656,130.114,6.27218
12150,17.6608,80.6004,7.79033
12151,17.6613,-94.042,6.58634
12152,17.6727,-137.715,6.82949
12153,17.68,164.754,6.52581
12154,17.6813,144.223,6.54438
12155,17.6912,-73.124,6.07673
12156,17.692,-129.999,7.64474
12157,17.6994,152.683,6.58437
12158,17.7007,168.711,6.30326
12159,17.7111,146.746,8.27704
12160,17.7184,121.165,6.14473
12161,17.7281,145.948,7.30784
12162,17.7301,-91.403,6.22496
12163,17.7322,-145.172,7.31941
12164,17.7323,-144.993,7.78143
12165,17.7333,-95.844,6.37772
12166,17.743,-140.997,8.87209
12167,17.7458,165.356,7.62857
12168,17.7461,131.468,7.80903
12169,17.7468,-167.891,7.31835
12170,17.7496,-146.938,8.34914
12171,17.7515,140.15,6.91495
12172,17.7534,124.194,8.30796
12173,17.7578,173.066,9.72102
12174,17.7611,-100.521,6.49954
12175,17.7663,-124.991,6.01977
12176,17.7711,-79.176,6.43321
12177,17.772,-175.948,6.84362
12178,17.7734,169.433,6.32803
12179,17.7765,-139.165,6.63229
12180,17.7839,139.879,7.82851
12181,17.7843,-158.658,6.24539
12182,17.7855,128.539,6.67391
12183,17.7879,-151.708,9.3283
12184,17.7881,-120.553,7.73529
12185,17.7889,129.09,6.79348
12186,17.7974,107.472,6.41292
12187,17.8043,-129.104,6.23755
12188,17.8048,-92.276,8.3456
12189,17.8092,-120.866,9.63712
12190,17.812,175.411,7.91051
12191,17.8143,-165.629,7.44152
12192,17.8145,-110.788,6.15485
12193,17.816,165.767,9.55453
12194,17.817,174.9,6.00642
12195,17.8229,-170.473,6.67032
12196,17.8285,-107.683,7.58946
12197,17.8308,132.293,7.72062
12198,17.836,89.0391,7.16311
12199,17.8364,122.339,8.50902
12200,17.8373,-100.102,6.12141
12201,17.8416,23.5347,8.75563
12202,17.8422,-141.118,7.87034
12203,17.8471,167.384,7.94909
12204,17.8516,-179.654,6.68044
12205,17.8539,127.524,7.38735
12206,17.8611,-86.549,6.02165
12207,17.8621,50.1357,8.99529
12208,17.8699,-131.648,9.68294
12209,17.8704,-171.673,9.88526
12210,17.8741,120.326,6.84161
12211,17.8817,170.772,8.97688
12212,17.8833,145.291,7.91117
12213,17.8834,-139.647,8.13859
12214,17.8845,127.246,6.90152
12215,17.8856,-156.864,7.05355
12216,17.8887,119.388,6.17606
12217,17.9001,162.44,8.77576
12218,17.9034,-94.482,7.64376
12219,17.9043,169.536,9.58093
12220,17.9073,179.299,7.06352
12221,17.9171,-92.448,8.39047
12222,17.9184,-168.866,7.91442
12223,17.9199,139.647,8.56124
12224,17.9227,-174.137,6.04303
12225,17.927,-139.313,6.56341
12226,17.9283,-144.68,6.7167
12227,17.9295,-173.516,8.71733
12228,17.9313,140.969,9.36349
12229,17.9314,-165.479,9.50451
12230,17.9351,146.902,7.13769
12231,17.9371,176.046,9.61824
12232,17.9387,-87.853,9.92759
12233,17.9431,132.524,6.32145
12234,17.944,-169.362,6.93836
12235,17.9505,-145.411,7.95559
12236,17.9521,100.328,7.56467
12237,17.9538,-98.175,9.23821
12238,17.9564,-99.118,8.11398
12239,17.9585,158.756,8.09296
12240,17.959,164.365,7.84086
12241,17.9593,-128.93,8.7737
12242,17.96,128.912,7.23153
12243,17.9601,128.362,9.35634
12244,17.962,-178.143,9.43505
12245,17.9644,141.611,6.43515
12246,17.9697,-100.131,8.1315
12247,17.9729,124.907,8.61124
12248,17.9764,145.532,6.96753
12249,17.9808,160.324,6.79943
12250,17.9839,77.5229,7.82101
12251,17.9858,12.9701,6.53925
12252,17.9937,127.568,8.59974
12253,17.9977,-117.903,7.45436
12254,18.0004,-129.211,7.63457
12255,18.0038,70.5666,9.13447
12256,18.0039,147.316,6.31817
12257,18.0092,169.466,8.37282
12258,18.0132,-4.765,6.14404
12259,18.0156,-169.516,6.05494
12260,18.0166,-174.395,7.16935
12261,18.02,-174.518,7.45144
12262,18.0299,-126.752,6.82313
12263,18.0328,-100.267,9.63896
12264,18.0366,-99.291,9.62729
12265,18.0372,153.244,6.87009
12266,18.062,173.492,8.96072
12267,18.0631,-155.14,6.78429
12268,18.0632,124.012,8.224
12269,18.0645,121.486,6.77292
12270,18.0657,120.644,8.58739
12271,18.0692,177.267,6.30512
12272,18.0704,159.195,9.39953
12273,18.0714,-157.018,7.71602
12274,18.083,-94.706,8.80602
12275,18.0895,138.801,6.45422
12276,18.0978,-176.796,8.01022
12277,18.1028,-143.122,7.62936
12278,18.1039,100.86,7.3077
12279,18.1166,167.434,7.06344
12280,18.1193,179.382,9.17389
12281,18.1199,-174.955,9.55189
12282,18.1301,-130.452,6.48029
12283,18.1303,166.711,8.76579
12284,18.1365,-156.07,7.11357
12285,18.1452,-111.194,7.39843
12286,18.1509,-139.078,8.1167
12287,18.1551,177.594,7.16552
12288,18.1555,104.356,6.554
12289,18.1608,-118.686,9.77494
12290,18.1629,-93.362,8.96572
12291,18.1633,156.126,6.453
12292,18.1646,114.769,8.72691
12293,18.1647,-119.028,6.49697
12294,18.1658,167.67,9.53373
12295,18.1661,158.66,6.20847
12296,18.1679,122.691,6.59153
12297,18.1777,129.335,6.64429
12298,18.1779,171.287,8.27912
12299,18.1805,-155.187,7.28493
12300,18.2035,100.719,8.66397
12301,18.2118,-177.194,8.7415
12302,18.2143,161.696,7.20517
12303,18.2201,99.4422,6.06707
12304,18.2214,96.6804,6.38145
12305,18.2278,-139.314,6.90892
12306,18.231,149.223,6.52668
12307,18.2311,165.143,8.98868
12308,18.2312,140.318,6.33624
12309,18.2396,-98.233,6.79408
12310,18.2426,122.286,8.1775
12311,18.2455,144.974,9.02881
12312,18.2538,-100.632,8.90159
12313,18.254,-75.448,8.58413
12314,18.2672,-126.922,8.02426
12315,18.2773,-173.691,7.22568
12316,18.2844,70.5852,8.15253
12317,18.2873,-91.229,8.86499
12318,18.2957,107.004,6.9328
12319,18.2966,-161.217,9.16829
12320,18.2966,152.239,6.28189
12321,18.3006,163.683,6.17
12322,18.3058,-174.774,7.23774
12323,18.3104,140.383,8.50365
12324,18.3209,77.8527,6.8274
12325,18.3217,88.3363,9.59062
12326,18.324,162.652,9.61336
12327,18.3267,165.686,6.74444
12328,18.337,168.321,6.63441
12329,18.3403,42.01,6.99368
12330,18.3548,-109.162,9.32911
12331,18.3554,109.408,6.22576
12332,18.3578,124.088,6.81414
12333,18.3587,-174.123,8.03733
12334,18.3666,115.374,7.02904
12335,18.3756,-172.794,7.1562
12336,18.3785,-156.264,8.88724
12337,18.3941,69.5167,8.92798
12338,18.3967,100.561,8.06108
12339,18.3982,130.09,6.69645
12340,18.3985,133.695,6.90997
12341,18.4026,172.604,6.89432
12342,18.4033,173.682,6.72826
12343,18.4044,108.218,8.55621
12344,18.4104,-151.912,8.95068
12345,18.4128,123.312,7.27923
12346,18.4137,128.035,8.53789
12347,18.4202,93.0471,9.54544
12348,18.4218,109.809,9.65558
12349,18.4227,-152.194,6.79642
12350,18.4248,80.256,6.70196
12351,18.4338,149.226,7.34386
12352,18.4422,-145.57,9.7102
12353,18.4455,-96.085,7.13439
12354,18.4507,-151.464,9.14065
12355,18.4534,95.2371,9.72078
12356,18.4551,-117.504,8.23257
12357,18.4566,-121.593,8.77112
12358,18.4609,106.597,6.0388
12359,18.4704,156.596,7.47022
12360,18.4725,-161.174,6.73112
12361,18.4799,153.088,6.44767
12362,18.4817,84.8223,6.69993
12363,18.4858,-99.537,7.96832
12364,18.4885,138.573,7.45171
12365,18.489,131.886,7.49994
12366,18.4904,-110.204,6.90747
12367,18.4984,165.92,9.16903
12368,18.4999,94.3426,9.10316
12369,18.5052,-164.397,6.14827
12370,18.5055,-165.322,8.34651
12371,18.5075,-105.803,8.91627
12372,18.5117,108.043,6.28881
12373,18.517,-157.106,7.20827
12374,18.5189,149.701,6.26333
12375,18.5278,-95.69,6.50057
12376,18.5295,-175.122,7.81371
12377,18.5331,-176.549,8.54751
12378,18.5371,-3.923,7.18988
12379,18.539,100.451,6.88943
12380,18.5409,145.818,9.63263
12381,18.5412,177.229,9.29382
12382,18.5419,-134.749,9.15571
12383,18.5449,-121.092,7.83961
12384,18.5513,-77.104,7.57309
12385,18.5534,-161.427,8.5825
12386,18.5559,-153.699,9.17334
12387,18.5569,128.471,6.40026
12388,18.5623,165.658,6.30943
12389,18.5713,151.816,8.45052
12390,18.5759,165.147,8.30506
12391,18.5774,-159.404,7.59147
12392,18.5781,-117.851,9.60526
12393,18.5886,69.0382,7.22593
12394,18.5918,88.0638,8.67539
12395,18.6054,-149.996,7.73619
12396,18.609,-170.572,8.63771
12397,18.6141,46.534,8.14882
12398,18.6361,69.7038,8.07766
12399,18.6364,87.3093,8.63708
12400,18.6381,73.3177,6.60059
12401,18.6437,-104.144,6.50902
12402,18.6457,73.7264,6.69065
12403,18.6651,-161.011,7.13339
12404,18.6659,128.132,6.13816
12405,18.6683,-119.44,9.61885
12406,18.6734,172.013,7.05482
12407,18.6792,144.991,6.17321
12408,18.6833,-124.652,6.69812
12409,18.6851,-175.307,7.91887
12410,18.6879,100.349,8.38286
12411,18.6889,-161.235,7.5445
12412,18.6922,71.5994,7.31374
12413,18.7037,88.8649,6.45392
12414,18.7078,-143.652,7.21843
12415,18.7125,-84.732,6.95591
12416,18.7176,-162.729,7.05788
12417,18.7303,95.1629,9.6764
12418,18.7305,-102.804,6.25762
12419,18.7424,151.555,6.07895
12420,18.7478,129.375,7.44574
12421,18.7511,147.503,9.35343
12422,18.7544,-78.386,6.61235
12423,18.7616,138.602,6.51251
12424,18.7746,74.5083,9.82241
12425,18.7768,162.643,6.05421
12426,18.7787,-91.931,9.06647
12427,18.7807,-94.023,9.09461
12428,18.7814,97.4576,6.58943
12429,18.7826,67.2608,6.96761
12430,18.788,176.488,9.53866
12431,18.7889,73.2298,7.22263
12432,18.7962,139.397,9.64513
12433,18.8047,-169.828,8.23873
12434,18.8075,73.7897,7.89912
12435,18.8076,83.4473,7.27225
12436,18.8082,174.01,7.08562
12437,18.8122,-117.488,9.12742
12438,18.8194,-100.844,8.67811
12439,18.8261,144.405,6.26266
12440,18.84,-87.161,8.39231
12441,18.8423,41.4271,6.06449
12442,18.844,-86.511,6.05892
12443,18.8476,162.74,6.73631
12444,18.8479,109.466,7.9607
12445,18.8483,122.62,6.4529
12446,18.8505,103.386,7.37437
12447,18.8552,-122.025,6.00168
12448,18.8625,163.965,7.97023
12449,18.8676,-152.208,7.45934
12450,18.8687,106.311,7.16616
12451,18.8741,164.775,7.4815
12452,18.8769,-100.61,6.03663
12453,18.8797,136.228,6.81884
12454,18.8801,169.971,6.93762
12455,18.8814,124.987,6.18133
12456,18.8904,109.662,7.24938
12457,18.8908,137.607,6.20807
12458,18.8926,96.3499,9.68442
12459,18.8954,163.473,7.96615
12460,18.8995,-103.679,8.85437
12461,18.9001,-162.851,6.04717
12462,18.9054,96.9143,7.16846
12463,18.9057,-177.539,9.36541
12464,18.9074,-101.33,8.28635
12465,18.9086,76.2685,7.79882
12466,18.9109,137.208,6.04743
12467,18.9146,-161.089,7.99434
12468,18.9192,110.619,7.50336
12469,18.923,-179.535,8.60432
12470,18.9254,133.272,7.26677
12471,18.9351,30.0228,9.82178
12472,18.952,-170.956,7.35016
12473,18.9594,71.2093,7.03104
12474,18.9626,127.763,7.1513
12475,18.9672,81.8146,6.23196
12476,18.9685,-130.049,6.53161
12477,18.9705,-122.74,6.51418
12478,18.9708,142.104,7.42322
12479,18.9714,-111.377,6.11588
12480,18.9807,-88.162,9.34146
12481,18.9827,-89.347,9.01076
12482,18.9971,-87.842,9.94412
12483,18.9993,-176.492,7.51193
12484,19.0015,151.73,9.11074
12485,19.0035,-104.279,7.33908
12486,19.0072,-134.132,6.41373
12487,19.0114,42.0157,7.88049
12488,19.0116,141.621,9.43316
12489,19.0203,43.4624,7.14323
12490,19.0233,114.177,6.79056
12491,19.0234,-151.135,6.85789
12492,19.0236,142.344,6.3656
12493,19.0288,110.8,7.69664
12494,19.0295,146.175,8.11815
12495,19.031,171.023,9.6577
12496,19.0444,-106.478,9.61985
12497,19.0454,-0.385,9.33531
12498,19.0524,148.346,7.0991
12499,19.0595,-154.039,6.15611
12500,19.0623,-122.868,6.6155
12501,19.0635,-170.133,7.09382
12502,19.0685,161.104,8.58273
12503,19.0752,-102.393,6.20231
12504,19.0792,160.364,8.02642
12505,19.0817,84.5583,8.23979
12506,19.0954,-103.662,7.37107
12507,19.0955,-88.773,7.67394
12508,19.0989,-122.117,9.5977
12509,19.1016,78.5204,7.005
12510,19.1067,137.088,6.33992
12511,19.1125,-116.335,9.67773
12512,19.1192,9.0157,7.89547
12513,19.1333,144.542,9.2346
12514,19.1365,-175.883,9.59927
12515,19.1366,100.001,7.13745
12516,19.1428,167.958,9.78929
12517,19.145,171.672,9.55534
12518,19.1462,88.8271,9.32319
12519,19.1503,-177.445,6.08135
12520,19.1536,109.114,8.22433
12521,19.1552,-126.106,6.90238
12522,19.161,133.063,9.03989
12523,19.1635,140.648,8.94346
12524,19.1674,174.908,9.49442
12525,19.17,111.81,8.16204
12526,19.1707,158.924,9.32156
12527,19.1742,82.9733,8.53993
12528,19.1764,90.4687,7.37538
12529,19.1777,71.0809,6.88527
12530,19.1795,67.2857,6.2017
12531,19.1797,-153.235,9.50015
12532,19.1867,-110.707,8.27062
12533,19.1895,175.959,6.76372
12534,19.1903,108.44,6.72239
12535,19.191,-94.496,9.20628
12536,19.1912,-129.975,6.64257
12537,19.1915,-129.576,7.77484
12538,19.2028,176.739,6.70846
12539,19.2049,-93.966,6.72928
12540,19.2051,-163.034,6.39918
12541,19.2057,140.768,9.24833
12542,19.2073,-105.042,9.7862
12543,19.2115,106.784,7.87546
12544,19.2143,-121.574,6.28949
12545,19.2157,-94.802,8.35692
12546,19.2255,145.451,8.93443
12547,19.2325,-86.366,9.55435
12548,19.2339,147.028,7.1735
12549,19.2343,-155.613,8.32621
12550,19.2369,-179.065,9.96129
12551,19.2398,-85.879,9.80455
12552,19.2419,156.499,7.02163
12553,19.2508,107.692,9.60528
12554,19.2532,104.756,6.59593
12555,19.258,-155.963,8.15995
12556,19.2592,-177.621,9.49244
12557,19.2645,99.8743,7.18612
12558,19.2706,-159.881,7.48365
12559,19.2728,162.468,9.5419
12560,19.2735,122.456,6.02314
12561,19.2791,172.988,8.81278
12562,19.28,30.8705,7.58124
12563,19.2831,129.467,7.15002
12564,19.2867,177.274,8.66505
12565,19.2878,122.316,6.93327
12566,19.2892,-126.37,7.21644
12567,19.2904,-88.839,6.57749
12568,19.2914,124.43,7.49357
12569,19.296,-154.93,7.33989
12570,19.296,168.618,6.55639
12571,19.2992,169.258,7.32914
12572,19.3099,-87.74,8.49597
12573,19.3114,166.298,7.52039
12574,19.3136,-157.618,8.17789
12575,19.32,70.2771,6.12831
12576,19.3209,-120.166,6.32436
12577,19.3213,163.823,8.87289
12578,19.3275,70.6038,6.23845
12579,19.3308,-80.947,7.11609
12580,19.3355,-144.871,8.56813
12581,19.3369,-80.662,7.50933
12582,19.3407,-121.407,7.22967
12583,19.3477,109.43,6.40575
12584,19.3538,133.286,6.98612
12585,19.3687,-162.308,6.44563
12586,19.3699,-175.226,8.24422
12587,19.3735,-129.088,8.64345
12588,19.3781,152.973,9.29252
12589,19.4087,129.158,7.13244
12590,19.4106,72.2704,8.29331
12591,19.411,-127.361,9.56647
12592,19.4134,-131.018,8.28521
12593,19.4142,99.7168,7.16675
12594,19.4253,-111.728,6.60003
12595,19.4321,-170.877,6.22678
12596,19.4353,93.5406,8.33865
12597,19.4471,164.932,7.73871
12598,19.4607,-147.134,8.21584
12599,19.467,170.281,9.30719
12600,19.4692,-90.621,6.33655
12601,19.4879,111.779,7.24158
12602,19.4893,-90.387,6.77001
12603,19.4944,-157.445,7.66701
12604,19.4958,3.61961,7.74792
12605,19.4988,-155.732,9.76154
12606,19.5112,50.9682,7.10504
12607,19.5164,159.097,6.41839
12608,19.5191,85.0095,6.56057
12609,19.5207,122.497,9.84566
12610,19.5211,-126.523,6.14386
12611,19.5257,-103.778,9.32255
12612,19.5268,150.309,6.91776
12613,19.5283,160.319,9.45336
12614,19.5304,150.134,7.2166
12615,19.54,-130.492,6.45854
12616,19.5566,124.083,8.73173
12617,19.5595,128.069,8.8455
12618,19.56,-125.379,8.4071
12619,19.5604,150.537,6.63143
12620,19.5674,-130.918,7.7572
12621,19.5687,98.7459,6.70125
12622,19.5735,158.929,7.06889
12623,19.5745,-142.379,6.91546
12624,19.5818,163.983,7.70581
12625,19.5829,-176.275,9.36602
12626,19.5863,-116.295,6.96287
12627,19.5897,120.842,6.31975
12628,19.6024,-122.591,8.69585
12629,19.6052,133.141,8.4068
12630,19.6062,131.007,8.97684
12631,19.6087,-106.884,6.49389
12632,19.6133,156.699,9.81779
12633,19.6138,-162.458,8.44702
12634,19.6146,-163.689,8.03851
12635,19.6151,-131.431,7.39407
12636,19.6166,-76.902,6.72644
12637,19.6187,128.939,9.43445
12638,19.6188,-126.068,9.72916
12639,19.6228,15.4371,6.07804
12640,19.6343,162.72,9.47815
12641,19.6377,42.217,6.41516
12642,19.6416,-167.981,9.72707
12643,19.6446,135.5,6.75617
12644,19.645,100.362,7.95306
12645,19.6473,-88.339,9.28964
12646,19.6484,174.935,6.93003
12647,19.6492,-84.899,7.70311
12648,19.6516,174.525,8.58463
12649,19.6551,-128.946,6.54931
12650,19.6581,-118.482,8.61345
12651,19.6656,-138.139,7.3794
12652,19.6669,113.62,7.83858
12653,19.6734,68.143,9.46574
12654,19.6741,136.615,6.23471
12655,19.6768,4.38665,6.13204
12656,19.6831,178.8,8.9222
12657,19.6853,-142.054,7.83185
12658,19.6899,-115.811,7.62427
12659,19.7032,35.2425,7.09681
12660,19.7072,-171.809,8.84857
12661,19.7079,-128.759,7.49146
12662,19.7122,156.428,7.75035
12663,19.7228,142.376,6.8622
12664,19.7267,98.5376,7.21207
12665,19.7323,-150.406,8.30273
12666,19.7386,-172.174,7.2058
12667,19.7402,-156.244,8.21508
12668,19.742,97.8941,7.98215
12669,19.7438,-142.945,8.01204
12670,19.7522,169.809,7.82826
12671,19.7555,33.2088,6.04004
12672,19.7608,150.268,6.08014
12673,19.7611,163.872,6.57032
12674,19.7633,-153.226,6.32949
12675,19.7638,-1.895,6.07086
12676,19.7643,-41.728,9.15977
12677,19.7663,122.61,6.54622
12678,19.7715,-157.322,7.06471
12679,19.7736,129.153,6.04093
12680,19.7758,42.8231,6.23492
12681,19.7832,101.657,8.18112
12682,19.7904,-124.386,6.37643
12683,19.7962,-111.902,7.58276
12684,19.7996,-139.944,9.44357
12685,19.7996,-128.007,9.34698
12686,19.8011,-102.266,9.18851
12687,19.8022,-146.203,7.16349
12688,19.8034,163.653,6.39371
12689,19.8136,-165.224,8.26566
12690,19.8213,-117.89,7.28316
12691,19.8239,80.5226,6.45262
12692,19.8251,147.47,7.78164
12693,19.8306,156.141,6.45809
12694,19.8325,-120.615,6.55984
12695,19.8331,-105.877,9.59638
12696,19.8378,147.982,9.28497
12697,19.8385,112.077,6.83597
12698,19.8481,-170.697,8.35046
12699,19.8683,109.408,9.52653
12700,19.8717,156.428,8.88484
12701,19.8727,127.54,7.44137
12702,19.8764,176.767,8.12664
12703,19.8962,42.4062,6.25156
12704,19.9009,173.838,6.3651
12705,19.9025,115.218,7.96172
12706,19.9055,169.058,7.29728
12707,19.9095,-90.854,6.67133
12708,19.9105,160.515,8.33589
12709,19.9159,134.94,6.34581
12710,19.919,164.208,8.93515
12711,19.9233,50.1461,8.06186
12712,19.9239,-172.728,8.35758
12713,19.9284,-121.864,8.187
12714,19.9311,130.832,9.41677
12715,19.9355,-127.959,9.04158
12716,19.9367,126.928,9.15581
12717,19.9378,179.988,6.79441
12718,19.9387,92.0837,7.26364
12719,19.9407,155.969,6.52921
12720,19.9514,-119.823,7.11535
12721,19.9517,-122.154,8.59925
12722,19.9535,142.296,8.1289
12723,19.9565,113.831,6.20987
12724,19.9574,156.133,7.28772
12725,19.9585,159.113,7.30796
12726,19.9598,67.4098,7.05049
12727,19.9673,-170.369,9.01278
12728,19.9844,-175.296,7.11358
12729,19.9874,-171.713,8.2316
12730,19.9888,176.052,8.78624
12731,19.9906,-120.096,9.65755
12732,19.9947,125.815,6.64402
12733,19.9952,158.028,6.00211
12734,20.0008,-131.638,7.69673
12735,20.0068,90.2061,7.14173
12736,20.0106,124.922,9.80435
12737,20.0111,136.287,8.17641
12738,20.014,-95.039,9.87717
12739,20.0143,174.074,8.60782
12740,20.0172,36.3028,7.65077
12741,20.0175,-32.872,6.02167
12742,20.0242,-166.854,9.9072
12743,20.0251,76.3876,9.83977
12744,20.0307,126.132,9.21592
12745,20.0448,-151.068,9.5143
12746,20.0496,-142.209,8.06129
12747,20.0501,165.285,8.36393
12748,20.0505,-150.722,6.19156
12749,20.0522,-78.551,6.23706
12750,20.0561,93.4047,6.39988
12751,20.0575,80.6346,7.0384
12752,20.0643,145.796,9.77632
12753,20.0648,-127.739,6.34179
12754,20.0672,-85.153,6.95658
12755,20.0683,-89.604,9.14348
12756,20.0735,179.964,6.25862
12757,20.0773,175.913,6.99846
12758,20.0775,-123.938,8.01166
12759,20.0782,115.215,8.00711
12760,20.0795,-92.253,8.20944
12761,20.0833,163.832,8.21351
12762,20.0865,127.503,7.36007
12763,20.0964,158.219,8.31795
12764,20.0966,154.522,8.09014
12765,20.0984,-107.499,9.6364
12766,20.1038,-170.651,7.54527
12767,20.1053,-177.137,9.55149
12768,20.1088,114.598,6.80716
12769,20.1115,99.2604,8.30239
12770,20.1131,122.556,7.52237
12771,20.1268,-168.76,7.2385
12772,20.1457,-75.704,6.26748
12773,20.1524,-102.489,7.18239
12774,20.1561,-85.632,7.69032
12775,20.1605,-163.465,6.38097
12776,20.168,-160.238,8.11405
12777,20.1736,137.452,6.64048
12778,20.1782,156.164,6.15865
12779,20.1794,-171.479,9.00995
12780,20.1822,-142.744,7.21106
12781,20.1829,159.23,6.02681
12782,20.1835,-133.356,6.95459
12783,20.1946,-176.645,6.11876
12784,20.1951,-120.901,8.03204
12785,20.2078,169.361,7.16141
12786,20.2092,-173.153,8.32721
12787,20.2098,86.9771,7.72531
12788,20.2108,128.428,7.13561
12789,20.2176,-147.793,7.81356
12790,20.2376,104.837,6.31641
12791,20.2414,-98.013,8.89061
12792,20.2428,-112.871,6.18476
12793,20.246,156.341,9.68312
12794,20.2478,-119.354,7.54386
12795,20.2512,-164.416,7.40935
12796,20.2539,-167.249,9.75605
12797,20.2551,-96.119,6.78742
12798,20.2555,-125.184,8.93559
12799,20.2571,-93.678,7.44884
12800,20.2582,-91.099,7.3903
12801,20.2626,-95.253,8.56654
12802,20.2668,167.748,6.87051
12803,20.2749,177.971,8.52552
12804,20.2778,176.156,8.68685
12805,20.2792,159.674,9.15382
12806,20.2887,178.503,8.05988
12807,20.2929,159.442,6.12296
12808,20.2986,-157.577,6.4508
12809,20.3015,-139.686,7.6527
12810,20.3049,172.176,8.31167
12811,20.3091,168.84,7.33946
12812,20.3109,179.328,7.37926
12813,20.3179,-152.583,6.97016
12814,20.3307,-158.289,8.98246
12815,20.3369,-128.379,7.68973
12816,20.3396,-93.948,9.54755
12817,20.3402,157.727,6.45211
12818,20.3447,-160.203,7.95254
12819,20.3494,-120.354,9.18789
12820,20.3659,163.667,7.22918
12821,20.368,86.4924,6.42809
12822,20.3765,-2.67,7.02012
12823,20.385,144.817,6.73403
12824,20.3913,123.856,7.13723
12825,20.392,126.83,6.27944
12826,20.3981,-91.339,6.63881
12827,20.3998,47.6294,8.62861
12828,20.4155,-122.656,9.62105
12829,20.4182,42.7724,9.0009
12830,20.4203,-2.235,8.76464
12831,20.425,-95.096,6.30429
12832,20.4294,132.269,7.18897
12833,20.43,141.551,8.58618
12834,20.4326,129.196,6.57576
12835,20.4338,40.9087,7.08619
12836,20.4387,-158.409,8.14987
12837,20.4422,144.031,9.09852
12838,20.4438,-100.39,9.59406
12839,20.4486,-144.618,9.49163
12840,20.4523,-92.296,6.63166
12841,20.4605,148.699,7.98957
12842,20.462,103.678,8.39162
12843,20.4647,132.909,7.8862
12844,20.4654,168.689,6.17653
12845,20.4709,178.306,9.44088
12846,20.4719,168.454,9.12594
12847,20.4768,99.6656,7.64071
12848,20.4783,50.4161,8.84818
12849,20.4824,-157.715,7.44319
12850,20.4836,112.54,6.4388
12851,20.4895,-149.946,7.53524
12852,20.4923,164.389,6.47331
12853,20.4953,131.782,6.10076
12854,20.4963,149.963,9.20819
12855,20.4979,-168.206,7.98758
12856,20.4999,-88.864,7.6101
12857,20.5126,154.581,8.61906
12858,20.5127,-127.53,7.52113
12859,20.513,179.08,7.67057
12860,20.5146,32.833,9.27791
12861,20.5199,-128.92,7.16262
12862,20.521,-87.187,9.14083
12863,20.5248,-114.783,8.28154
12864,20.527,82.0588,6.50966
12865,20.5314,-158.7,6.6259
12866,20.5323,-159.809,6.09184
12867,20.5344,97.7723,9.05214
12868,20.5345,162.337,8.33784
12869,20.5375,-112.423,6.64826
12870,20.541,-156.393,8.48221
12871,20.544,-123.432,7.2389
12872,20.5534,-175.911,7.22143
12873,20.5573,127.727,6.11297
12874,20.5575,-119.808,7.40285
12875,20.5583,-92.863,6.66684
12876,20.5605,143.435,8.00371
12877,20.5665,157.255,7.66697
12878,20.5682,126.597,7.27734
12879,20.5718,-152.482,6.03083
12880,20.576,149.328,6.91869
12881,20.5774,88.4402,8.96808
12882,20.5797,170.282,9.53584
12883,20.5828,160.022,6.99883
12884,20.5909,151.016,6.04083
12885,20.5965,130.386,8.21887
12886,20.6063,85.9612,8.04835
12887,20.612,87.573,8.09497
12888,20.6208,127.938,6.35772
12889,20.6212,167.055,6.75206
12890,20.6218,-93.078,6.2857
12891,20.6253,93.1258,6.90559
12892,20.6282,102.955,8.68197
12893,20.6335,-100.84,9.66821
12894,20.6337,-87.621,6.8945
12895,20.6373,51.3667,9.35833
12896,20.6431,-85.682,6.78186
12897,20.6443,-121.965,9.91379
12898,20.6465,147.152,6.07811
12899,20.6564,173.17,8.932
12900,20.6598,-111.69,7.08029
12901,20.6605,166.15,6.20873
12902,20.6614,-173.408,6.4053
12903,20.6642,170.537,6.86369
12904,20.6703,-172.504,8.80139
12905,20.6762,160.978,7.49607
12906,20.6784,-179.35,6.94067
12907,20.6797,-124.051,6.06576
12908,20.6866,-148.985,9.41465
12909,20.6953,-120.364,6.23231
12910,20.697,126.723,6.43422
12911,20.7002,-97.116,9.36767
12912,20.7011,160.111,9.26786
12913,20.702,-151.531,9.91954
12914,20.7115,127.249,8.83779
12915,20.7144,143.634,7.08108
12916,20.7171,-34.306,9.1491
12917,20.7238,129.894,7.24554
12918,20.7246,-120.87,8.95575
12919,20.7255,124.11,8.63632
12920,20.7268,-175.388,7.00968
12921,20.7388,142.615,8.39325
12922,20.7408,-168.027,6.97945
12923,20.7439,-119.88,7.53795
12924,20.7506,148.623,6.04801
12925,20.755,-142.919,9.40468
12926,20.755,70.3162,7.21734
12927,20.7636,149.376,6.3613
12928,20.7841,85.8751,6.87922
12929,20.7845,-99.886,8.10761
12930,20.7852,-146.032,6.22505
12931,20.7889,-124.435,7.34493
12932,20.7944,-141.114,8.8278
12933,20.7967,178.096,9.15387
12934,20.7995,-157.309,6.79946
12935,20.8071,-159.431,8.51593
12936,20.8094,89.6285,6.47574
12937,20.8148,89.3036,6.52825
12938,20.8157,130.203,6.7619
12939,20.8216,88.6623,7.33037
12940,20.8225,-118.566,7.76812
12941,20.8241,143.843,6.32497
12942,20.8291,-169.55,6.31567
12943,20.8317,51.8957,6.3753
12944,20.8366,-102.104,9.29957
12945,20.8407,162.946,6.33979
12946,20.8412,160.839,9.30964
12947,20.8461,-88.809,9.6169
12948,20.8473,-159.072,8.82135
12949,20.8482,-101.313,8.83373
12950,20.8543,-141.549,8.68525
12951,20.8552,128.341,6.66201
12952,20.8577,148.848,6.38849
12953,20.8597,83.799,6.07391
12954,20.864,143.86,9.63617
12955,20.8692,-98.03,8.52502
12956,20.8811,142.441,6.45881
12957,20.8847,-132.117,7.71444
12958,20.8868,-142.443,6.91002
12959,20.8922,152.414,8.69242
12960,20.8936,-124.892,7.13099
12961,20.8968,-168.299,6.83568
12962,20.9011,-120.186,7.04389
12963,20.9022,-124.258,6.06161
12964,20.9031,152.692,6.76648
12965,20.9055,168.728,7.05579
12966,20.9063,155.828,7.64386
12967,20.9076,-166.762,9.88711
12968,20.9091,149.559,6.49929
12969,20.9095,-90.664,8.4054
12970,20.9116,160.569,7.58646
12971,20.9192,94.6715,6.46655
12972,20.923,107.17,6.01314
12973,20.9242,-116.296,9.14633
12974,20.9257,-120.512,9.04838
12975,20.9304,-95.582,7.71517
12976,20.933,-96.735,9.67724
12977,20.9344,157.845,7.10661
12978,20.9362,110.852,6.49446
12979,20.9394,162.474,7.40101
12980,20.9405,148.971,6.25581
12981,20.9543,162.731,7.35634
12982,20.9552,97.2711,7.66223
12983,20.9606,96.5769,6.41217
12984,20.9653,-79.173,8.19953
12985,20.968,176.225,9.59136
12986,20.9778,125.576,6.68221
12987,20.9817,-143.824,8.059
12988,20.9922,-113.319,7.83189
12989,20.9939,143.581,6.60855
12990,20.996,-111.712,8.57992
12991,21.0022,109.966,8.939
12992,21.008,147.357,7.05009
12993,21.0095,40.4357,7.39356
12994,21.0117,52.0567,7.06945
12995,21.0126,101.033,7.30929
12996,21.019,-147.623,9.06231
12997,21.0243,-156.599,6.06373
12998,21.0261,110.727,7.22642
12999,21.0292,-125.193,6.02035
13000,21.0323,-167.626,9.50059
13001,21.0334,75.3307,7.11734
13002,21.0352,-155.974,8.01001
13003,21.0416,-85.71,6.8594
13004,21.0417,-165.308,7.59023
13005,21.044,-143.248,6.36749
13006,21.0509,155.729,6.29352
13007,21.0524,172.427,6.21494
13008,21.0535,-156.844,7.25982
13009,21.054,113.808,7.25973
13010,21.0582,-90.927,9.97439
13011,21.0654,164.616,9.83963
13012,21.0668,-76.821,6.98199
13013,21.0682,84.3913,6.51995
13014,21.0737,-122.334,9.8578
13015,21.0771,-88.358,9.5092
13016,21.0819,0.622031,6.21154
13017,21.082,106.95,7.94301
13018,21.0855,103.042,6.5849
13019,21.0914,-86.747,8.67315
13020,21.0929,-172.33,7.63495
13021,21.1027,167.33,9.80258
13022,21.1036,145.317,8.92195
13023,21.1065,83.042,6.63187
13024,21.1103,151.774,8.45309
13025,21.1136,-141.703,8.20078
13026,21.1243,141.85,7.66051
13027,21.1244,105.843,6.72532
13028,21.1253,132.267,6.71218
13029,21.1262,20.5884,6.24023
13030,21.1313,-178.053,9.82151
13031,21.1329,172.032,8.47693
13032,21.1468,-94.382,8.43361
13033,21.1473,-120.399,8.86389
13034,21.1605,131.004,7.68333
13035,21.1652,-95.066,9.36342
13036,21.1727,-134.653,7.08894
13037,21.1752,-92.986,8.38725
13038,21.1805,126.39,8.86002
13039,21.1831,-153.698,7.5856
13040,21.1915,-122.946,6.57922
13041,21.1918,153.74,7.91374
13042,21.1918,166.707,6.64024
13043,21.1955,160.986,9.30378
13044,21.1959,-125.2,8.09457
13045,21.1967,-111.71,8.08434
13046,21.1985,149.958,6.53505
13047,21.2071,-79.032,6.37541
13048,21.2072,-115.447,8.11837
13049,21.2139,-167.256,9.28467
13050,21.2204,97.6676,7.0275
13051,21.2251,-137.033,7.87168
13052,21.229,157.242,6.05348
13053,21.2308,-165.975,9.58696
13054,21.2332,-177.376,8.11714
13055,21.241,154.718,8.60756
13056,21.2471,154.293,9.89651
13057,21.2531,84.5726,9.26391
13058,21.2549,122.321,8.66221
13059,21.2553,-151.763,7.11151
13060,21.2575,-143.627,6.30123
13061,21.2706,131.193,6.93098
13062,21.2783,146.127,7.13258
13063,21.2806,-173.867,8.82463
13064,21.2832,-96.01,7.15132
13065,21.2846,-92.704,8.31254
13066,21.2848,128.22,6.96222
13067,21.289,108.026,6.48788
13068,21.2891,-89.022,6.24539
13069,21.2933,-169.8,7.48814
13070,21.2938,157.975,9.31387
13071,21.3085,-91.486,6.02188
13072,21.3113,171.55,6.37745
13073,21.319,113.137,7.09856
13074,21.3222,146.796,6.82342
13075,21.3226,-91.262,6.09619
13076,21.331,172.841,7.31335
13077,21.3348,172.159,6.99851
13078,21.3355,-142.47,8.05184
13079,21.336,178.184,6.06307
13080,21.34,162.589,7.87233
13081,21.3485,109.718,9.57248
13082,21.3486,126.636,6.47265
13083,21.3502,-157.325,9.2634
13084,21.3636,-86.775,8.7696
13085,21.3649,111.927,8.56235
13086,21.3715,49.2427,9.95406
13087,21.3749,-151.654,6.46184
13088,21.3777,52.2287,9.50392
13089,21.3796,-39.454,8.07436
13090,21.3882,-123.367,6.83279
13091,21.3917,97.2508,7.22131
13092,21.3929,-150.347,8.64807
13093,21.3974,-148.203,6.54103
13094,21.4187,-147.202,7.56559
13095,21.4193,-119.574,6.89844
13096,21.4246,153.064,9.50638
13097,21.4366,-178.846,7.54633
13098,21.4385,-146.113,6.00395
13099,21.4408,-96.829,7.22212
13100,21.4412,104.136,8.01442
13101,21.4467,-82.984,9.70681
13102,21.4544,131.211,9.33011
13103,21.4572,127.663,8.91821
13104,21.46,98.0464,6.5675
13105,21.469,82.7134,8.51265
13106,21.469,139.995,6.86227
13107,21.4745,88.0243,6.12124
13108,21.4756,-100.611,6.47903
13109,21.478,-92.343,6.25595
13110,21.4804,-122.506,8.60795
13111,21.481,153.762,8.13414
13112,21.4817,121.349,7.35616
13113,21.4821,-102.009,6.85035
13114,21.4829,-120.638,8.96704
13115,21.4829,126.676,7.61191
13116,21.4912,128.261,7.1936
13117,21.4938,-171.322,6.79219
13118,21.4965,165.369,7.6551
13119,21.4973,170.391,6.67274
13120,21.5059,-157.547,6.21712
13121,21.5059,169.634,7.25171
13122,21.5074,162.856,7.9526
13123,21.5239,154.098,8.67767
13124,21.5248,129.743,7.83937
13125,21.5257,160.166,6.13252
13126,21.5268,-157.793,7.72657
13127,21.5282,-136.567,8.09467
13128,21.5308,-108.685,6.74013
13129,21.5357,-83.375,6.6605
13130,21.5371,115.399,7.10704
13131,21.552,-122.914,9.533
13132,21.5572,177.576,9.48057
13133,21.5573,-129.598,7.41409
13134,21.5622,165.663,9.27144
13135,21.5701,-98.536,9.17312
13136,21.5753,74.988,9.00701
13137,21.5791,-144.628,8.6221
13138,21.592,-100.5,6.21829
13139,21.6006,113.754,6.86667
13140,21.6029,-151.945,6.72591
13141,21.6051,159.801,9.18819
13142,21.6088,-151.701,8.51835
13143,21.6194,-152.192,6.87053
13144,21.6195,-137.658,7.35583
13145,21.6197,166.055,7.59265
13146,21.6208,163.357,8.37641
13147,21.636,42.2345,8.08951
13148,21.6408,-179.776,6.09233
13149,21.6501,167.358,7.49079
13150,21.6533,-95.115,8.57949
13151,21.6542,176.893,7.13396
13152,21.6555,-144.359,6.16837
13153,21.6718,-143.896,7.45543
13154,21.6719,-157.423,7.37488
13155,21.6726,66.6712,7.75825
13156,21.6737,163.741,8.57332
13157,21.6756,128.571,9.35573
13158,21.6782,29.7993,6.75924
13159,21.6805,-135.953,8.01997
13160,21.687,-169.547,6.94006
13161,21.6882,-91.196,8.41853
13162,21.6987,-123.273,9.75199
13163,21.7106,-150.082,6.05907
13164,21.7121,127.839,9.51152
13165,21.7214,52.5328,6.78142
13166,21.7275,162.255,6.21377
13167,21.7284,-148.258,6.16463
13168,21.7323,-142.18,6.60252
13169,21.7345,-109.497,6.88975
13170,21.7376,-92.652,6.35726
13171,21.7389,130.238,7.82313
13172,21.7423,-156.216,8.24388
13173,21.7453,-136.49,6.65948
13174,21.7456,159.578,7.14579
13175,21.7484,122.208,8.00731
13176,21.757,41.8066,6.40199
13177,21.7715,-117.037,8.70217
13178,21.772,170.783,6.17681
13179,21.7734,177.63,7.74538
13180,21.7752,41.4529,6.09888
13181,21.7767,-87.728,6.36243
13182,21.7774,-168.953,6.07043
13183,21.7827,1.48813,7.4319
13184,21.7854,-132.022,8.68078
13185,21.7958,-125.034,8.84404
13186,21.8021,122.456,6.69003
13187,21.804,-148.429,6.43197
13188,21.8077,-112.974,9.56502
13189,21.8321,-98.424,8.363
13190,21.8498,171.958,7.15803
13191,21.8514,167.584,6.60869
13192,21.852,145.112,6.42363
13193,21.8544,-120.325,9.34151
13194,21.856,155.544,9.9542
13195,21.8633,81.2587,6.72054
13196,21.865,164.773,8.20757
13197,21.868,-115.785,9.80275
13198,21.872,167.38,6.86837
13199,21.8758,-92.167,7.45243
13200,21.8765,159.218,7.12169
13201,21.88,157.474,6.53388
13202,21.8839,41.645,6.26009
13203,21.8896,161.738,6.923
13204,21.8904,-129.904,8.43475
13205,21.8956,-138.88,7.38827
13206,21.8959,176.062,6.13293
13207,21.9001,-169.341,8.22411
13208,21.9014,-137.265,7.74469
13209,21.9031,176.267,6.06152
13210,21.904,-157.408,8.46058
13211,21.9048,-156.035,9.01399
13212,21.9081,-85.424,6.02974
13213,21.9106,-100.93,8.00453
13214,21.9114,-123.617,6.17117
13215,21.9131,-159.247,7.08782
13216,21.9178,68.8637,8.07199
13217,21.918,130.795,6.48908
13218,21.919,172.198,7.22445
13219,21.9229,133.455,7.75456
13220,21.9263,-0.498,6.46562
13221,21.9292,-88.359,8.40064
13222,21.9303,114.068,7.16112
13223,21.9308,134.408,8.03711
13224,21.931,121.148,6.47432
13225,21.9311,-141.74,9.78386
13226,21.9526,-115.165,9.35062
13227,21.9532,4.97114,9.29864
13228,21.9539,-142.339,6.84129
13229,21.9562,111.44,8.17335
13230,21.9576,-168.332,7.20228
13231,21.9616,-168.841,7.25469
13232,21.9635,-173.675,6.98513
13233,21.9648,150.649,6.01456
13234,21.9655,72.5847,6.52613
13235,21.9659,-85.239,7.18985
13236,21.9722,-133.236,6.81844
13237,21.9773,-130.258,9.01884
13238,21.9773,-123.443,7.54822
13239,21.9871,-130.503,7.84452
13240,21.9894,-107.129,8.46673
13241,21.9924,31.4361,9.94405
13242,21.9987,-3.964,6.37886
13243,22.0029,91.8681,7.10643
13244,22.011,-117.894,6.05054
13245,22.0206,110.065,9.49003
13246,22.0216,167.188,6.79822
13247,22.0273,111.829,6.20624
13248,22.0295,105.189,9.23359
13249,22.0322,126.912,9.19373
13250,22.0329,-60.518,6.17083
13251,22.043,142.726,9.76557
13252,22.0452,130.974,6.73644
13253,22.0483,-155.691,6.28853
13254,22.0639,-123.715,9.29884
13255,22.0674,148.067,8.93561
13256,22.0678,-122.282,8.708
13257,22.0699,72.927,7.47267
13258,22.0703,-94.606,8.85842
13259,22.0748,80.8057,9.5986
13260,22.0762,-154.026,6.63292
13261,22.0763,141.822,7.59993
13262,22.0776,104.333,8.1858
13263,22.0826,150.951,8.2997
13264,22.0883,-151.161,8.43249
13265,22.0884,140.227,6.47896
13266,22.0935,-121.139,7.5882
13267,22.0961,150.435,8.41743
13268,22.101,121.616,9.86251
13269,22.1076,108.812,9.91457
13270,22.1081,-94.438,7.34612
13271,22.1082,84.146,6.02429
13272,22.1114,-94.734,6.04002
13273,22.1141,-100.75,6.94812
13274,22.1166,139.143,6.68508
13275,22.1211,146.816,6.37755
13276,22.1212,-119.092,7.05505
13277,22.1265,149.967,6.56291
13278,22.1276,-126.225,8.10278
13279,22.1308,150.429,6.70141
13280,22.1345,157.92,9.0034
13281,22.1366,152.181,6.11569
13282,22.139,151.063,8.98064
13283,22.1392,169.839,6.99107
13284,22.1473,157.391,6.76983
13285,22.1582,-148.362,9.02761
13286,22.1621,-90.445,7.23319
13287,22.1626,-115.86,7.32821
13288,22.1634,131.653,8.12021
13289,22.1686,-127.994,6.22506
13290,22.1707,145.067,9.35829
13291,22.1749,-148.797,6.43743
13292,22.1796,-90.04,6.89905
13293,22.1826,-177.527,6.34862
13294,22.1832,53.1497,7.15649
13295,22.2029,164.441,8.32265
13296,22.2039,-152.758,6.12426
13297,22.2063,-142.261,8.6439
13298,22.2101,-133.63,7.96545
13299,22.212,164.076,9.51152
13300,22.2231,-84.095,8.27217
13301,22.2261,109.373,9.72598
13302,22.2303,73.0107,6.70921
13303,22.2317,168.708,7.35832
13304,22.2461,120.554,7.83442
13305,22.2479,168.207,9.4895
13306,22.2574,84.7844,6.17642
13307,22.26,-172.493,6.41023
13308,22.263,96.0969,6.52336
13309,22.264,-89.073,8.16972
13310,22.2647,167.994,6.36159
13311,22.2661,-91.454,7.21755
13312,22.2698,171.576,6.44806
13313,22.2742,147.975,9.14728
13314,22.2752,-119.751,9.68166
13315,22.2761,-148.55,6.88721
13316,22.2775,151.552,6.43216
13317,22.2783,-95.048,7.09373
13318,22.2798,-170.061,9.65895
13319,22.2828,157.67,6.99535
13320,22.2848,106.728,8.29651
13321,22.2906,-147.6,7.01239
13322,22.2937,107.585,8.27687
13323,22.2971,147.186,8.72918
13324,22.2974,109.934,6.97332
13325,22.2978,73.2261,6.68456
13326,22.3097,-153.501,7.17582
13327,22.3144,-116.914,9.6748
13328,22.3179,123.485,8.22945
13329,22.318,-85.365,9.68751
13330,22.3225,-108.908,9.29566
13331,22.3244,158.567,8.62154
13332,22.3259,71.0441,7.56065
13333,22.3313,62.9394,8.1865
13334,22.3333,-151.226,7.94921
13335,22.3405,161.602,9.63613
13336,22.3413,105.945,6.49001
13337,22.3508,106.27,6.18437
13338,22.352,-90.22,9.61604
13339,22.3529,150.419,6.67776
13340,22.3531,-130.093,9.96525
13341,22.3553,-83.711,9.99019
13342,22.3581,-134.501,6.25824
13343,22.3589,90.6647,7.80456
13344,22.3647,179.046,6.75928
13345,22.3713,-92.659,6.6237
13346,22.3741,37.9489,8.56227
13347,22.3844,121.496,7.4345
13348,22.397,93.9932,6.0304
13349,22.3984,109.537,6.79996
13350,22.4002,-155.039,8.54941
13351,22.4105,151.726,6.13494
13352,22.4121,-132.91,6.79873
13353,22.4215,83.1481,6.14497
13354,22.4234,-172.628,7.64421
13355,22.4245,57.6314,6.43877
13356,22.4355,-110.493,9.24852
13357,22.4379,-153.646,9.03167
13358,22.4379,-99.729,6.7729
13359,22.4408,94.7635,8.57231
13360,22.4449,176.854,9.88627
13361,22.4494,84.5935,6.6999
13362,22.4613,140.364,8.9319
13363,22.4714,174.543,7.4554
13364,22.4766,-176.965,7.03318
13365,22.4783,158.476,7.78495
13366,22.4786,-174.031,6.69414
13367,22.4795,107.449,7.48878
13368,22.4795,123.492,7.53701
13369,22.4796,-73.71,8.74409
13370,22.4805,73.1701,8.9495
13371,22.4807,147.799,8.32596
13372,22.4821,141.416,9.35538
13373,22.4837,124.228,6.03175
13374,22.4853,-177.207,6.25178
13375,22.4868,-87.14,7.36059
13376,22.4934,143.223,9.45134
13377,22.4936,-152.306,8.88697
13378,22.4975,154.572,6.29072
13379,22.5008,-110.882,8.49666
13380,22.5037,-117.599,8.23243
13381,22.5179,-107.564,7.27646
13382,22.5228,75.848,6.35621
13383,22.5249,-169.87,7.39001
13384,22.5276,-145.346,8.9119
13385,22.528,-148.677,7.3753
13386,22.5315,148.026,7.49132
13387,22.5337,136.724,6.90602
13388,22.5369,73.5844,6.33571
13389,22.5451,-119.999,7.39604
13390,22.5455,147.156,7.08386
13391,22.548,150.411,6.58559
13392,22.5488,-100.19,7.08204
13393,22.5567,-130.228,7.21619
13394,22.5567,106.926,9.2275
13395,22.5571,155.595,6.44316
13396,22.5639,-74.833,6.47853
13397,22.5645,147.39,7.45709
13398,22.5647,-148.909,8.06261
13399,22.5704,-154.335,6.25261
13400,22.5786,-144.575,7.50029
13401,22.5798,100.021,7.19519
13402,22.582,-86.747,6.57121
13403,22.5824,-94.66,7.54302
13404,22.5839,-87.091,6.29959
13405,22.5979,-123.605,7.99784
13406,22.602,69.3306,6.66823
13407,22.6021,105.867,6.86687
13408,22.6043,68.557,9.91354
13409,22.6084,156.894,8.73271
13410,22.6113,115.068,6.81623
13411,22.6168,-176.597,8.40604
13412,22.6246,-99.354,6.4963
13413,22.6246,170.361,6.84259
13414,22.6343,107.207,6.20631
13415,22.6363,-114.927,6.20575
13416,22.639,-82.078,8.58024
13417,22.6454,-169.696,8.13833
13418,22.6586,-73.988,9.40821
13419,22.6643,166.029,6.29356
13420,22.6686,151.351,9.55963
13421,22.6749,100.971,9.08688
13422,22.6813,75.7765,6.67145
13423,22.6933,-79.809,6.31341
13424,22.6937,146.224,6.27179
13425,22.6939,72.4204,6.11571
13426,22.6946,40.8416,9.37213
13427,22.6969,-90.427,8.20421
13428,22.6999,-90.091,9.32576
13429,22.7027,-146.419,9.76113
13430,22.7155,136.905,8.24553
13431,22.7164,165.752,6.43366
13432,22.7184,114.673,6.05056
13433,22.7208,-99.548,6.71258
13434,22.7255,33.799,8.00734
13435,22.7269,-173.032,8.83176
13436,22.7362,-135.738,6.17735
13437,22.7411,-137.838,9.23322
13438,22.7422,-119.184,6.09578
13439,22.7448,-151.344,7.5697
13440,22.745,177.288,7.25105
13441,22.7453,-144.706,7.19723
13442,22.7465,121.622,7.71867
13443,22.7508,152.339,6.65565
13444,22.751,155.678,7.89465
13445,22.7528,-170.522,9.78986
13446,22.7608,-157.973,7.12511
13447,22.7628,-150.585,6.0586
13448,22.7638,89.6327,9.34043
13449,22.7649,-157.177,7.12118
13450,22.766,-152.752,8.69557
13451,22.7664,-107.57,9.14779
13452,22.7699,177.484,6.74542
13453,22.7733,-124.828,8.1992
13454,22.7761,-120.467,9.15928
13455,22.781,104.814,6.37184
13456,22.7828,-169.979,9.54746
13457,22.7835,169.33,8.74751
13458,22.7836,-169.31,7.22774
13459,22.789,-152.314,6.7712
13460,22.7979,-153.574,9.05752
13461,22.8003,165.919,6.7315
13462,22.8005,164.193,7.37822
13463,22.8152,-116.492,8.06897
13464,22.8244,-159.569,7.73282
13465,22.8254,70.201,7.82465
13466,22.8257,-73.081,9.6659
13467,22.8322,113.725,6.61604
13468,22.8382,141.353,8.36756
13469,22.8427,168.949,7.25553
13470,22.847,53.447,8.12961
13471,22.8484,-132.974,8.50087
13472,22.8585,99.0955,9.20456
13473,22.8621,-171.479,9.1155
13474,22.8718,149.393,8.8341
13475,22.8752,132.772,6.67149
13476,22.8889,-149.639,7.39076
13477,22.8896,-151.562,8.67502
13478,22.8939,92.2059,6.45172
13479,22.8969,-89.905,8.98747
13480,22.898,171.063,7.032
13481,22.9001,88.5622,8.2193
13482,22.9057,-120.806,9.48835
13483,22.9069,144.514,6.57015
13484,22.9098,132.107,7.63812
13485,22.9108,42.1658,6.4368
13486,22.9111,105.152,6.4151
13487,22.9132,-113.853,7.19815
13488,22.9137,41.5584,6.42104
13489,22.9197,35.7194,7.07539
13490,22.9213,-87.216,9.07252
13491,22.9242,65.8824,7.00916
13492,22.9252,-132.301,6.90429
13493,22.9512,147.905,7.09637
13494,22.9541,131.61,6.06593
13495,22.9548,-130.283,8.42411
13496,22.9625,-148.49,8.18175
13497,22.9635,-62.099,7.44878
13498,22.9658,-147.458,6.0482
13499,22.9805,164.705,9.57849
13500,22.9809,-94.003,8.61729
13501,22.9816,139.129,7.62424
13502,22.9826,-150.52,8.02051
13503,22.9912,170.383,7.60055
13504,22.9918,40.7289,6.3346
13505,22.9922,-130.495,9.0033
13506,23.0007,-93.734,8.91154
13507,23.0013,103.565,7.44219
13508,23.0024,-157.557,9.10326
13509,23.0033,148.932,8.67941
13510,23.0123,144.949,8.27377
13511,23.0202,170.68,6.6996
13512,23.0226,-144.152,8.84577
13513,23.0227,-98.472,8.61836
13514,23.032,41.035,7.30173
13515,23.0381,-160.384,6.18842
13516,23.0553,151.435,7.52511
13517,23.0629,-150.801,7.3167
13518,23.0682,-114.284,8.81076
13519,23.0709,-158.065,7.98409
13520,23.0728,139.6,7.22866
13521,23.0753,122.115,8.18584
13522,23.0768,-109.515,7.8249
13523,23.0813,-109.289,6.08954
13524,23.0839,-91.825,6.66318
13525,23.0853,-131.237,7.23344
13526,23.0901,179.068,7.91116
13527,23.0928,69.2933,9.94462
13528,23.093,170.955,7.78402
13529,23.0991,-160.099,7.57691
13530,23.1009,-83.356,9.36757
13531,23.1053,-86.988,6.97356
13532,23.1064,47.6922,6.5482
13533,23.1116,-173.298,6.62135
13534,23.1173,-146.926,6.67342
13535,23.1182,148.083,6.3258
13536,23.1191,137.34,6.3154
13537,23.1232,149.953,6.47467
13538,23.1265,103.793,8.04612
13539,23.1265,126.109,6.21838
13540,23.129,69.6546,7.06398
13541,23.1295,146.39,8.82971
13542,23.1302,-148.629,7.97137
13543,23.1338,148.394,6.8843
13544,23.1346,-178.659,6.08285
13545,23.136,159.323,6.04147
13546,23.1385,150.734,7.17167
13547,23.1406,156.139,7.0521
13548,23.148,76.2392,8.79781
13549,23.1548,127.433,8.01125
13550,23.1605,98.6706,7.55154
13551,23.1694,121.994,8.18256
13552,23.1753,158.171,6.10395
13553,23.1848,-109.852,9.97671
13554,23.191,92.0048,6.7266
13555,23.1919,-150.166,8.10576
13556,23.204,84.4883,7.24291
13557,23.2043,110.149,8.13883
13558,23.2068,-158.209,6.66972
13559,23.2082,-167.474,9.40656
13560,23.2082,-151.797,6.84759
13561,23.2175,130.925,9.02846
13562,23.2202,93.9152,8.67554
13563,23.225,113.655,6.37887
13564,23.2286,170.289,8.66194
13565,23.235,102.39,7.30817
13566,23.2369,106.8,7.00571
13567,23.2406,-150.968,8.3023
13568,23.2416,74.7143,6.39537
13569,23.2423,-162.132,6.31463
13570,23.2458,155.467,7.71382
13571,23.246,113.278,8.11233
13572,23.2524,133.197,8.5682
13573,23.2548,-121.722,6.28659
13574,23.2576,76.8851,9.19386
13575,23.261,138.559,6.05328
13576,23.2645,163.238,6.68807
13577,23.2649,130.548,6.62552
13578,23.2698,158.621,6.17223
13579,23.2725,-86.839,7.21832
13580,23.2725,174.876,8.19588
13581,23.2769,62.1126,8.23644
13582,23.2788,65.5677,6.27206
13583,23.2801,119.655,7.76922
13584,23.2811,128.407,8.06075
13585,23.2894,-134.949,8.82311
13586,23.2925,107.283,7.28467
13587,23.2975,165.673,7.41011
13588,23.3078,122.677,6.67598
13589,23.3079,-170.801,8.23433
13590,23.3122,149.279,7.65518
13591,23.3165,162.645,7.95868
13592,23.3176,-167.82,6.67587
13593,23.3197,-145.454,7.94697
13594,23.3204,-137.897,6.17848
13595,23.3218,112.497,9.77815
13596,23.3227,42.4822,7.51442
13597,23.3337,69.5684,8.01068
13598,23.3639,127.93,8.74128
13599,23.3707,81.4687,8.66232
13600,23.3729,154.141,6.468
13601,23.3812,142.603,6.71117
13602,23.3871,84.0717,7.20847
13603,23.3886,-99.55,7.81572
13604,23.392,-148.469,9.06513
13605,23.3945,-171.611,6.40222
13606,23.395,-145.733,8.41196
13607,23.3956,-147.435,6.73959
13608,23.4052,160.353,8.76945
13609,23.4053,168.289,6.17466
13610,23.4058,76.1474,6.21225
13611,23.4076,111.51,9.1463
13612,23.4096,-151.636,8.29118
13613,23.4099,-123.735,7.96535
13614,23.4183,166.627,7.38105
13615,23.4257,174.469,8.87076
13616,23.4351,70.6878,7.1493
13617,23.4463,-96.351,9.27986
13618,23.4514,-73.063,6.34766
13619,23.4562,113.357,6.36156
13620,23.4573,108.405,9.88727
13621,23.4574,70.9961,6.55995
13622,23.4577,89.8995,6.4297
13623,23.4597,-168.162,6.43849
13624,23.4682,-110.396,6.44811
13625,23.4773,-170.396,7.06888
13626,23.4823,94.7213,9.38551
13627,23.4832,163.77,6.83767
13628,23.4853,83.8123,6.99014
13629,23.4923,-179.774,8.04914
13630,23.4927,150.676,7.49688
13631,23.5047,170.094,7.42179
13632,23.5111,141.808,6.92848
13633,23.5145,177.987,6.31073
13634,23.517,150.188,6.61983
13635,23.5223,75.9277,9.42247
13636,23.5233,146.061,7.06214
13637,23.53,171.176,7.51218
13638,23.5331,-137.756,6.65404
13639,23.5377,-150.829,6.58381
13640,23.5564,115.015,7.0737
13641,23.5566,35.4109,8.81795
13642,23.5569,149.308,8.7999
13643,23.5576,-122.334,7.90538
13644,23.5639,115.879,7.02551
13645,23.5655,175.734,7.13637
13646,23.5661,38.2299,6.24654
13647,23.5668,-125.489,8.67811
13648,23.5712,160.266,8.77865
13649,23.5715,-114.478,8.14458
13650,23.5715,138.971,6.81101
13651,23.5788,46.6319,6.83524
13652,23.5821,-153.988,8.95771
13653,23.5913,-158.439,6.46739
13654,23.5923,106.395,6.23298
13655,23.5927,165.201,8.96998
13656,23.5929,-123.817,8.14746
13657,23.5963,-144.707,7.39172
13658,23.5979,72.458,8.51214
13659,23.6034,-114.973,6.08127
13660,23.6035,106.52,7.25906
13661,23.6084,-117.808,6.78193
13662,23.611,-145.766,6.76928
13663,23.6166,-95.135,6.79093
13664,23.6187,-119.912,6.11549
13665,23.6259,83.5618,7.04812
13666,23.6326,72.9507,8.82496
13667,23.6392,-150.464,8.76214
13668,23.6425,113.291,6.28918
13669,23.653,155.203,7.96666
13670,23.6537,-96.705,6.31509
13671,23.6566,167.588,6.11266
13672,23.6635,162.687,9.6635
13673,23.6788,155.826,6.21302
13674,23.6795,-135.562,6.3043
13675,23.6827,-158.201,9.10391
13676,23.6838,157.759,9.18457
13677,23.6896,90.4018,8.33428
13678,23.6897,90.5803,6.36697
13679,23.6967,32.8209,7.5998
13680,23.6974,178.989,7.77121
13681,23.6978,-173.479,6.76131
13682,23.7005,116.208,6.17703
13683,23.7038,72.961,7.17281
13684,23.7042,154.817,7.27294
13685,23.7062,-155.969,6.29614
13686,23.7147,-155.286,8.09049
13687,23.7177,87.3369,6.21287
13688,23.7191,145.756,8.29996
13689,23.7235,173.268,8.48507
13690,23.7242,71.6431,6.51435
13691,23.7244,160.205,9.33253
13692,23.7249,-145.878,6.95335
13693,23.7321,-157.054,7.05183
13694,23.7397,-154.999,6.95514
13695,23.7452,-134.328,9.26815
13696,23.7454,-178.011,9.88576
13697,23.7457,115.108,6.23774
13698,23.7463,94.7918,7.63068
13699,23.7467,102.09,6.99674
13700,23.751,126.198,6.37779
13701,23.7597,94.6606,6.838
13702,23.7608,66.5343,8.23215
13703,23.7609,70.0005,9.94098
13704,23.769,-122.298,7.87004
13705,23.7692,124.831,9.30003
13706,23.7728,-131.343,7.69697
13707,23.7829,146.117,6.486
13708,23.7841,-0.536,6.98494
13709,23.7855,54.4126,7.14831
13710,23.7856,57.8694,7.08065
13711,23.7873,123.41,7.63713
13712,23.7901,109.533,7.83977
13713,23.7985,79.0497,7.07217
13714,23.7993,125.288,9.6153
13715,23.8018,53.169,6.11056
13716,23.8027,163.839,8.06014
13717,23.8056,-137.457,8.51736
13718,23.8057,-72.533,6.985
13719,23.8101,-152.864,8.36888
13720,23.8105,125.592,8.10111
13721,23.8143,157.479,7.90139
13722,23.8164,-156.235,8.35296
13723,23.8189,155.149,6.40179
13724,23.828,-151.066,7.03742
13725,23.8285,145.073,6.95176
13726,23.8305,72.3702,6.08982
13727,23.8341,145.964,6.96254
13728,23.8431,104.776,7.9755
13729,23.8451,-172.182,7.71083
13730,23.8461,-156.796,7.57522
13731,23.8613,-79.817,6.07083
13732,23.8637,-141.348,8.08977
13733,23.8644,-165.424,6.87977
13734,23.8658,-121.108,6.20453
13735,23.8673,-89.583,6.03821
13736,23.868,159.031,6.07313
13737,23.8768,-155.28,7.23432
13738,23.8815,130.894,6.13144
13739,23.8816,166.511,7.68675
13740,23.8844,72.8965,6.85855
13741,23.8852,164.236,7.38953
13742,23.8893,172.611,6.37426
13743,23.8941,101.288,6.08992
13744,23.8962,125.963,7.8849
13745,23.8998,-153.861,9.72989
13746,23.9056,154.123,7.73997
13747,23.9066,-170.162,9.40317
13748,23.9101,124.348,6.90828
13749,23.9121,-122.019,6.72323
13750,23.9124,-131.352,7.44465
13751,23.9164,121.429,7.80061
13752,23.9298,-160.968,9.18774
13753,23.933,99.6165,6.23613
13754,23.9355,-140.891,6.48956
13755,23.9406,-143.478,7.01593
13756,23.9407,-100.066,7.11142
13757,23.9415,125.406,7.45077
13758,23.946,-140.372,6.98029
13759,23.9526,-101.863,6.61267
13760,23.9547,116.246,8.45199
13761,23.9557,139.549,6.62503
13762,23.9561,154.972,6.92355
13763,23.957,-109.46,6.88619
13764,23.9629,70.055,6.91305
13765,23.9669,126.215,6.88836
13766,23.9679,-129.891,6.50045
13767,23.9731,175.796,8.09083
13768,23.9743,52.1568,6.91947
13769,23.9776,141.066,7.37283
13770,23.9807,-177.347,8.91624
13771,23.991,50.5865,6.52519
13772,23.9939,134.591,8.927
13773,23.9947,63.4099,6.78254
13774,23.9947,94.6837,8.31751
13775,23.9971,98.3256,7.33151
13776,23.9977,-132.977,7.22504
13777,23.9995,-97.642,7.25919
13778,24.0227,-101.644,8.68258
13779,24.0279,89.9981,6.69551
13780,24.0285,87.9355,9.16625
13781,24.0309,110.549,6.05722
13782,24.0332,88.119,6.36359
13783,24.0364,109.102,6.88907
13784,24.0463,-142.473,8.64828
13785,24.047,54.2371,9.86165
13786,24.0483,101.78,6.32513
13787,24.0543,115.796,7.56811
13788,24.0607,55.0143,6.418
13789,24.0656,-84.828,7.38262
13790,24.0686,-113.164,8.04916
13791,24.0732,155.463,6.70824
13792,24.0866,177.915,6.30571
13793,24.0878,125.866,6.65346
13794,24.092,154.788,9.4059
13795,24.1003,108.088,8.1277
13796,24.1026,144.814,7.81582
13797,24.1049,-87.265,6.5965
13798,24.1055,65.6698,7.30023
13799,24.1082,142.209,8.63818
13800,24.1083,141.433,6.84389
13801,24.1159,163.273,6.74454
13802,24.1172,-102.688,8.93577
13803,24.1179,-150.23,6.25466
13804,24.1191,-86.265,6.80219
13805,24.1335,-143.034,6.23288
13806,24.1337,141.279,6.42065
13807,24.1443,163.607,7.36719
13808,24.1453,-84.956,7.8871
13809,24.146,-149.601,6.21027
13810,24.1469,-170.464,9.13025
13811,24.1485,145.302,8.83811
13812,24.1531,133.637,6.84058
13813,24.1684,126.142,8.09249
13814,24.1685,5.43104,7.11725
13815,24.1721,162.729,8.77465
13816,24.1735,166.009,7.85811
13817,24.178,-109.312,7.80658
13818,24.1799,-175.585,6.84702
13819,24.1803,106.751,6.32535
13820,24.1847,171.414,6.15382
13821,24.1868,-134.293,9.56351
13822,24.1883,-7.831,7.05484
13823,24.1893,-112.69,6.57416
13824,24.1898,162.279,6.94593
13825,24.1904,51.6569,6.8536
13826,24.1904,60.17,8.4857
13827,24.1919,67.9692,8.1571
13828,24.1996,85.9852,6.58309
13829,24.2055,-165.431,9.77694
13830,24.2088,-106.141,6.6444
13831,24.2115,-101.712,6.02576
13832,24.2123,-172.695,6.24993
13833,24.2139,89.6064,6.72835
13834,24.2188,155.076,9.82856
13835,24.219,158.492,7.99713
13836,24.2205,117.144,9.64899
13837,24.2216,-175.77,6.24395
13838,24.2286,-178.153,6.86882
13839,24.2324,-150.023,6.5435
13840,24.2324,133.721,6.66656
13841,24.234,-167.758,6.08629
13842,24.2436,-121.534,6.11482
13843,24.2436,134.626,8.80474
13844,24.2449,71.9264,9.68828
13845,24.2487,126.004,6.07239
13846,24.2506,-155.182,9.90809
13847,24.2531,108.802,6.13191
13848,24.2553,-117.739,9.63175
13849,24.26,-149.91,7.37974
13850,24.2638,-140.712,7.59369
13851,24.2638,-112.013,7.95994
13852,24.267,-130.43,9.03873
13853,24.2671,171.847,7.65519
13854,24.2752,102.779,8.5395
13855,24.2767,163.1,9.02861
13856,24.2791,161.982,7.62677
13857,24.2815,178.026,6.26895
13858,24.299,117.393,6.82718
13859,24.3046,-109.063,9.62818
13860,24.3097,54.2761,7.50353
13861,24.3133,-86.233,6.21234
13862,24.3153,84.4751,8.14042
13863,24.3228,116.846,8.71819
13864,24.3228,122.107,6.03517
13865,24.3321,145.159,8.94097
13866,24.3397,73.3494,9.64379
13867,24.3419,-152.797,8.80366
13868,24.3427,107.789,9.25187
13869,24.3429,-130.737,6.88963
13870,24.3452,94.5482,8.01129
13871,24.3533,116.058,6.24449
13872,24.3561,-157.817,9.28708
13873,24.3611,111.772,7.86115
13874,24.3627,-86.521,6.38542
13875,24.3639,118.171,9.30433
13876,24.3662,134.182,6.81793
13877,24.3677,-158.578,8.34449
13878,24.371,-149.095,7.5382
13879,24.3721,-108.158,8.80654
13880,24.3725,-84.776,9.92895
13881,24.374,171.569,6.7095
13882,24.3741,101.56,8.18611
13883,24.3755,129.862,9.90297
13884,24.3859,108.905,7.01271
13885,24.3891,73.0694,9.81215
13886,24.3904,-105.992,8.57342
13887,24.3924,121.181,7.5561
13888,24.3961,56.628,6.35535
13889,24.4095,158.122,6.33712
13890,24.4232,48.9959,9.58334
13891,24.4252,128.921,8.39975
13892,24.4257,-124.915,7.14076
13893,24.4322,-149.696,7.81579
13894,24.4342,-142.22,9.79649
13895,24.4411,-173.17,6.04203
13896,24.4419,-125.199,8.30913
13897,24.4449,163.108,6.00628
13898,24.4567,128.452,9.88054
13899,24.4576,-154.025,8.66667
13900,24.4583,63.3972,8.98351
13901,24.4587,-152.377,6.25868
13902,24.4599,-159.589,6.16328
13903,24.462,115.83,6.33871
13904,24.4717,-147.149,8.76291
13905,24.4741,-157.572,6.3855
13906,24.4772,83.2073,6.41285
13907,24.4843,-86.24,7.07084
13908,24.4906,-113.324,8.94996
13909,24.4921,-123.506,8.91918
13910,24.5026,70.759,6.81052
13911,24.503,93.017,9.37464
13912,24.5069,84.3154,7.21991
13913,24.5102,156.271,6.68073
13914,24.5135,-172.063,7.71674
13915,24.5175,-134.825,7.9625
13916,24.5188,105.035,9.38603
13917,24.5214,-168.378,6.83951
13918,24.5242,50.86,6.03225
13919,24.5254,109.155,7.78696
13920,24.528,167.586,6.13613
13921,24.5287,171.34,6.41429
13922,24.5358,125.983,9.37995
13923,24.5358,157.952,7.16321
13924,24.5363,164.074,7.44653
13925,24.5385,157.559,6.01854
13926,24.5425,-97.986,7.32348
13927,24.5451,159.924,9.39611
13928,24.5543,133.047,7.28853
13929,24.5544,72.1862,6.86583
13930,24.5576,153.385,9.14213
13931,24.5576,164.969,8.74021
13932,24.5592,-152.026,6.45661
13933,24.5618,143.587,8.18738
13934,24.5629,163.293,6.58923
13935,24.5713,127.619,6.7558
13936,24.5754,108.131,6.23442
13937,24.5763,-118.054,9.93841
13938,24.5798,101.584,6.72195
13939,24.5849,124.128,6.17067
13940,24.5857,96.3483,6.32248
13941,24.5858,-123.271,6.10129
13942,24.5879,76.2413,8.18268
13943,24.5886,-79.442,6.21754
13944,24.5887,-138.441,8.23967
13945,24.592,-113.191,6.00378
13946,24.5955,-144.138,6.47023
13947,24.5977,138.773,6.02087
13948,24.598,-156.19,9.81621
13949,24.5981,104.519,6.44526
13950,24.5987,-74.169,7.20646
13951,24.6021,-160.322,6.14245
13952,24.6105,116.071,9.70256
13953,24.6215,-111.862,9.42746
13954,24.6296,-126.937,9.18292
13955,24.6353,31.0798,7.11047
13956,24.6408,-83.034,6.23399
13957,24.6519,138.481,6.2049
13958,24.6524,-151.096,6.02571
13959,24.6527,-112.779,7.45526
13960,24.6538,140.886,9.59892
13961,24.6587,142.761,6.99204
13962,24.6588,-91.493,7.62795
13963,24.6603,150.274,6.32117
13964,24.6612,155.363,7.2657
13965,24.6626,-163.629,8.99355
13966,24.6656,136.979,8.58907
13967,24.6672,178.844,9.15965
13968,24.6678,132.978,7.78031
13969,24.6694,177.393,8.8703
13970,24.6709,77.159,7.86719
13971,24.6731,-153.044,6.22564
13972,24.6761,140.186,6.87409
13973,24.6815,135.126,7.2132
13974,24.6925,162.64,8.07821
13975,24.6929,-34.054,6.22307
13976,24.6932,56.206,8.71745
13977,24.707,170.87,6.88411
13978,24.7149,52.5202,6.01754
13979,24.7155,-135.709,6.02977
13980,24.7161,175.672,6.268
13981,24.7208,166.812,7.94042
13982,24.7211,138.283,6.13753
13983,24.7218,-91.658,7.56555
13984,24.723,178.295,8.51873
13985,24.7257,-160.908,7.92139
13986,24.7337,76.5309,6.34649
13987,24.7429,73.1118,6.48089
13988,24.7451,95.5266,6.24918
13989,24.747,21.0002,7.20153
13990,24.7506,-97.168,6.77661
13991,24.7621,127.744,9.03873
13992,24.7642,-102.068,6.87588
13993,24.7692,111.326,6.51754
13994,24.7709,113.245,6.01077
13995,24.7789,143.147,7.1116
13996,24.7849,163.71,7.64473
13997,24.789,139.632,7.9225
13998,24.7895,168.251,8.14038
13999,24.7938,-132.772,9.36386
14000,24.7943,125.447,9.16644
14001,24.7989,-144.039,7.78854
14002,24.803,-85.54,7.73248
14003,24.811,67.8729,9.00217
14004,24.8152,165.028,6.46539
14005,24.8174,141.392,8.7417
14006,24.8234,-171.698,6.02077
14007,24.8269,156.556,6.34229
14008,24.827,-85.869,6.46172
14009,24.8285,-168.332,7.38044
14010,24.8319,84.1962,6.38882
14011,24.8327,-15.368,7.05071
14012,24.836,-119.027,9.79226
14013,24.8398,134.48,7.14458
14014,24.8401,-100.61,6.32636
14015,24.842,56.5341,6.13117
14016,24.8452,110.982,6.81437
14017,24.8465,56.8273,7.44354
14018,24.8466,171.856,9.11744
14019,24.8484,-131.327,8.0467
14020,24.8522,137.856,6.00094
14021,24.8524,142.857,6.96569
14022,24.8566,-158.977,6.46541
14023,24.8578,116.202,7.14929
14024,24.86,-156.123,6.11066
14025,24.8646,-86.124,7.28869
14026,24.8656,39.2805,7.83255
14027,24.8668,-156.799,7.09395
14028,24.8678,-123.815,6.99305
14029,24.8819,-95.713,6.88111
14030,24.8868,-143.923,8.3019
14031,24.8876,141.028,6.03515
14032,24.891,-172.316,6.0022
14033,24.8943,-157.741,8.93384
14034,24.9018,-128.65,6.00381
14035,24.9159,63.2946,6.74732
14036,24.9162,-117.988,7.34844
14037,24.9222,-150.701,6.09446
14038,24.9315,-100.012,9.41972
14039,24.9351,42.7815,6.30896
14040,24.9401,-163.099,7.75634
14041,24.9469,-138.882,9.55404
14042,24.9473,95.2698,6.79289
14043,24.9481,-156.528,9.19784
14044,24.9487,-113.714,9.49879
14045,24.9491,-152.199,6.18993
14046,24.9529,-116.155,7.08141
14047,24.9546,142.359,7.84816
14048,24.9571,101.772,6.56172
14049,24.9597,-127.355,9.5135
14050,24.962,49.9196,7.64812
14051,24.9629,109.669,6.54471
14052,24.9689,-172.64,7.05056
14053,24.9751,140.333,9.87234
14054,24.9764,172.918,7.32896
14055,24.9787,-142.219,9.18036
14056,24.9849,95.1598,6.85758
14057,24.9933,106.863,7.9175
14058,25.0023,112.202,7.2864
14059,25.0027,-114.002,9.45432
14060,25.0054,46.0041,8.46369
14061,25.0059,50.3648,8.43072
14062,25.0114,95.9599,6.62917
14063,25.0177,-87.482,9.75182
14064,25.0281,128.473,6.71782
14065,25.032,163.654,7.15836
14066,25.0346,177.182,6.89014
14067,25.0365,-162.636,6.48565
14068,25.0394,-138.856,8.47956
14069,25.042,5.31776,6.94035
14070,25.0421,72.4788,9.37376
14071,25.0475,67.9503,7.26899
14072,25.0494,-147.673,7.62043
14073,25.0575,-98.223,8.22755
14074,25.0604,178.087,6.16056
14075,25.061,179.424,8.94255
14076,25.0624,-100.562,7.27837
14077,25.0624,45.1302,6.04157
14078,25.0691,101.149,8.10405
14079,25.0693,-140.66,8.07813
14080,25.0724,113.407,8.79735
14081,25.0785,-100.279,8.73515
14082,25.0821,-117.281,8.39969
14083,25.091,146.389,7.78886
14084,25.0961,41.8721,9.55581
14085,25.0977,-156.122,9.57973
14086,25.0977,-85.728,9.75084
14087,25.1004,133.102,9.99398
14088,25.1009,164.702,6.60776
14089,25.1067,-122.155,7.55659
14090,25.1147,101.864,6.47475
14091,25.119,-87.651,7.33866
14092,25.1228,120.457,7.96822
14093,25.1302,166.663,9.56356
14094,25.1382,-168.237,8.18522
14095,25.1383,-117.634,7.39653
14096,25.1403,-106.208,6.3946
14097,25.1409,157.612,7.11217
14098,25.1482,142.296,8.81895
14099,25.1531,125.327,6.00631
14100,25.1591,129.056,8.52965
14101,25.1607,161.266,6.62964
14102,25.1625,-129.317,6.86157
14103,25.1636,-137.79,6.42499
14104,25.1639,-87.492,7.65775
14105,25.168,-145.71,8.89794
14106,25.1741,-174.816,6.12866
14107,25.1788,-105.645,7.47127
14108,25.1807,-99.839,8.67727
14109,25.1818,153.652,7.7051
14110,25.1902,-137.075,6.52114
14111,25.1941,138.029,8.11542
14112,25.1969,128.645,8.09582
14113,25.2056,167.198,6.04669
14114,25.2147,-173.92,9.52259
14115,25.222,157.847,7.7779
14116,25.2225,-94.513,7.51395
14117,25.224,-124.104,6.13873
14118,25.2258,-168.016,7.9991
14119,25.2317,-168.524,7.01798
14120,25.241,83.134,8.79395
14121,25.2414,-167.322,6.96522
14122,25.242,-158.778,8.9655
14123,25.2463,156.954,6.08642
14124,25.2504,146.451,8.46883
14125,25.2513,-5.32,7.56784
14126,25.2576,-116.478,6.20457
14127,25.2609,-87.03,7.91193
14128,25.2652,49.8534,7.22677
14129,25.2751,-177.774,7.38875
14130,25.2769,-174.238,6.78914
14131,25.284,-112.779,6.90894
14132,25.2893,34.6206,9.04687
14133,25.292,159.79,6.48466
14134,25.293,164.28,6.93644
14135,25.2946,132.985,8.08456
14136,25.2951,-100.466,7.44587
14137,25.3042,96.2442,6.57387
14138,25.3049,161.39,7.57698
14139,25.3076,110.627,7.39607
14140,25.3136,153.523,7.64059
14141,25.3249,49.5824,7.54686
14142,25.3252,-86.922,6.50472
14143,25.3288,-121.413,6.51625
14144,25.3295,-158.515,7.11771
14145,25.3299,-73.903,9.50178
14146,25.33,-139.916,7.69828
14147,25.3305,-86.773,7.99241
14148,25.3318,-101.282,6.19454
14149,25.3366,-136.65,6.08921
14150,25.3487,-87.375,6.5227
14151,25.3568,81.2292,6.66967
14152,25.3582,-73.711,9.04773
14153,25.3624,53.9499,6.54356
14154,25.3696,-117.878,6.82133
14155,25.3761,141.525,7.38865
14156,25.3767,157.754,6.18959
14157,25.3919,123.515,6.7987
14158,25.3934,68.4016,9.04768
14159,25.3955,-112.214,6.4184
14160,25.3979,169.938,6.01654
14161,25.4001,-72.972,7.55024
14162,25.4071,70.396,6.50665
14163,25.4123,-94.654,7.19961
14164,25.4234,118.622,8.85851
14165,25.4267,105.808,8.96352
14166,25.4283,154.595,8.31851
14167,25.4284,167.87,6.2092
14168,25.4337,-162.58,9.40305
14169,25.4351,176.915,6.13565
14170,25.436,-146.682,9.62447
14171,25.4384,163.747,7.67325
14172,25.4419,-116.353,7.9406
14173,25.4428,49.4772,6.9885
14174,25.4456,140.84,7.85563
14175,25.4474,-173.484,8.36585
14176,25.4499,179.213,7.36061
14177,25.4502,142.569,8.96104
14178,25.4545,-157.739,6.87467
14179,25.4673,30.8746,6.91599
14180,25.4763,-48.489,7.53056
14181,25.4771,146.128,8.10803
14182,25.4787,-150.367,9.12401
14183,25.4833,112.551,6.30671
14184,25.4861,-162.355,7.03757
14185,25.4861,154.402,6.30307
14186,25.4861,175.86,7.88149
14187,25.4868,154.863,6.51365
14188,25.4969,107.262,9.8382
14189,25.5002,-99.724,6.09189
14190,25.5043,132.803,8.73126
14191,25.5135,123.404,6.04246
14192,25.5347,139.073,6.13543
14193,25.5406,112.999,9.90992
14194,25.5429,178.021,9.10128
14195,25.5454,100.564,6.90256
14196,25.5572,2.49716,7.70642
14197,25.563,-155.152,7.36456
14198,25.5666,-121.562,6.63939
14199,25.5674,-177.769,6.41967
14200,25.5694,177.593,6.66979
14201,25.573,166.837,7.04389
14202,25.5779,170.686,9.02528
14203,25.5813,-112.01,8.0265
14204,25.584,-176.281,9.60514
14205,25.5853,71.9997,7.08182
14206,25.5921,113.831,6.55346
14207,25.5932,-122.177,8.98632
14208,25.5976,128.03,6.93259
14209,25.5983,103.796,6.05486
14210,25.6189,155.528,9.72601
14211,25.6211,-85.943,7.3908
14212,25.6246,123.255,6.58327
14213,25.6255,-166.804,8.32856
14214,25.6356,-142.46,7.34029
14215,25.6415,164.734,8.88551
14216,25.6435,168.9,8.1683
14217,25.6464,126.666,9.65668
14218,25.6524,107.575,6.63037
14219,25.6539,-73.71,6.04127
14220,25.6558,-127.157,9.26156
14221,25.6579,-169.417,7.04878
14222,25.6598,-129.156,8.88188
14223,25.6604,136.598,7.92308
14224,25.6631,-126.86,7.29821
14225,25.6645,-112.913,7.33822
14226,25.6645,140.125,6.28041
14227,25.6708,115.725,6.46235
14228,25.682,178.619,6.13352
14229,25.693,-94.092,7.51604
14230,25.6943,127.404,9.81899
14231,25.6954,67.453,8.43205
14232,25.6961,-112.479,9.28411
14233,25.7054,66.9946,6.37913
14234,25.7073,-117.493,8.34382
14235,25.7116,177.121,8.68125
14236,25.7135,175.793,6.54995
14237,25.7216,-170.666,8.58668
14238,25.7222,172.733,6.15459
14239,25.724,-174.2,7.20397
14240,25.726,111.324,8.11143
14241,25.7415,50.9879,7.85267
14242,25.7508,154.828,8.25259
14243,25.7512,111.542,9.19688
14244,25.7521,36.3148,6.21402
14245,25.7565,157.169,6.56047
14246,25.7586,111.02,8.55845
14247,25.7591,157.049,6.04911
14248,25.7609,-113.199,8.8338
14249,25.7646,-164.886,7.73217
14250,25.7658,161.827,8.99481
14251,25.7691,-169.17,7.27584
14252,25.7833,107.844,7.54315
14253,25.7834,-140.375,6.51306
14254,25.7863,131.713,6.48307
14255,25.8053,130.324,6.0137
14256,25.8071,65.7702,6.10889
14257,25.8115,117.264,8.75551
14258,25.8137,-114.326,8.01088
14259,25.8151,156.874,6.7036
14260,25.817,-178.26,7.16125
14261,25.8235,-98.266,9.51901
14262,25.8267,66.0015,6.97
14263,25.8314,170.73,9.78014
14264,25.8339,131.971,8.08777
14265,25.8343,67.0259,8.8797
14266,25.8399,-47.501,6.18668
14267,25.8446,78.1153,6.96176
14268,25.8471,177.996,9.69313
14269,25.8591,-111.497,6.6947
14270,25.8645,-118.536,6.30518
14271,25.8689,161.705,8.72861
14272,25.8734,-101.71,6.28484
14273,25.8742,71.642,9.33864
14274,25.8762,132.241,6.95856
14275,25.8842,-112.912,6.17036
14276,25.8907,54.4396,7.96358
14277,25.8912,111.111,7.65289
14278,25.8932,67.5957,9.0066
14279,25.9021,-47.895,8.2732
14280,25.9091,-172.186,8.51692
14281,25.9093,-165.258,9.61589
14282,25.9107,-83.849,6.34437
14283,25.9222,107.313,7.44317
14284,25.9226,131.05,9.65957
14285,25.9432,151.548,8.77949
14286,25.9448,155.544,9.42418
14287,25.9467,-96.448,6.29519
14288,25.953,110.445,8.87603
14289,25.9538,118.414,6.04002
14290,25.9572,116.827,6.24018
14291,25.9575,119.842,7.29678
14292,25.9652,99.7928,7.7143
14293,25.9661,-124.103,6.03294
14294,25.976,35.724,7.13259
14295,25.979,167.724,8.86141
14296,25.9849,45.7832,8.80411
14297,25.9936,-131.218,8.04798
14298,25.9952,139.437,7.54504
14299,25.9961,114.08,9.04378
14300,25.9987,130.439,9.66132
14301,26.01,79.2479,7.73378
14302,26.0152,66.7791,8.52504
14303,26.0169,46.2183,6.03261
14304,26.0204,156.794,8.77985
14305,26.0247,97.0685,6.7598
14306,26.0278,172.142,7.44862
14307,26.0301,-162.059,7.03227
14308,26.0317,-168.401,8.86439
14309,26.0397,111.7,6.98991
14310,26.0448,-150.189,9.37315
14311,26.0513,-87.842,8.60218
14312,26.0545,-77.438,6.45037
14313,26.0552,-128.105,9.77579
14314,26.0553,-93.165,7.62203
14315,26.0706,-125.347,7.51194
14316,26.08,159.819,6.99106
14317,26.0808,80.7477,6.53808
14318,26.0862,-98.271,6.01536
14319,26.0892,141.182,9.42468
14320,26.0907,-174.311,7.20971
14321,26.1065,174.417,9.96556
14322,26.1143,-174.032,8.08923
14323,26.1152,-115.983,6.40791
14324,26.1298,66.0467,9.31666
14325,26.1321,-99.135,6.96856
14326,26.1417,126.429,7.32564
14327,26.1429,164.392,6.06582
14328,26.1444,-123.936,9.60295
14329,26.1487,70.5203,9.11442
14330,26.1566,179.438,6.3729
14331,26.1619,-143.357,7.47942
14332,26.162,-158.195,6.74387
14333,26.1694,125.57,8.73132
14334,26.1753,134.68,6.57403
14335,26.1785,107.329,9.21804
14336,26.1856,127.037,9.92242
14337,26.1877,-120.104,8.26023
14338,26.1896,175.126,7.23981
14339,26.1907,-135.737,6.69558
14340,26.1922,116.969,8.87731
14341,26.2027,127.61,6.84406
14342,26.2042,173.041,7.2298
14343,26.2113,-143.975,8.71456
14344,26.2116,129.855,6.86838
14345,26.2128,-135.314,9.19487
14346,26.2154,116.092,6.56981
14347,26.2227,-149.519,6.29748
14348,26.2237,133.662,7.98959
14349,26.2302,149.909,6.58337
14350,26.2309,-127.497,6.27674
14351,26.2392,151.704,9.32811
14352,26.25,175.04,7.10068
14353,26.2655,-83.962,8.26325
14354,26.2682,159.953,8.46229
14355,26.2744,-46.842,7.18647
14356,26.28,155.787,9.7481
14357,26.2839,-174.25,7.69293
14358,26.2891,-72.092,6.23655
14359,26.2911,-98.173,7.04557
14360,26.293,-160.684,8.43958
14361,26.3021,41.8201,7.28954
14362,26.3046,133.151,8.1308
14363,26.3098,67.4439,6.33442
14364,26.3122,-137.183,6.28101
14365,26.3205,147.711,7.3448
14366,26.3216,-151.153,7.40775
14367,26.324,-173.6,8.62037
14368,26.33,-150.693,8.48602
14369,26.3309,76.38,8.14658
14370,26.333,-106.92,6.83988
14371,26.3345,87.1968,9.51991
14372,26.3437,102.581,6.6579
14373,26.3465,127.929,8.69745
14374,26.3566,-74.39,8.99955
14375,26.3581,-91.743,6.83723
14376,26.3653,174.477,6.87596
14377,26.3664,46.59,8.01122
14378,26.3719,142.795,8.19432
14379,26.3831,172.198,7.63112
14380,26.3833,57.4243,8.09395
14381,26.3853,122.102,7.07508
14382,26.386,45.6983,6.29192
14383,26.3949,-100.292,6.70613
14384,26.3959,-104.647,6.65579
14385,26.3983,-150.443,6.27149
14386,26.4022,-150.84,9.87472
14387,26.409,113.986,6.13397
14388,26.4091,127.465,8.26487
14389,26.4181,-137.543,7.50731
14390,26.4185,-102.278,8.73795
14391,26.4215,-125.193,6.64907
14392,26.4265,-152.151,8.86665
14393,26.4283,138.641,6.25304
14394,26.4307,124.515,8.59497
14395,26.4379,40.4129,6.37471
14396,26.4387,-175.752,6.19686
14397,26.4409,-84.234,9.82575
14398,26.4433,-133.721,7.03497
14399,26.4443,37.7107,6.79783
14400,26.4444,138.797,8.50382
14401,26.4501,134.155,6.12797
14402,26.4559,-102.728,7.13356
14403,26.4669,117.602,6.89296
14404,26.4672,81.553,7.83237
14405,26.4686,166.65,7.98894
14406,26.476,-100.506,7.60315
14407,26.4761,66.6797,9.64753
14408,26.4802,80.9504,8.09334
14409,26.4818,-92.366,8.97383
14410,26.4894,-92.057,7.60345
14411,26.5006,142.158,6.39185
14412,26.5007,-130.049,6.04756
14413,26.5032,-101.841,9.44104
14414,26.5055,111.552,6.22053
14415,26.5113,126.796,7.97626
14416,26.5123,-117.167,6.69275
14417,26.5228,104.34,8.60634
14418,26.5292,131.04,6.33934
14419,26.5345,-112.021,7.56989
14420,26.5437,-148.638,7.62162
14421,26.5502,162.085,7.73174
14422,26.5504,129.969,8.86014
14423,26.5567,-154.158,7.9587
14424,26.5574,69.6715,8.22034
14425,26.5586,37.582,6.39607
14426,26.5659,-118.689,6.36501
14427,26.5673,136.691,7.94162
14428,26.5732,-115.322,8.44517
14429,26.5748,169.325,6.3266
14430,26.5755,-99.725,7.59044
14431,26.5803,-93.719,9.88483
14432,26.5879,-100.312,7.49357
14433,26.5991,-164.828,8.90279
14434,26.6094,-102.643,9.23643
14435,26.622,-97.767,8.62203
14436,26.6292,-117.491,6.6255
14437,26.6341,53.4411,6.32785
14438,26.6384,109.378,8.35529
14439,26.6385,-73.13,7.20934
14440,26.6466,173.846,7.29892
14441,26.6484,74.8063,6.91579
14442,26.6529,137.899,9.24884
14443,26.6555,-163.853,8.91044
14444,26.6558,42.142,7.45803
14445,26.6566,126.473,6.28915
14446,26.6597,160.078,6.63962
14447,26.6606,113.635,6.05935
14448,26.6649,-163.68,6.95171
14449,26.6667,104.796,6.48077
14450,26.668,100.958,8.11028
14451,26.6689,120.934,6.25088
14452,26.6718,-168.965,6.12455
14453,26.6809,110.895,9.89941
14454,26.6856,-118.7,6.79873
14455,26.6857,119.556,6.18685
14456,26.6996,-91.904,7.0242
14457,26.7055,-81.94,9.47301
14458,26.711,-134.967,7.54012
14459,26.7147,142.961,9.61441
14460,26.7152,-110.473,7.37438
14461,26.7274,170.756,7.03506
14462,26.7326,174.503,6.21227
14463,26.7402,159.775,8.65048
14464,26.7466,138.367,6.47439
14465,26.7514,177.76,6.14835
14466,26.7544,-151.97,8.68492
14467,26.7557,109.454,7.11594
14468,26.758,73.9008,6.49425
14469,26.76,165.679,6.79026
14470,26.7603,-150.196,9.38771
14471,26.7636,-105.381,7.96944
14472,26.7687,-50.065,6.76719
14473,26.7786,-87.676,6.06811
14474,26.7817,88.5421,7.84829
14475,26.7873,161.943,9.42874
14476,26.7917,164.835,7.83815
14477,26.801,-109.859,9.46997
14478,26.8037,174.702,6.32222
14479,26.8059,-97.955,7.69946
14480,26.8064,130.997,8.72171
14481,26.81,-135.526,6.55595
14482,26.8136,-80.232,6.95763
14483,26.8259,-125.418,7.22319
14484,26.827,-94.353,6.99264
14485,26.8272,128.536,6.95916
14486,26.8325,115.303,8.67004
14487,26.834,-170.283,9.46761
14488,26.8346,-131.12,6.4031
14489,26.8391,-115.209,6.26885
14490,26.8411,144.669,8.28533
14491,26.8539,137.172,6.98507
14492,26.8588,158.802,7.52026
14493,26.8593,68.2785,6.5321
14494,26.8598,50.8309,7.99884
14495,26.8639,123.763,7.06956
14496,26.8643,-89.286,9.6731
14497,26.8734,-150.449,7.98169
14498,26.8758,56.9689,9.87348
14499,26.8903,166.983,7.59508
14500,26.8926,107.865,9.4124
14501,26.893,-94.102,7.61676
14502,26.9006,72.3702,7.82473
14503,26.9018,162.646,8.68202
14504,26.9057,74.3788,6.68211
14505,26.9125,-96.449,8.57472
14506,26.9132,113.771,9.09646
14507,26.9138,66.0756,6.92119
14508,26.9183,-77.56,7.95456
14509,26.9213,-149.153,9.914
14510,26.9236,-150.58,6.29019
14511,26.9308,-134.817,6.36818
14512,26.9315,-111.017,7.78278
14513,26.9447,83.4112,7.56332
14514,26.9548,164.202,7.4368
14515,26.9553,159.524,7.92992
14516,26.9609,90.4358,6.55111
14517,26.9714,4.94932,6.24794
14518,26.9833,131.761,9.95962
14519,26.9854,-55.13,7.9231
14520,26.9915,-118.412,6.92484
14521,27.0005,77.4314,7.63008
14522,27.0071,-104.988,8.39138
14523,27.0168,123.053,6.84267
14524,27.0263,-107.261,7.089
14525,27.0454,129.175,9.72953
14526,27.0545,-116.566,7.90715
14527,27.0592,138.481,6.50259
14528,27.0608,149.121,8.79138
14529,27.0651,-139.609,7.44282
14530,27.0667,-157.817,7.57733
14531,27.0685,104.078,6.03918
14532,27.0686,-9.09,9.22146
14533,27.0693,72.1923,6.25027
14534,27.0822,156.59,6.08759
14535,27.0834,-118.539,6.36887
14536,27.0891,131.745,8.20534
14537,27.0923,69.7789,6.87923
14538,27.1057,39.679,6.62893
14539,27.1082,64.5967,7.7792
14540,27.11,131.078,6.08261
14541,27.1109,81.818,8.58331
14542,27.1114,-150.837,6.26036
14543,27.1163,155.769,8.43621
14544,27.1196,-116.275,9.67604
14545,27.1205,-111.776,7.24154
14546,27.1357,-163.867,9.42876
14547,27.1374,-101.527,7.10358
14548,27.1406,113.699,9.08945
14549,27.141,-137.051,6.26576
14550,27.1434,82.847,6.54666
14551,27.1512,101.079,6.82524
14552,27.1557,-166.727,6.71655
14553,27.1602,160.076,6.93017
14554,27.1636,-108.328,7.1572
14555,27.1665,110.124,6.19874
14556,27.1685,111.018,6.99
14557,27.1702,-109.332,7.37564
14558,27.1728,104.854,7.41671
14559,27.177,107.46,7.88489
14560,27.1787,120.606,6.18494
14561,27.1789,123.77,8.29716
14562,27.1835,53.9383,7.77832
14563,27.184,-152.967,6.85584
14564,27.1847,-128.535,6.48334
14565,27.1858,-140.597,6.64667
14566,27.1867,-84.657,6.52363
14567,27.1896,-111.172,9.06779
14568,27.19,-159.127,8.68717
14569,27.1961,-163.993,6.41338
14570,27.1962,154.23,7.34566
14571,27.1992,175.182,9.9011
14572,27.2052,-117.929,7.38727
14573,27.2108,-157.568,6.12376
14574,27.2144,100.322,7.40435
14575,27.2171,38.9696,7.90589
14576,27.2198,127.479,7.03689
14577,27.2232,-167.052,6.55257
14578,27.2284,179.968,6.25449
14579,27.2317,126.639,9.20201
14580,27.2324,-159.408,7.35033
14581,27.2427,-128.011,7.32702
14582,27.2447,142.236,9.74013
14583,27.2477,-169.268,9.7455
14584,27.2525,150.133,8.97753
14585,27.255,-84.576,7.86643
14586,27.2616,120.911,9.25134
14587,27.264,102.231,6.46909
14588,27.2788,-175.805,6.46736
14589,27.2826,163.789,6.18139
14590,27.286,164.862,9.74054
14591,27.2862,169.558,7.57757
14592,27.287,126.439,8.84336
14593,27.2892,66.0846,9.48633
14594,27.2911,-96.595,6.10682
14595,27.2954,-160.952,7.98238
14596,27.298,-78.926,9.56314
14597,27.3051,126.922,8.67956
14598,27.313,-120.532,6.74844
14599,27.3134,-131.814,6.81159
14600,27.3195,-131.543,7.78411
14601,27.3207,-97.686,8.90566
14602,27.3245,-138.368,9.37221
14603,27.3251,-152.712,6.82392
14604,27.3312,166.799,7.61014
14605,27.3405,-129.303,9.09518
14606,27.3414,-94.665,7.31097
14607,27.3476,166.932,6.12613
14608,27.3485,61.8633,7.73378
14609,27.3543,80.3358,6.11442
14610,27.3544,-159.328,6.27883
14611,27.3578,-114.202,9.48192
14612,27.3634,-160.663,9.22684
14613,27.3679,178.165,7.32926
14614,27.3681,-9.452,9.16367
14615,27.3701,-119.285,8.53307
14616,27.3708,88.1412,6.03494
14617,27.3728,102.929,7.87947
14618,27.3738,108.288,7.71268
14619,27.3756,49.502,7.13159
14620,27.378,-96.894,7.96299
14621,27.3802,-94.296,9.91474
14622,27.3876,-88.983,6.16973
14623,27.3897,-86.545,6.69108
14624,27.3924,72.2533,8.2401
14625,27.3925,110.205,7.12671
14626,27.3991,-119.874,6.02172
14627,27.4007,120.613,9.26329
14628,27.4178,162.987,6.04578
14629,27.4247,124.299,8.65519
14630,27.425,-116.684,8.02068
14631,27.428,76.0843,6.05207
14632,27.4358,176.798,9.91436
14633,27.4419,-151.417,7.64197
14634,27.4422,-124.636,6.11078
14635,27.4632,136.91,6.47423
14636,27.4657,106.493,6.81033
14637,27.4685,-103.103,6.12873
14638,27.4699,111.591,7.88214
14639,27.4748,-136.33,6.02071
14640,27.4752,-95.727,6.09036
14641,27.4934,-103.957,8.54315
14642,27.4937,-106.435,9.08684
14643,27.4961,79.3768,6.61521
14644,27.5042,-159.755,6.94263
14645,27.5137,-142.185,9.68602
14646,27.5184,-127.387,7.16014
14647,27.5193,138.674,9.81119
14648,27.5259,-103.872,6.87879
14649,27.5316,-91.052,6.72495
14650,27.5323,-128.512,6.37954
14651,27.5348,174.169,9.3146
14652,27.5354,-123.875,8.04524
14653,27.5388,-151.701,6.59339
14654,27.5436,-133.23,9.15236
14655,27.5478,166.125,8.9102
14656,27.5502,159.637,7.34704
14657,27.5666,120.671,6.75582
14658,27.571,-152.784,7.73493
14659,27.5731,173.741,9.26033
14660,27.5742,136.563,7.27244
14661,27.5764,86.6518,7.89296
14662,27.5784,-100.62,7.60389
14663,27.5795,-87.175,6.86897
14664,27.5799,65.0059,6.80317
14665,27.5819,127.683,6.01544
14666,27.5822,167.493,7.73846
14667,27.5891,74.0754,6.38351
14668,27.5906,-103.425,7.11228
14669,27.6001,126.134,7.44846
14670,27.6041,-36.624,8.0138
14671,27.6156,-5.934,6.16821
14672,27.619,160.967,8.58307
14673,27.6206,-96.874,9.92788
14674,27.6213,63.7869,9.03089
14675,27.6253,160.688,7.48474
14676,27.633,161.76,6.20861
14677,27.6429,-165.721,8.22537
14678,27.6434,-77.692,9.53073
14679,27.645,-146.086,6.21668
14680,27.6466,156.217,9.74747
14681,27.648,102.88,6.72872
14682,27.6517,-176.245,6.07587
14683,27.6567,86.4751,7.67286
14684,27.6577,37.0634,7.35632
14685,27.6623,-150.586,6.50659
14686,27.6661,68.9465,6.36421
14687,27.6667,149.589,7.09849
14688,27.6712,128.597,6.35617
14689,27.681,77.5288,6.21891
14690,27.6837,141.885,9.13009
14691,27.6897,-169.902,6.33022
14692,27.6912,-141.305,6.0317
14693,27.6937,-95.699,7.0776
14694,27.6949,77.3748,9.18916
14695,27.7003,-152.308,7.96613
14696,27.7023,123.948,7.69544
14697,27.7037,-158.708,6.47813
14698,27.7048,132.344,6.78835
14699,27.71,62.3454,6.10452
14700,27.7119,-123.132,9.45381
14701,27.7131,177.265,7.05093
14702,27.7131,178.634,7.89421
14703,27.7148,178.519,7.28983
14704,27.7159,124.238,9.32442
14705,27.7215,85.4132,7.66899
14706,27.7279,-73.896,6.02037
14707,27.7289,156.479,9.61413
14708,27.7315,137.035,9.07989
14709,27.738,128.354,6.86813
14710,27.7423,179.14,6.09111
14711,27.7508,-142.227,9.50444
14712,27.7561,-145.962,6.54073
14713,27.7646,139.431,6.10334
14714,27.774,-117.838,6.4964
14715,27.7741,-135.807,7.66905
14716,27.7767,-149.253,8.34708
14717,27.7772,-171.411,7.3209
14718,27.7793,133.061,7.56483
14719,27.7841,81.3792,6.39942
14720,27.7852,122.158,8.88659
14721,27.7893,4.76173,8.62578
14722,27.7985,-103.831,9.7172
14723,27.802,-92.101,6.0665
14724,27.8054,49.3988,7.44819
14725,27.8071,175.866,8.81755
14726,27.8151,-169.267,9.56742
14727,27.8169,160.079,6.65343
14728,27.8216,160.519,8.63678
14729,27.8246,-112.363,7.31926
14730,27.8315,-123.635,8.06167
14731,27.8317,83.1196,6.07774
14732,27.8397,-121.182,8.99453
14733,27.8441,-130.394,7.221
14734,27.8446,69.2423,7.63542
14735,27.8447,58.7757,8.05351
14736,27.8548,-127.642,7.74904
14737,27.8597,-142.699,6.4118
14738,27.8648,63.6176,7.96768
14739,27.8733,112.724,7.09738
14740,27.8743,-154.945,7.26567
14741,27.8743,-154.745,9.27713
14742,27.8773,47.9902,9.21871
14743,27.8824,-150.212,6.63816
14744,27.8891,168.96,8.3287
14745,27.8894,122.757,8.07661
14746,27.9002,177.144,9.00834
14747,27.9089,166.379,6.15018
14748,27.9107,-130.161,6.19353
14749,27.9139,-98.732,8.56749
14750,27.9177,62.5397,8.2184
14751,27.9205,73.3108,7.18024
14752,27.9358,-167.284,6.51589
14753,27.9358,139.5,7.27601
14754,27.9414,-161.333,7.21347
14755,27.9431,153.224,6.00208
14756,27.9432,130.343,8.63245
14757,27.944,73.5588,6.48105
14758,27.9456,134.754,9.46199
14759,27.9487,-133.997,6.67601
14760,27.9509,-47.603,7.04912
14761,27.951,-142.391,7.3166
14762,27.9526,41.8758,6.13107
14763,27.9634,169.399,9.05836
14764,27.965,47.6525,8.39098
14765,27.9698,-114,8.04152
14766,27.9709,125.948,9.61148
14767,27.9723,-136.104,8.63121
14768,27.9766,174.163,9.82724
14769,27.9825,-153.673,9.52491
14770,27.9874,89.63,9.15255
14771,27.9945,102.406,8.00824
14772,27.9986,80.5044,9.73678
14773,28.0012,79.3917,9.28639
14774,28.0072,110.945,6.11385
14775,28.0171,0.785615,6.61055
14776,28.0193,61.019,7.91817
14777,28.0251,137.35,9.85275
14778,28.0326,163.513,8.01206
14779,28.035,-159.267,8.3586
14780,28.035,148.339,6.12517
14781,28.0395,179.411,6.66896
14782,28.043,156.166,6.11287
14783,28.0441,105.466,9.52488
14784,28.0485,139.083,9.45941
14785,28.0501,139.399,6.83471
14786,28.0519,-163.732,9.73464
14787,28.0575,-115.579,6.46243
14788,28.0657,-138.698,7.33218
14789,28.0666,106.712,8.59237
14790,28.0752,92.4512,6.07687
14791,28.081,-76.567,9.54913
14792,28.083,45.8632,8.22487
14793,28.0857,146.717,7.7469
14794,28.0887,105.645,9.76124
14795,28.0931,146.902,7.52494
14796,28.0977,159.084,6.19559
14797,28.102,-147.352,9.45615
14798,28.114,156.437,8.42165
14799,28.1149,-145.859,6.49934
14800,28.1167,161.865,7.18955
14801,28.1229,-113.944,8.08807
14802,28.1258,136.391,7.16882
14803,28.1289,128.987,7.91647
14804,28.1308,143.249,7.92718
14805,28.1313,126.406,6.48564
14806,28.1441,-113.359,7.99388
14807,28.1444,136.011,7.75644
14808,28.1475,-134.926,6.19643
14809,28.148,169.89,7.78609
14810,28.1549,-108.875,6.16761
14811,28.163,38.4119,6.7091
14812,28.1762,135.169,6.94063
14813,28.1792,83.5868,7.77385
14814,28.1885,-110.798,7.19812
14815,28.1975,-122.651,6.64387
14816,28.1981,-85.365,9.62784
14817,28.1986,176.075,9.87413
14818,28.2006,-127.184,7.37651
14819,28.2025,116.327,7.84089
14820,28.2028,136.349,9.26598
14821,28.2029,106.994,6.42039
14822,28.203,-159.56,8.4973
14823,28.2037,137.492,8.17354
14824,28.2085,-159.932,6.13658
14825,28.2129,177.774,7.49864
14826,28.2145,75.7642,6.42117
14827,28.2175,83.2809,8.01524
14828,28.2223,-136.362,8.22777
14829,28.2225,124.455,6.84004
14830,28.2228,-7.183,7.52142
14831,28.227,124.693,9.70955
14832,28.2356,163.391,6.07269
14833,28.2448,120.942,9.70832
14834,28.2449,-153.722,8.07051
14835,28.2473,-155.315,9.27173
14836,28.2495,-134.15,6.24474
14837,28.2503,159.478,9.41806
14838,28.2523,-119.501,7.19446
14839,28.2529,-74.905,6.78154
14840,28.2558,139.227,7.30459
14841,28.2574,170.57,7.10117
14842,28.2587,-165.276,8.79666
14843,28.2656,47.996,7.49749
14844,28.2689,160.175,7.79861
14845,28.2737,90.3496,6.94585
14846,28.295,172.751,6.40535
14847,28.3001,159.79,8.69927
14848,28.3115,140.521,8.49792
14849,28.3121,40.2834,7.51265
14850,28.3123,-110.821,6.42676
14851,28.3171,166.324,6.18212
14852,28.3178,-158.471,6.39881
14853,28.329,-85.763,8.00492
14854,28.3295,43.5816,7.55714
14855,28.3305,-157.599,8.16725
14856,28.3326,-158.675,6.40667
14857,28.334,-89.31,8.68108
14858,28.335,87.0529,6.31564
14859,28.3373,-123.111,6.48357
14860,28.3488,-134.305,7.13943
14861,28.3505,-76.19,7.10592
14862,28.3594,-91.345,6.08634
14863,28.3631,-75.31,7.88238
14864,28.3644,177.09,6.59869
14865,28.3644,177.945,8.14763
14866,28.37,-118.484,6.98014
14867,28.3742,-169.799,7.67937
14868,28.3748,44.8122,6.37051
14869,28.3797,-119.38,7.11225
14870,28.3854,-139.186,6.08105
14871,28.3858,146.284,6.19422
14872,28.3913,-121.542,7.76218
14873,28.3956,122.06,8.13666
14874,28.407,134.99,9.83585
14875,28.4074,-75.851,6.8984
14876,28.4087,-117.228,6.24324
14877,28.4091,-153.931,6.52403
14878,28.4114,62.7961,8.1686
14879,28.4115,-154.499,8.23755
14880,28.4122,174.553,8.26641
14881,28.4152,-146.919,6.00186
14882,28.421,106.24,7.18371
14883,28.4289,83.5543,9.47782
14884,28.4325,-72.844,7.06912
14885,28.4378,165.204,6.01863
14886,28.4468,-111.161,8.68719
14887,28.4584,-82.367,7.063
14888,28.4601,-167.3,8.0098
14889,28.4759,74.8601,6.22471
14890,28.4769,48.2782,9.73386
14891,28.4809,138.584,7.28047
14892,28.4903,134.758,6.01943
14893,28.4912,-121.773,6.36786
14894,28.4914,-143.353,6.53689
14895,28.4954,-139.1,8.50694
14896,28.5026,75.5871,8.42206
14897,28.5028,46.0704,6.42056
14898,28.5071,158.721,9.63695
14899,28.5092,-154.072,7.54494
14900,28.5111,-160.756,6.77834
14901,28.5133,-106.127,8.70793
14902,28.5138,111.673,6.63615
14903,28.5195,175.166,6.12655
14904,28.5196,-179.781,9.59513
14905,28.5196,-5.553,9.04686
14906,28.5256,75.2897,6.46921
14907,28.5282,170.458,7.62814
14908,28.5292,62.0626,9.98707
14909,28.5356,-107.672,9.58742
14910,28.5402,133.649,7.67422
14911,28.5438,-123.375,6.8463
14912,28.5548,-154.869,6.48279
14913,28.5549,164.603,6.62454
14914,28.5579,-122.631,6.13785
14915,28.5586,-137.935,9.49786
14916,28.562,-165.486,6.96876
14917,28.5649,123.143,8.60014
14918,28.5649,174.253,7.02909
14919,28.5656,-137.726,7.30563
14920,28.5767,-153.685,6.09409
14921,28.5784,-137.251,6.86195
14922,28.5838,164.971,6.12227
14923,28.5937,-160.359,9.23684
14924,28.5944,-155.436,7.39651
14925,28.5954,-99.603,6.33892
14926,28.5959,72.0432,6.81442
14927,28.5966,-158.456,8.91668
14928,28.5982,163.009,7.19308
14929,28.6009,-114.261,6.81158
14930,28.6021,-80.069,6.94395
14931,28.6021,110.61,7.73675
14932,28.615,-53.027,6.37212
14933,28.6179,177.185,7.09485
14934,28.6188,-140.143,9.22014
14935,28.6234,-110.99,6.89929
14936,28.6301,-168.538,7.71274
14937,28.6324,-120.411,9.31236
14938,28.6327,172.79,6.80038
14939,28.6329,-146.19,7.08285
14940,28.6356,74.318,8.33015
14941,28.6359,68.5794,7.75169
14942,28.636,-178.713,6.85963
14943,28.6415,166.901,6.17374
14944,28.6469,159.051,8.31639
14945,28.6542,-136.433,6.71085
14946,28.6572,140.177,8.57919
14947,28.6649,131.043,6.53275
14948,28.673,144.732,7.56617
14949,28.6744,109.846,7.41176
14950,28.7014,104.114,9.14721
14951,28.7023,-123.169,7.69288
14952,28.7045,-171.841,8.98241
14953,28.7047,-112.015,6.93253
14954,28.7127,-92.926,6.45503
14955,28.7162,110.753,6.5908
14956,28.7179,45.2242,8.99415
14957,28.7219,-119.678,7.77621
14958,28.728,136.533,7.1576
14959,28.7308,166.668,7.53497
14960,28.7395,-97.207,8.98021
14961,28.7424,-157.303,9.75189
14962,28.7464,-156.399,7.86206
14963,28.7522,120.92,7.34532
14964,28.7561,-45.596,9.18142
14965,28.7599,147.359,7.50481
14966,28.7615,-138.512,6.58583
14967,28.7721,-139.062,6.12437
14968,28.7731,-176.272,7.32516
14969,28.7796,166.292,7.38325
14970,28.7832,-106.729,7.78492
14971,28.7919,155.562,6.81993
14972,28.7934,-179.275,8.08908
14973,28.7946,133.803,8.84469
14974,28.7966,75.8579,9.07642
14975,28.8038,-174.959,6.69923
14976,28.8089,-138.129,8.94313
14977,28.814,-131.937,8.56388
14978,28.8171,42.0726,8.92357
14979,28.8171,69.185,7.01847
14980,28.8174,129.551,7.68548
14981,28.8183,-161.724,7.96702
14982,28.8278,-124.964,6.71128
14983,28.828,-106.846,9.16143
14984,28.8316,163.622,7.47145
14985,28.8353,107.142,6.65604
14986,28.8373,-159.676,8.15245
14987,28.8421,-138.75,7.91732
14988,28.8509,69.6751,6.50429
14989,28.8512,94.4265,7.34476
14990,28.8551,-149.2,7.96543
14991,28.8603,-175.524,9.54026
14992,28.8613,123.363,6.26437
14993,28.8635,91.2227,6.48465
14994,28.8648,-98.997,7.1095
14995,28.8684,162.017,6.09665
14996,28.8709,-103.228,7.43978
14997,28.8723,-154.668,8.7767
14998,28.8729,-111.698,9.10138
14999,28.8813,-143.134,6.48316
15000,28.8847,-73.942,7.10813
15001,28.8853,-107.53,8.28215
15002,28.8913,30.7823,8.93506
15003,28.9029,-159.429,6.13955
15004,28.9221,122.022,7.76905
15005,28.9284,68.744,6.44752
15006,28.9313,-167.243,6.63494
15007,28.9398,85.7675,6.50928
15008,28.9399,-109.959,9.20069
15009,28.9457,159.213,6.32512
15010,28.9554,168.528,9.07665
15011,28.9573,-90.59,6.24044
15012,28.9641,-60.104,6.65069
15013,28.9671,-115.038,8.09576
15014,28.9752,144.804,7.10856
15015,28.9757,124.748,8.60069
15016,28.9778,-85.975,8.64908
15017,28.9911,170.601,9.51701
15018,28.9964,-176.666,6.56674
15019,28.9995,133.655,8.32111
15020,29.0068,-139.536,9.73415
15021,29.014,82.6009,7.37911
15022,29.0162,-86.736,6.72215
15023,29.0181,-103.758,6.3683
15024,29.0189,-111.202,6.10069
15025,29.023,141.884,7.29878
15026,29.0243,133.993,6.70786
15027,29.0321,-143.807,6.73268
15028,29.0412,75.2038,9.32078
15029,29.0464,-159.328,8.93057
15030,29.0528,92.7672,8.13087
15031,29.0561,94.0068,6.0406
15032,29.0568,39.2117,8.08214
15033,29.0609,135.816,9.50651
15034,29.061,-159.82,8.47316
15035,29.0622,-161.617,7.37005
15036,29.0627,-146.655,9.44264
15037,29.063,174.184,7.24623
15038,29.0681,-168.124,8.61847
15039,29.0683,-155.31,7.0623
15040,29.0751,-32.533,6.12371
15041,29.0836,75.8971,6.67189
15042,29.0839,-105.878,8.9338
15043,29.0876,105.764,6.2788
15044,29.0915,-138.238,8.10924
15045,29.0939,-157.674,8.7005
15046,29.097,-104.242,6.29839
15047,29.1014,-156.061,6.61249
15048,29.121,-105.251,8.37793
15049,29.1245,-61.707,7.49524
15050,29.1246,136.839,9.85759
15051,29.1318,-148.083,8.61576
15052,29.1321,-141.769,6.45518
15053,29.1397,-124.058,7.48072
15054,29.14,-156.169,6.43965
15055,29.1406,-104.92,7.29571
15056,29.1444,109.431,8.55577
15057,29.1465,-121.089,8.96319
15058,29.1522,-86.934,6.35545
15059,29.1538,-175.023,7.6186
15060,29.1541,91.6176,8.58464
15061,29.1548,106.161,7.08421
15062,29.1559,149.978,6.61414
15063,29.156,115.973,6.98688
15064,29.1613,-139.292,7.60177
15065,29.1659,-79.766,6.40027
15066,29.1674,67.503,7.28054
15067,29.1737,116.783,6.04899
15068,29.1795,134.573,6.04555
15069,29.1855,132.495,7.22395
15070,29.19,125.746,7.51971
15071,29.1942,76.8503,6.66039
15072,29.1945,42.7365,6.54234
15073,29.1982,-105.488,8.50349
15074,29.2183,-119.389,7.88309
15075,29.2209,130.305,9.13045
15076,29.2215,-152.142,8.56856
15077,29.223,76.0007,6.74602
15078,29.2241,50.9616,8.78442
15079,29.2262,95.4717,6.24084
15080,29.2282,147.251,8.40252
15081,29.2382,-105.898,6.6191
15082,29.243,125.47,9.82937
15083,29.2432,163.697,9.07777
15084,29.2443,130.844,6.68488
15085,29.249,91.417,9.75515
15086,29.2588,176.129,8.04741
15087,29.2625,129.152,6.02228
15088,29.2631,41.4304,8.81025
15089,29.2732,75.4705,8.33711
15090,29.2773,-118.988,7.94388
15091,29.287,121.764,9.83605
15092,29.296,80.1551,8.46181
15093,29.3025,108.577,8.43638
15094,29.3083,167.904,6.6862
15095,29.3234,-120.471,7.18146
15096,29.336,-165.428,6.33655
15097,29.3381,41.0438,8.06095
15098,29.3421,-158.973,6.90752
15099,29.3475,-159.186,9.95568
15100,29.3481,139.406,6.1762
15101,29.3688,174.661,7.16958
15102,29.3704,-159.545,6.2029
15103,29.3768,-165.059,7.17824
15104,29.3775,-179.96,7.77462
15105,29.3865,-139.547,9.82466
15106,29.3893,163.41,8.45497
15107,29.3895,-118.086,7.00485
15108,29.4045,109.226,6.43848
15109,29.4112,-98.819,7.00237
15110,29.4119,175.56,8.38027
15111,29.412,-120.981,8.03149
15112,29.4149,40.1382,7.35682
15113,29.4205,-110.87,8.43452
15114,29.4252,-134.297,9.9387
15115,29.4329,-150.228,8.64645
15116,29.433,-114.992,8.94948
15117,29.4428,-117.227,7.51836
15118,29.4466,175.237,6.33264
15119,29.4562,173.567,7.52536
15120,29.4603,38.2871,7.7813
15121,29.4604,130.343,8.84077
15122,29.4656,58.9544,7.56205
15123,29.4676,165.238,7.51227
15124,29.4688,155.384,6.72646
15125,29.4714,-112.79,9.96733
15126,29.4759,-142.842,6.53294
15127,29.4772,-171.572,6.79682
15128,29.479,126.094,6.52724
15129,29.4848,172.949,6.21741
15130,29.4852,105.868,8.42562
15131,29.4884,-162.604,6.32576
15132,29.4919,-159.445,7.17802
15133,29.5008,-114.544,6.64801
15134,29.5079,-139.901,7.52165
15135,29.5089,-144.358,6.14019
15136,29.5093,108.57,7.95128
15137,29.5192,-102.622,8.97063
15138,29.5215,-100.859,6.17941
15139,29.5314,-143.873,7.29085
15140,29.5372,-108.338,8.45939
15141,29.5406,-173.978,8.31728
15142,29.5449,102.133,7.40821
15143,29.5452,178.518,7.76312
15144,29.5562,137.85,7.41088
15145,29.5673,-53.073,6.23584
15146,29.571,-125.448,9.99547
15147,29.573,-178.025,6.11233
15148,29.5825,127.253,8.11198
15149,29.5924,107.898,6.06328
15150,29.5926,84.6623,6.12857
15151,29.5979,-139.751,6.39036
15152,29.6033,-84.53,6.34723
15153,29.6058,-82.183,9.44051
15154,29.6062,71.0421,7.65364
15155,29.6096,146.585,8.56942
15156,29.6175,148.995,7.70249
15157,29.6262,-118.052,6.61803
15158,29.6325,129.589,9.54755
15159,29.6355,59.6312,6.08751
15160,29.6389,-121.853,7.77892
15161,29.6415,-111.934,6.22871
15162,29.6484,104.674,6.08442
15163,29.6631,-158.663,7.5644
15164,29.6693,109.293,6.546
15165,29.6717,-139.983,6.28133
15166,29.6734,-156.492,6.94095
15167,29.676,144.361,8.17209
15168,29.6766,123.043,6.94208
15169,29.6829,-159.368,6.01065
15170,29.6894,-76.662,8.46726
15171,29.6994,45.1129,8.28404
15172,29.7002,21.0329,6.20172
15173,29.7062,-141.349,6.20077
15174,29.7112,-74.905,6.07158
15175,29.7184,145.754,8.4934
15176,29.7399,110.796,7.88541
15177,29.7419,-53.208,9.60179
15178,29.7428,133.289,8.91608
15179,29.7471,110.398,7.08638
15180,29.7544,106.423,6.61715
15181,29.7674,165.378,6.45686
15182,29.7677,132.077,6.05774
15183,29.7684,155.56,8.44473
15184,29.7868,140.841,6.45145
15185,29.7907,127.856,7.32018
15186,29.7984,134.875,9.30746
15187,29.8001,-113.547,6.17364
15188,29.8059,139.436,7.42088
15189,29.8125,146.306,7.73594
15190,29.8189,78.081,7.63405
15191,29.8191,138.05,7.4939
15192,29.8254,-92.418,7.02172
15193,29.8432,-118.479,9.49699
15194,29.8469,-93.186,7.33739
15195,29.848,-76.837,9.67333
15196,29.8507,129.568,6.93671
15197,29.8546,-167.64,7.35795
15198,29.86,111.176,7.08112
15199,29.8616,-105.973,7.10877
15200,29.8635,105.85,8.41253
15201,29.8662,-123.783,9.36714
15202,29.8676,132.875,7.21188
15203,29.8681,171.084,7.43081
15204,29.8724,-134.033,8.16934
15205,29.8726,-167.201,6.66701
15206,29.8839,-41.664,9.50755
15207,29.8851,177.735,7.55971
15208,29.9038,-84.186,6.79152
15209,29.9082,-178.077,6.05263
15210,29.909,-140.496,9.51112
15211,29.9124,127.614,7.39441
15212,29.9209,-175.979,8.78836
15213,29.927,-121.219,9.88502
15214,29.9407,155.522,6.31377
15215,29.945,173.636,8.42149
15216,29.9508,-115.976,6.3577
15217,29.9561,162.194,9.4703
15218,29.9563,86.9993,7.63025
15219,29.9657,-92.855,9.99926
15220,29.9664,-134.92,8.68861
15221,29.9708,111.462,9.49457
15222,29.9761,-170.454,8.19999
15223,29.9769,129.706,6.78318
15224,29.9795,105.171,8.1285
15225,29.9824,145.651,6.10515
15226,29.9852,-1.928,8.54468
